2025-07-15 02:08:29,572 [INFO] Activator:176 - 


2025-07-15 02:08:29,578 [INFO] Activator:177 - !SESSION log4j initialized
2025-07-15 02:08:35,979 [INFO] LogOutputStream:77 - [STDOUT_REDIRECT] 
2025-07-15 02:08:37,064 [INFO] ApplicationProperties:184 - Using Application install path: C:\ST\STM32CubeIDE_1.19.0\STM32CubeIDE\plugins\com.st.stm32cube.common.mx_6.15.0.202507011659
2025-07-15 02:08:37,085 [INFO] DbMcusXml:78 - Set database path to: C:\ST\STM32CubeIDE_1.19.0\STM32CubeIDE\plugins\com.st.stm32cube.common.mx_6.15.0.202507011659\\db\/mcu/
2025-07-15 02:08:37,085 [INFO] ApiDb:274 - Set plugin database path to: C:\ST\STM32CubeIDE_1.19.0\STM32CubeIDE\plugins\com.st.stm32cube.common.mx_6.15.0.202507011659\\db\/plugins/boardmanager/
2025-07-15 02:08:37,086 [WARN] ApiDb:259 - Overriding images path with different value:  => C:\ST\STM32CubeIDE_1.19.0\STM32CubeIDE\plugins\com.st.stm32cube.common.mx_6.15.0.202507011659\\db\/plugins/mcufinder/images/
2025-07-15 02:08:37,096 [INFO] ApiDb:250 - Set database path to: C:\Users\Administrator\.stmcufinder\plugins\mcufinder//mcu/
2025-07-15 02:08:37,097 [INFO] DbMcusAds:125 - Set database path to: C:\Users\Administrator\.stmcufinder\plugins\mcufinder//mcu/
2025-07-15 02:08:37,100 [INFO] CrossReferenceDbSqlite:203 - Set database path to: C:\Users\Administrator\.stmcufinder\plugins\mcufinder//mcu/cs/
2025-07-15 02:08:37,235 [INFO] RulesReader:64 - Compatibility file has been processed (317 Rules)
2025-07-15 02:08:37,339 [INFO] DbMcusXml:78 - Set database path to: C:\ST\STM32CubeIDE_1.19.0\STM32CubeIDE\plugins\com.st.stm32cube.common.mx_6.15.0.202507011659\\db\/mcu/
2025-07-15 02:08:37,340 [INFO] ApiDb:274 - Set plugin database path to: C:\ST\STM32CubeIDE_1.19.0\STM32CubeIDE\plugins\com.st.stm32cube.common.mx_6.15.0.202507011659\\db\/plugins/boardmanager/
2025-07-15 02:08:37,340 [INFO] ApiDb:261 - Set plugin images path to: C:\ST\STM32CubeIDE_1.19.0\STM32CubeIDE\plugins\com.st.stm32cube.common.mx_6.15.0.202507011659\\db\/plugins/mcufinder/images/
2025-07-15 02:08:37,340 [WARN] DbFile:41 - Overriding database path with different value: C:\Users\Administrator\.stmcufinder\plugins\mcufinder/ => C:\Users\Administrator\.stmcufinder\plugins\mcufinder
2025-07-15 02:08:37,340 [INFO] ApiDb:250 - Set database path to: C:\Users\Administrator\.stmcufinder\plugins\mcufinder//mcu/
2025-07-15 02:08:37,340 [WARN] DbFile:41 - Overriding database path with different value: C:\Users\Administrator\.stmcufinder\plugins\mcufinder/ => C:\Users\Administrator\.stmcufinder\plugins\mcufinder
2025-07-15 02:08:37,341 [INFO] DbMcusAds:125 - Set database path to: C:\Users\Administrator\.stmcufinder\plugins\mcufinder//mcu/
2025-07-15 02:08:37,341 [WARN] DbFile:41 - Overriding database path with different value: C:\Users\Administrator\.stmcufinder\plugins\mcufinder/ => C:\Users\Administrator\.stmcufinder\plugins\mcufinder
2025-07-15 02:08:37,341 [WARN] DbFile:41 - Overriding database path with different value: C:\Users\Administrator\.stmcufinder\plugins\mcufinder/ => C:\Users\Administrator\.stmcufinder\plugins\mcufinder
2025-07-15 02:08:37,341 [INFO] CrossReferenceDbSqlite:203 - Set database path to: C:\Users\Administrator\.stmcufinder\plugins\mcufinder//mcu/cs/
2025-07-15 02:08:37,427 [INFO] MainPanel:274 - HeapMemory: 268435456
2025-07-15 02:08:37,612 [INFO] DbMcusXml:78 - Set database path to: C:\ST\STM32CubeIDE_1.19.0\STM32CubeIDE\plugins\com.st.stm32cube.common.mx_6.15.0.202507011659\\db\/mcu/
2025-07-15 02:08:37,612 [INFO] ApiDb:274 - Set plugin database path to: C:\ST\STM32CubeIDE_1.19.0\STM32CubeIDE\plugins\com.st.stm32cube.common.mx_6.15.0.202507011659\\db\/plugins/boardmanager/
2025-07-15 02:08:37,612 [INFO] ApiDb:261 - Set plugin images path to: C:\ST\STM32CubeIDE_1.19.0\STM32CubeIDE\plugins\com.st.stm32cube.common.mx_6.15.0.202507011659\\db\/plugins/mcufinder/images/
2025-07-15 02:08:37,612 [WARN] DbFile:41 - Overriding database path with different value: C:\Users\Administrator\.stmcufinder\plugins\mcufinder/ => C:\Users\Administrator\.stmcufinder\plugins\mcufinder
2025-07-15 02:08:37,613 [INFO] ApiDb:250 - Set database path to: C:\Users\Administrator\.stmcufinder\plugins\mcufinder//mcu/
2025-07-15 02:08:37,613 [WARN] DbFile:41 - Overriding database path with different value: C:\Users\Administrator\.stmcufinder\plugins\mcufinder/ => C:\Users\Administrator\.stmcufinder\plugins\mcufinder
2025-07-15 02:08:37,613 [INFO] DbMcusAds:125 - Set database path to: C:\Users\Administrator\.stmcufinder\plugins\mcufinder//mcu/
2025-07-15 02:08:37,613 [WARN] DbFile:41 - Overriding database path with different value: C:\Users\Administrator\.stmcufinder\plugins\mcufinder/ => C:\Users\Administrator\.stmcufinder\plugins\mcufinder
2025-07-15 02:08:37,613 [WARN] DbFile:41 - Overriding database path with different value: C:\Users\Administrator\.stmcufinder\plugins\mcufinder/ => C:\Users\Administrator\.stmcufinder\plugins\mcufinder
2025-07-15 02:08:37,613 [INFO] CrossReferenceDbSqlite:203 - Set database path to: C:\Users\Administrator\.stmcufinder\plugins\mcufinder//mcu/cs/
2025-07-15 02:08:37,635 [INFO] ApplicationProperties:184 - Using Application install path: C:\ST\STM32CubeIDE_1.19.0\STM32CubeIDE\plugins\com.st.stm32cube.common.mx_6.15.0.202507011659
2025-07-15 02:08:37,636 [INFO] PluginManage:196 - Search for loadable plugins [exclusion list=, ]
2025-07-15 02:08:37,638 [INFO] PluginManage:310 - Check plugin analytics
2025-07-15 02:08:37,834 [INFO] AnalyticsPlugin:253 - Accepted Software Licenses: STM32CubeMX.6.15.0
2025-07-15 02:08:37,835 [INFO] AnalyticsPlugin:255 - Accepted CMSIS Pack Licenses: 
2025-07-15 02:08:37,835 [INFO] AnalyticsPlugin:257 - Accepted Firmware Licenses: 
2025-07-15 02:08:37,838 [INFO] PluginManage:359 - Loaded plugin analytics (category:tool,tabindex:-1)
2025-07-15 02:08:37,838 [INFO] PluginManage:310 - Check plugin cadmodel
2025-07-15 02:08:37,844 [INFO] CADModel:105 - Init CAD model plugin
2025-07-15 02:08:37,845 [INFO] PluginManage:359 - Loaded plugin cadmodel (category:power,tabindex:5)
2025-07-15 02:08:37,845 [INFO] PluginManage:310 - Check plugin clock
2025-07-15 02:08:37,856 [INFO] PluginManage:359 - Loaded plugin clock (category:base,tabindex:2)
2025-07-15 02:08:37,856 [INFO] PluginManage:310 - Check plugin ddr
2025-07-15 02:08:37,859 [INFO] PluginManage:359 - Loaded plugin ddr (category:tool,tabindex:6)
2025-07-15 02:08:37,859 [INFO] PluginManage:310 - Check plugin filemanager
2025-07-15 02:08:38,045 [INFO] PluginManage:359 - Loaded plugin filemanager (category:base,tabindex:10)
2025-07-15 02:08:38,045 [INFO] PluginManage:310 - Check plugin ipmanager
2025-07-15 02:08:38,053 [INFO] PluginManage:359 - Loaded plugin ipmanager (category:base,tabindex:5)
2025-07-15 02:08:38,053 [INFO] PluginManage:310 - Check plugin lpbam
2025-07-15 02:08:38,062 [INFO] PluginManage:359 - Loaded plugin lpbam (category:base,tabindex:0)
2025-07-15 02:08:38,062 [INFO] PluginManage:310 - Check plugin memorymap
2025-07-15 02:08:38,078 [INFO] PluginManage:359 - Loaded plugin memorymap (category:base,tabindex:4)
2025-07-15 02:08:38,078 [INFO] PluginManage:310 - Check plugin pinoutandconfiguration
2025-07-15 02:08:38,090 [INFO] PluginManage:359 - Loaded plugin pinoutandconfiguration (category:base,tabindex:1)
2025-07-15 02:08:38,090 [INFO] PluginManage:310 - Check plugin pinoutconfig
2025-07-15 02:08:38,198 [WARN] SupportedApi:132 - Cannot load RTOS API schema: s4s-elt-must-match.1: The content of 'definitions' must match (annotation?, (simpleType | complexType)?, (unique | key | keyref)*)). A problem was found starting at: attribute.
2025-07-15 02:08:38,363 [INFO] PluginManage:359 - Loaded plugin pinoutconfig (category:base,tabindex:0)
2025-07-15 02:08:38,363 [INFO] PluginManage:310 - Check plugin power
2025-07-15 02:08:38,375 [INFO] PluginManage:359 - Loaded plugin power (category:power,tabindex:4)
2025-07-15 02:08:38,375 [INFO] PluginManage:310 - Check plugin projectmanager
2025-07-15 02:08:38,394 [INFO] PluginManage:359 - Loaded plugin projectmanager (category:projectmanager,tabindex:4)
2025-07-15 02:08:38,394 [INFO] PluginManage:310 - Check plugin rif
2025-07-15 02:08:38,405 [INFO] PluginManage:359 - Loaded plugin rif (category:base,tabindex:3)
2025-07-15 02:08:38,405 [INFO] PluginManage:310 - Check plugin thirdparty
2025-07-15 02:08:38,563 [INFO] PluginManage:359 - Loaded plugin thirdparty (category:base,tabindex:-1)
2025-07-15 02:08:38,563 [WARN] IntegrityCheckThread:84 - waiting for thirdparty lock release [integrity check]
2025-07-15 02:08:38,564 [INFO] PluginManage:310 - Check plugin tools
2025-07-15 02:08:38,564 [INFO] IntegrityCheckThread:86 - entering critical section [integrity check]
2025-07-15 02:08:38,564 [INFO] ThirdPartyUpdaterWithRetryManager:70 - Updater plugin not ready yet. [1/15]
2025-07-15 02:08:38,567 [INFO] PluginManage:359 - Loaded plugin tools (category:base,tabindex:7)
2025-07-15 02:08:38,567 [INFO] PluginManage:310 - Check plugin tutovideos
2025-07-15 02:08:38,819 [INFO] PluginManage:359 - Loaded plugin tutovideos (category:base,tabindex:-1)
2025-07-15 02:08:38,819 [INFO] PluginManage:310 - Check plugin updater
2025-07-15 02:08:38,846 [INFO] PluginManage:359 - Loaded plugin updater (category:base,tabindex:12)
2025-07-15 02:08:38,846 [INFO] PluginManage:310 - Check plugin userauth
2025-07-15 02:08:38,851 [INFO] UserAuth:118 - Init User Auth plugin
2025-07-15 02:08:38,852 [INFO] PluginManage:359 - Loaded plugin userauth (category:base,tabindex:14)
2025-07-15 02:08:38,852 [INFO] PluginManage:283 - PluginManage : Loaded plugins [18]
2025-07-15 02:08:39,091 [INFO] PinOutPanel:1589 - setPackage(No Configuration,No Configuration)
2025-07-15 02:08:39,197 [INFO] CADModel:165 - CPN selected for project level
2025-07-15 02:08:39,197 [INFO] CADModel:114 - Register for checkConnection events
2025-07-15 02:08:39,217 [INFO] IPUIPlugin:80 - create IPUIPlugin
2025-07-15 02:08:39,217 [INFO] PluginManager:220 - loadIPPluginJar : add adc
2025-07-15 02:08:39,221 [INFO] IPUIPlugin:80 - create IPUIPlugin
2025-07-15 02:08:39,221 [INFO] PluginManager:220 - loadIPPluginJar : add aes
2025-07-15 02:08:39,224 [INFO] IPUIPlugin:80 - create IPUIPlugin
2025-07-15 02:08:39,224 [INFO] PluginManager:220 - loadIPPluginJar : add can
2025-07-15 02:08:39,226 [INFO] IPUIPlugin:80 - create IPUIPlugin
2025-07-15 02:08:39,226 [INFO] PluginManager:220 - loadIPPluginJar : add comp
2025-07-15 02:08:39,228 [INFO] IPUIPlugin:80 - create IPUIPlugin
2025-07-15 02:08:39,229 [INFO] PluginManager:220 - loadIPPluginJar : add cryp
2025-07-15 02:08:39,232 [INFO] IPUIPlugin:80 - create IPUIPlugin
2025-07-15 02:08:39,232 [INFO] PluginManager:220 - loadIPPluginJar : add ddr_ctrl_phy
2025-07-15 02:08:39,235 [INFO] IPUIPlugin:80 - create IPUIPlugin
2025-07-15 02:08:39,235 [INFO] PluginManager:220 - loadIPPluginJar : add dfsdm
2025-07-15 02:08:39,241 [INFO] IPUIPlugin:80 - create IPUIPlugin
2025-07-15 02:08:39,241 [INFO] PluginManager:220 - loadIPPluginJar : add dma
2025-07-15 02:08:39,244 [INFO] IPUIPlugin:80 - create IPUIPlugin
2025-07-15 02:08:39,244 [INFO] PluginManager:220 - loadIPPluginJar : add dma3
2025-07-15 02:08:39,247 [INFO] IPUIPlugin:80 - create IPUIPlugin
2025-07-15 02:08:39,248 [INFO] PluginManager:220 - loadIPPluginJar : add extmemmanager
2025-07-15 02:08:39,249 [INFO] IPUIPlugin:80 - create IPUIPlugin
2025-07-15 02:08:39,250 [INFO] PluginManager:220 - loadIPPluginJar : add fatfs
2025-07-15 02:08:39,254 [INFO] IPUIPlugin:80 - create IPUIPlugin
2025-07-15 02:08:39,254 [INFO] PluginManager:220 - loadIPPluginJar : add fmc
2025-07-15 02:08:39,261 [INFO] IPUIPlugin:80 - create IPUIPlugin
2025-07-15 02:08:39,261 [INFO] PluginManager:220 - loadIPPluginJar : add freertos
2025-07-15 02:08:39,263 [INFO] IPUIPlugin:80 - create IPUIPlugin
2025-07-15 02:08:39,263 [INFO] PluginManager:220 - loadIPPluginJar : add genericplugin
2025-07-15 02:08:39,265 [INFO] IPUIPlugin:80 - create IPUIPlugin
2025-07-15 02:08:39,265 [INFO] PluginManager:220 - loadIPPluginJar : add gfxmmu
2025-07-15 02:08:39,270 [INFO] IPUIPlugin:80 - create IPUIPlugin
2025-07-15 02:08:39,271 [INFO] PluginManager:220 - loadIPPluginJar : add gic
2025-07-15 02:08:39,275 [INFO] IPUIPlugin:80 - create IPUIPlugin
2025-07-15 02:08:39,275 [INFO] PluginManager:220 - loadIPPluginJar : add gpio
2025-07-15 02:08:39,278 [INFO] IPUIPlugin:80 - create IPUIPlugin
2025-07-15 02:08:39,278 [INFO] PluginManager:220 - loadIPPluginJar : add gtzc
2025-07-15 02:08:39,281 [INFO] IPUIPlugin:80 - create IPUIPlugin
2025-07-15 02:08:39,281 [INFO] PluginManager:220 - loadIPPluginJar : add hash
2025-07-15 02:08:39,284 [INFO] IPUIPlugin:80 - create IPUIPlugin
2025-07-15 02:08:39,284 [INFO] PluginManager:220 - loadIPPluginJar : add i2c
2025-07-15 02:08:39,287 [INFO] IPUIPlugin:80 - create IPUIPlugin
2025-07-15 02:08:39,287 [INFO] PluginManager:220 - loadIPPluginJar : add i2s
2025-07-15 02:08:39,290 [INFO] IPUIPlugin:80 - create IPUIPlugin
2025-07-15 02:08:39,290 [INFO] PluginManager:220 - loadIPPluginJar : add i3c
2025-07-15 02:08:39,293 [INFO] IPUIPlugin:80 - create IPUIPlugin
2025-07-15 02:08:39,294 [INFO] PluginManager:220 - loadIPPluginJar : add ipddr
2025-07-15 02:08:39,301 [INFO] IPUIPlugin:80 - create IPUIPlugin
2025-07-15 02:08:39,301 [INFO] PluginManager:220 - loadIPPluginJar : add linkedlist
2025-07-15 02:08:39,304 [INFO] IPUIPlugin:80 - create IPUIPlugin
2025-07-15 02:08:39,304 [INFO] PluginManager:220 - loadIPPluginJar : add lorawan
2025-07-15 02:08:39,306 [INFO] IPUIPlugin:80 - create IPUIPlugin
2025-07-15 02:08:39,306 [INFO] PluginManager:220 - loadIPPluginJar : add ltdc
2025-07-15 02:08:39,312 [INFO] IPUIPlugin:80 - create IPUIPlugin
2025-07-15 02:08:39,312 [INFO] PluginManager:220 - loadIPPluginJar : add mdma
2025-07-15 02:08:39,316 [INFO] IPUIPlugin:80 - create IPUIPlugin
2025-07-15 02:08:39,316 [INFO] PluginManager:220 - loadIPPluginJar : add nvic
2025-07-15 02:08:39,319 [INFO] IPUIPlugin:80 - create IPUIPlugin
2025-07-15 02:08:39,319 [INFO] PluginManager:220 - loadIPPluginJar : add opamp
2025-07-15 02:08:39,323 [INFO] IPUIPlugin:80 - create IPUIPlugin
2025-07-15 02:08:39,323 [INFO] PluginManager:220 - loadIPPluginJar : add openamp
2025-07-15 02:08:39,327 [INFO] IPUIPlugin:80 - create IPUIPlugin
2025-07-15 02:08:39,327 [INFO] PluginManager:220 - loadIPPluginJar : add pdm2pcm
2025-07-15 02:08:39,333 [INFO] IPUIPlugin:80 - create IPUIPlugin
2025-07-15 02:08:39,336 [INFO] PluginManager:220 - loadIPPluginJar : add plateformsettings
2025-07-15 02:08:39,338 [INFO] IPUIPlugin:80 - create IPUIPlugin
2025-07-15 02:08:39,338 [INFO] PluginManager:220 - loadIPPluginJar : add quadspi
2025-07-15 02:08:39,340 [INFO] IPUIPlugin:80 - create IPUIPlugin
2025-07-15 02:08:39,341 [INFO] PluginManager:220 - loadIPPluginJar : add radio
2025-07-15 02:08:39,345 [INFO] IPUIPlugin:80 - create IPUIPlugin
2025-07-15 02:08:39,345 [INFO] PluginManager:220 - loadIPPluginJar : add resmgrutility
2025-07-15 02:08:39,349 [INFO] IPUIPlugin:80 - create IPUIPlugin
2025-07-15 02:08:39,349 [INFO] PluginManager:220 - loadIPPluginJar : add sai
2025-07-15 02:08:39,352 [INFO] IPUIPlugin:80 - create IPUIPlugin
2025-07-15 02:08:39,352 [INFO] PluginManager:220 - loadIPPluginJar : add spi
2025-07-15 02:08:39,359 [INFO] IPUIPlugin:80 - create IPUIPlugin
2025-07-15 02:08:39,359 [INFO] PluginManager:220 - loadIPPluginJar : add stm32_wpan
2025-07-15 02:08:39,361 [INFO] IPUIPlugin:80 - create IPUIPlugin
2025-07-15 02:08:39,361 [INFO] PluginManager:220 - loadIPPluginJar : add tim
2025-07-15 02:08:39,365 [INFO] IPUIPlugin:80 - create IPUIPlugin
2025-07-15 02:08:39,365 [INFO] PluginManager:220 - loadIPPluginJar : add touchsensing
2025-07-15 02:08:39,367 [INFO] IPUIPlugin:80 - create IPUIPlugin
2025-07-15 02:08:39,367 [INFO] PluginManager:220 - loadIPPluginJar : add tracer_emb
2025-07-15 02:08:39,370 [INFO] IPUIPlugin:80 - create IPUIPlugin
2025-07-15 02:08:39,370 [INFO] PluginManager:220 - loadIPPluginJar : add ts
2025-07-15 02:08:39,372 [INFO] IPUIPlugin:80 - create IPUIPlugin
2025-07-15 02:08:39,372 [INFO] PluginManager:220 - loadIPPluginJar : add tsc
2025-07-15 02:08:39,374 [INFO] IPUIPlugin:80 - create IPUIPlugin
2025-07-15 02:08:39,374 [INFO] PluginManager:220 - loadIPPluginJar : add ucpd
2025-07-15 02:08:39,377 [INFO] IPUIPlugin:80 - create IPUIPlugin
2025-07-15 02:08:39,377 [INFO] PluginManager:220 - loadIPPluginJar : add usart
2025-07-15 02:08:39,380 [INFO] IPUIPlugin:80 - create IPUIPlugin
2025-07-15 02:08:39,380 [INFO] PluginManager:220 - loadIPPluginJar : add usbx
2025-07-15 02:08:39,522 [FATAL] Updater:351 - Updater called before beeing initialized
2025-07-15 02:08:39,578 [INFO] RulesReader:64 - Compatibility file has been processed (317 Rules)
2025-07-15 02:08:39,595 [INFO] RulesReader:64 - Compatibility file has been processed (317 Rules)
2025-07-15 02:08:39,605 [INFO] CADModel:165 - CPN selected for project level
2025-07-15 02:08:39,605 [INFO] CADModel:114 - Register for checkConnection events
2025-07-15 02:08:39,605 [FATAL] Updater:351 - Updater called before beeing initialized
2025-07-15 02:08:39,605 [ERROR] CADModel:125 - Updater not yet initialized, retry later 
2025-07-15 02:08:39,787 [FATAL] Updater:351 - Updater called before beeing initialized
2025-07-15 02:08:39,790 [INFO] CADModel:165 - CPN selected for project level
2025-07-15 02:08:39,790 [INFO] CADModel:114 - Register for checkConnection events
2025-07-15 02:08:39,790 [FATAL] Updater:351 - Updater called before beeing initialized
2025-07-15 02:08:39,790 [ERROR] CADModel:125 - Updater not yet initialized, retry later 
2025-07-15 02:08:39,794 [FATAL] Updater:351 - Updater called before beeing initialized
2025-07-15 02:08:39,946 [FATAL] Updater:351 - Updater called before beeing initialized
2025-07-15 02:08:39,953 [INFO] DbMcusAds:53 - JSON generation date=Tue Jul 08 15:14:23 ICT 2025 (1751962463582)
2025-07-15 02:08:39,954 [FATAL] Updater:351 - Updater called before beeing initialized
2025-07-15 02:08:40,023 [WARN] DetailPanel:346 - Failed to get advertising image, set to default
2025-07-15 02:08:40,176 [FATAL] Updater:351 - Updater called before beeing initialized
2025-07-15 02:08:40,179 [FATAL] Updater:351 - Updater called before beeing initialized
2025-07-15 02:08:40,179 [FATAL] Updater:351 - Updater called before beeing initialized
2025-07-15 02:08:40,179 [WARN] DetailPanel:346 - Failed to get advertising image, set to default
2025-07-15 02:08:40,181 [FATAL] Updater:351 - Updater called before beeing initialized
2025-07-15 02:08:40,252 [ERROR] Updater:1198 - MainUpdater not yet initialized. External WinMGr cannot be set.
2025-07-15 02:08:40,255 [INFO] Updater:1134 - Updater Version found : 6.15.0
2025-07-15 02:08:40,275 [INFO] ApplicationProperties:184 - Using Application install path: C:\ST\STM32CubeIDE_1.19.0\STM32CubeIDE\plugins\com.st.stm32cube.common.mx_6.15.0.202507011659
2025-07-15 02:08:40,699 [INFO] MainUpdater:2872 - connection check result : 10
2025-07-15 02:08:40,701 [INFO] MainUpdater:289 - Updater Check For Update Now.
2025-07-15 02:08:40,701 [INFO] MicroXplorer:498 - Change Database Version : DB.6.0.150
2025-07-15 02:08:40,712 [INFO] McuFinderGlobals:63 - Set McuFinder mode to 2 (CubeIDE integrated)
2025-07-15 02:08:40,713 [INFO] UserAuth:171 - activating auth plugin
2025-07-15 02:08:40,718 [INFO] UserAuth:487 - Internet connection configuration mode: 1
2025-07-15 02:08:40,749 [INFO] JxBrowserEngine:152 - Initiate JxBrowser Engine with user profile folder
2025-07-15 02:08:40,948 [INFO] CheckServerUpdateThread:120 - End of CheckServer Thread
2025-07-15 02:08:42,437 [WARN] PackLoader:240 - Cannot read IP mode file for STMicroelectronics.FP-SNS-MOTENVWB1.1.4.0
2025-07-15 02:08:42,448 [WARN] PackLoader:240 - Cannot read IP mode file for STMicroelectronics.FP-ATR-ASTRA1.2.0.2
2025-07-15 02:08:42,460 [WARN] PackLoader:240 - Cannot read IP mode file for STMicroelectronics.X-CUBE-SMBUS.2.1.0
2025-07-15 02:08:42,467 [WARN] PackLoader:240 - Cannot read IP mode file for STMicroelectronics.X-CUBE-ST60.1.0.0
2025-07-15 02:08:42,509 [WARN] PackLoader:240 - Cannot read IP mode file for STMicroelectronics.X-CUBE-AZRTOS-F7.1.1.0
2025-07-15 02:08:42,556 [WARN] PackLoader:240 - Cannot read IP mode file for Infineon.AIROC-Wi-Fi-Bluetooth-STM32.1.7.1
2025-07-15 02:08:42,558 [INFO] WebApp:169 - Instantiating new browser for Auth
2025-07-15 02:08:42,630 [WARN] PackLoader:240 - Cannot read IP mode file for STMicroelectronics.X-CUBE-AZRTOS-H7.3.4.0
2025-07-15 02:08:42,650 [WARN] PackLoader:240 - Cannot read IP mode file for STMicroelectronics.X-CUBE-DISPLAY.3.0.0
2025-07-15 02:08:42,668 [WARN] PackLoader:240 - Cannot read IP mode file for STMicroelectronics.X-CUBE-NFC10.1.0.0
2025-07-15 02:08:42,683 [WARN] PackLoader:240 - Cannot read IP mode file for STMicroelectronics.X-CUBE-BLEMGR.4.0.0
2025-07-15 02:08:42,693 [WARN] PackLoader:240 - Cannot read IP mode file for emotas.I-CUBE-CANOPEN.1.3.0
2025-07-15 02:08:42,699 [WARN] ConditionMgr:438 - getConditionDescription Invalid condition id : Cortex-A Device cause : null
2025-07-15 02:08:42,714 [WARN] ConditionMgr:1044 - genDependencies : Invalid condition id : Cortex-A Device cause : null
2025-07-15 02:08:42,715 [WARN] ConditionMgr:1044 - genDependencies : Invalid condition id : Cortex-A Device cause : null
2025-07-15 02:08:42,715 [WARN] ConditionMgr:1044 - genDependencies : Invalid condition id : Cortex-A Device cause : null
2025-07-15 02:08:42,720 [WARN] PackLoader:240 - Cannot read IP mode file for STMicroelectronics.FP-SNS-SMARTAG2.1.2.0
2025-07-15 02:08:42,725 [WARN] PackLoader:240 - Cannot read IP mode file for STMicroelectronics.FP-SNS-FLIGHT1.5.1.0
2025-07-15 02:08:42,735 [INFO] LogOutputStream:77 - [STDOUT_REDIRECT] 1 : Invalid condition id : UX_CORESTACK_Condition cause : null
2025-07-15 02:08:42,736 [INFO] LogOutputStream:77 - [STDOUT_REDIRECT] 1 : Invalid condition id : UX_CORESTACK_Condition cause : null
2025-07-15 02:08:42,738 [INFO] LogOutputStream:77 - [STDOUT_REDIRECT] 1 : Invalid condition id : UX_CORESTACK_Condition cause : null
2025-07-15 02:08:42,740 [INFO] LogOutputStream:77 - [STDOUT_REDIRECT] 1 : Invalid condition id : UX_CORESTACK_Condition cause : null
2025-07-15 02:08:42,743 [INFO] LogOutputStream:77 - [STDOUT_REDIRECT] 1 : Invalid condition id : UX_CORESTACK_Condition cause : null
2025-07-15 02:08:42,746 [WARN] PackLoader:240 - Cannot read IP mode file for STMicroelectronics.X-CUBE-AZRTOS-WL.2.0.0
2025-07-15 02:08:42,753 [WARN] PackLoader:240 - Cannot read IP mode file for STMicroelectronics.FP-SNS-MOTENV1.5.0.0
2025-07-15 02:08:42,763 [WARN] PackLoader:240 - Cannot read IP mode file for WES.I-CUBE-Cesium.1.3.0
2025-07-15 02:08:42,769 [WARN] PackLoader:240 - Cannot read IP mode file for STMicroelectronics.X-CUBE-BLE2.3.3.0
2025-07-15 02:08:42,776 [WARN] PackLoader:240 - Cannot read IP mode file for STMicroelectronics.X-CUBE-NFC9.1.0.0
2025-07-15 02:08:42,784 [WARN] PackLoader:240 - Cannot read IP mode file for wolfSSL.I-CUBE-wolfSSL.5.8.0
2025-07-15 02:08:42,790 [WARN] PackLoader:240 - Cannot read IP mode file for STMicroelectronics.X-CUBE-BLE1.7.1.0
2025-07-15 02:08:42,795 [WARN] PackLoader:240 - Cannot read IP mode file for wolfSSL.I-CUBE-wolfMQTT.1.19.2
2025-07-15 02:08:42,802 [WARN] PackLoader:240 - Cannot read IP mode file for STMicroelectronics.X-CUBE-EEPRMA1.5.2.0
2025-07-15 02:08:42,809 [WARN] PackLoader:240 - Cannot read IP mode file for STMicroelectronics.X-CUBE-AI.10.1.0
2025-07-15 02:08:42,825 [WARN] PackLoader:240 - Cannot read IP mode file for STMicroelectronics.X-CUBE-AZRTOS-G0.1.1.0
2025-07-15 02:08:42,835 [WARN] PackLoader:240 - Cannot read IP mode file for STMicroelectronics.X-CUBE-SAFEA1.1.2.2
2025-07-15 02:08:42,843 [WARN] PackLoader:240 - Cannot read IP mode file for STMicroelectronics.X-CUBE-NFC4.3.0.0
2025-07-15 02:08:42,854 [WARN] PackLoader:240 - Cannot read IP mode file for EmbeddedOffice.I-CUBE-FS-RTOS.1.0.1
2025-07-15 02:08:42,861 [WARN] PackLoader:240 - Cannot read IP mode file for STMicroelectronics.X-CUBE-WB05N.2.0.0
2025-07-15 02:08:42,866 [WARN] PackLoader:240 - Cannot read IP mode file for wolfSSL.I-CUBE-wolfTPM.3.8.0
2025-07-15 02:08:42,873 [WARN] PackLoader:240 - Cannot read IP mode file for STMicroelectronics.X-CUBE-TCPP.4.2.0
2025-07-15 02:08:42,881 [WARN] PackLoader:240 - Cannot read IP mode file for RealThread.X-CUBE-RT-Thread_Nano.4.1.1
2025-07-15 02:08:42,886 [WARN] PackLoader:240 - Cannot read IP mode file for STMicroelectronics.FP-ATR-SIGFOX1.3.2.0
2025-07-15 02:08:42,893 [WARN] PackLoader:240 - Cannot read IP mode file for STMicroelectronics.X-CUBE-EEPRMA1.5.1.0
2025-07-15 02:08:42,901 [WARN] PackLoader:240 - Cannot read IP mode file for ITTIA_DB.I-CUBE-ITTIADB.8.9.0
2025-07-15 02:08:42,909 [WARN] PackLoader:240 - Cannot read IP mode file for STMicroelectronics.X-CUBE-ST67W61.1.0.0
2025-07-15 02:08:42,954 [WARN] PackLoader:240 - Cannot read IP mode file for SEGGER.I-CUBE-embOS.1.3.1
2025-07-15 02:08:43,008 [WARN] PackLoader:240 - Cannot read IP mode file for STMicroelectronics.X-CUBE-ALGOBUILD.1.4.0
2025-07-15 02:08:43,079 [WARN] PackLoader:240 - Cannot read IP mode file for STMicroelectronics.X-CUBE-MEMS1.11.3.0
2025-07-15 02:08:43,285 [WARN] PackLoader:240 - Cannot read IP mode file for STMicroelectronics.X-CUBE-PM33A1.1.0.0
2025-07-15 02:08:43,308 [WARN] PackLoader:240 - Cannot read IP mode file for STMicroelectronics.X-CUBE-AZRTOS-F4.1.1.0
2025-07-15 02:08:43,318 [WARN] PackLoader:240 - Cannot read IP mode file for STMicroelectronics.X-CUBE-ISPU.2.1.0
2025-07-15 02:08:43,327 [WARN] PackLoader:240 - Cannot read IP mode file for STMicroelectronics.X-CUBE-NFC12.1.0.0
2025-07-15 02:08:43,349 [WARN] PackLoader:240 - Cannot read IP mode file for STMicroelectronics.X-CUBE-AZRTOS-L5.2.0.0
2025-07-15 02:08:43,362 [WARN] PackLoader:240 - Cannot read IP mode file for STMicroelectronics.X-CUBE-NFC6.3.1.0
2025-07-15 02:08:43,374 [WARN] PackLoader:240 - Cannot read IP mode file for STMicroelectronics.X-CUBE-FREERTOS.1.3.1
2025-07-15 02:08:43,380 [WARN] PackLoader:240 - Cannot read IP mode file for STMicroelectronics.FP-SNS-STAIOTCFT.1.0.0
2025-07-15 02:08:43,388 [WARN] PackLoader:240 - Cannot read IP mode file for STMicroelectronics.X-CUBE-DPower.1.3.0
2025-07-15 02:08:43,414 [WARN] ConditionMgr:438 - getConditionDescription Invalid condition id : LAN8742 Phy interface Condition cause : null
2025-07-15 02:08:43,415 [WARN] PackLoader:240 - Cannot read IP mode file for STMicroelectronics.X-CUBE-AZRTOS-L4.2.0.0
2025-07-15 02:08:43,417 [WARN] ConditionMgr:1044 - genDependencies : Invalid condition id : LAN8742 Phy interface Condition cause : null
2025-07-15 02:08:43,417 [WARN] ConditionMgr:1044 - genDependencies : Invalid condition id : LAN8742 Phy interface Condition cause : null
2025-07-15 02:08:43,417 [WARN] ConditionMgr:1044 - genDependencies : Invalid condition id : LAN8742 Phy interface Condition cause : null
2025-07-15 02:08:43,428 [WARN] PackLoader:240 - Cannot read IP mode file for STMicroelectronics.X-CUBE-SFXS2LP1.4.0.0
2025-07-15 02:08:43,443 [WARN] ConditionMgr:438 - getConditionDescription Invalid condition id : UX DEVICE CLASS RTOS Condition cause : null
2025-07-15 02:08:43,443 [WARN] ConditionMgr:438 - getConditionDescription Invalid condition id : UX DEVICE CLASS RTOS Condition cause : null
2025-07-15 02:08:43,447 [WARN] PackLoader:240 - Cannot read IP mode file for STMicroelectronics.X-CUBE-AZRTOS-WB.2.0.0
2025-07-15 02:08:43,448 [WARN] ConditionMgr:1044 - genDependencies : Invalid condition id : UX DEVICE CLASS RTOS Condition cause : null
2025-07-15 02:08:43,449 [WARN] ConditionMgr:1044 - genDependencies : Invalid condition id : UX DEVICE CLASS RTOS Condition cause : null
2025-07-15 02:08:43,450 [WARN] ConditionMgr:1044 - genDependencies : Invalid condition id : UX DEVICE CLASS RTOS Condition cause : null
2025-07-15 02:08:43,451 [WARN] ConditionMgr:1044 - genDependencies : Invalid condition id : UX DEVICE CLASS RTOS Condition cause : null
2025-07-15 02:08:43,451 [WARN] ConditionMgr:1044 - genDependencies : Invalid condition id : UX DEVICE CLASS RTOS Condition cause : null
2025-07-15 02:08:43,466 [WARN] PackLoader:240 - Cannot read IP mode file for STMicroelectronics.X-CUBE-GNSS1.7.0.1
2025-07-15 02:08:43,475 [WARN] PackLoader:240 - Cannot read IP mode file for STMicroelectronics.X-CUBE-TOUCHGFX.4.25.0
2025-07-15 02:08:43,487 [WARN] PackLoader:240 - Cannot read IP mode file for STMicroelectronics.FP-SNS-STBOX1.2.0.0
2025-07-15 02:08:43,507 [WARN] PackLoader:240 - Cannot read IP mode file for STMicroelectronics.X-CUBE-SUBG2.5.0.0
2025-07-15 02:08:43,538 [WARN] PackLoader:240 - Cannot read IP mode file for STMicroelectronics.X-CUBE-AZRTOS-H7RS.1.1.0
2025-07-15 02:08:43,547 [WARN] PackLoader:240 - Cannot read IP mode file for Cesanta.I-CUBE-Mongoose.7.13.0
2025-07-15 02:08:43,566 [WARN] PackLoader:240 - Cannot read IP mode file for STMicroelectronics.X-CUBE-AZRTOS-G4.2.0.0
2025-07-15 02:08:43,574 [WARN] PackLoader:240 - Cannot read IP mode file for wolfSSL.I-CUBE-wolfSSH.1.4.20
2025-07-15 02:08:43,580 [WARN] PackLoader:240 - Cannot read IP mode file for STMicroelectronics.X-CUBE-NFC7.2.0.0
2025-07-15 02:08:43,600 [WARN] PackLoader:240 - Cannot read IP mode file for STMicroelectronics.X-CUBE-IPS.3.1.0
2025-07-15 02:08:43,613 [WARN] PackLoader:240 - Cannot read IP mode file for STMicroelectronics.X-CUBE-ALS.1.0.2
2025-07-15 02:08:43,620 [WARN] PackLoader:240 - Cannot read IP mode file for portGmbH.I-Cube-SoM-uGOAL.1.1.0
2025-07-15 02:08:43,631 [WARN] PackLoader:240 - Cannot read IP mode file for STMicroelectronics.X-CUBE-TOF1.3.4.3
2025-07-15 02:08:43,632 [INFO] WebApp:463 - Apply proxy settings
2025-07-15 02:08:43,632 [INFO] WebApp:548 - Chromium requires no authentication
2025-07-15 02:08:43,644 [INFO] ThirdParty:978 - Integrity check success = true
2025-07-15 02:08:43,644 [INFO] IntegrityCheckThread:100 - exiting critical section [integrity check]
2025-07-15 02:08:43,644 [INFO] IntegrityCheckThread:103 - End integrity checks thread
2025-07-15 02:08:43,648 [INFO] WebApp:491 - Direct internet connection detected
2025-07-15 02:08:43,682 [INFO] WebApp:900 - Register for checkConnection events
2025-07-15 02:08:43,682 [INFO] WebApp:463 - Apply proxy settings
2025-07-15 02:08:43,682 [INFO] WebApp:548 - Chromium requires no authentication
2025-07-15 02:08:43,683 [INFO] WebApp:491 - Direct internet connection detected
2025-07-15 02:08:43,864 [INFO] WebApp:191 - Connection restablished
2025-07-15 02:08:43,892 [INFO] WebApp:225 - Starting web application
2025-07-15 02:08:43,892 [INFO] WebApp:593 - Web application path used C:\ST\STM32CubeIDE_1.19.0\STM32CubeIDE\plugins\com.st.stm32cube.common.mx_6.15.0.202507011659\db\plugins\mcufinder\reactClient1\index.html
2025-07-15 09:11:39,945 [ERROR] LogOutputStream:75 - [STDERR_REDIRECT] 
2025-07-15 09:35:21,768 [INFO] Activator:176 - 


2025-07-15 09:35:21,770 [INFO] Activator:177 - !SESSION log4j initialized
2025-07-15 09:35:27,897 [INFO] LogOutputStream:77 - [STDOUT_REDIRECT] 
2025-07-15 09:35:28,824 [INFO] ApplicationProperties:184 - Using Application install path: C:\ST\STM32CubeIDE_1.19.0\STM32CubeIDE\plugins\com.st.stm32cube.common.mx_6.15.0.202507011659
2025-07-15 09:35:28,842 [INFO] DbMcusXml:78 - Set database path to: C:\ST\STM32CubeIDE_1.19.0\STM32CubeIDE\plugins\com.st.stm32cube.common.mx_6.15.0.202507011659\\db\/mcu/
2025-07-15 09:35:28,842 [INFO] ApiDb:274 - Set plugin database path to: C:\ST\STM32CubeIDE_1.19.0\STM32CubeIDE\plugins\com.st.stm32cube.common.mx_6.15.0.202507011659\\db\/plugins/boardmanager/
2025-07-15 09:35:28,843 [WARN] ApiDb:259 - Overriding images path with different value:  => C:\ST\STM32CubeIDE_1.19.0\STM32CubeIDE\plugins\com.st.stm32cube.common.mx_6.15.0.202507011659\\db\/plugins/mcufinder/images/
2025-07-15 09:35:28,849 [INFO] ApiDb:250 - Set database path to: C:\Users\Administrator\.stmcufinder\plugins\mcufinder//mcu/
2025-07-15 09:35:28,850 [INFO] DbMcusAds:125 - Set database path to: C:\Users\Administrator\.stmcufinder\plugins\mcufinder//mcu/
2025-07-15 09:35:28,853 [INFO] CrossReferenceDbSqlite:203 - Set database path to: C:\Users\Administrator\.stmcufinder\plugins\mcufinder//mcu/cs/
2025-07-15 09:35:28,994 [INFO] RulesReader:64 - Compatibility file has been processed (317 Rules)
2025-07-15 09:35:29,087 [INFO] DbMcusXml:78 - Set database path to: C:\ST\STM32CubeIDE_1.19.0\STM32CubeIDE\plugins\com.st.stm32cube.common.mx_6.15.0.202507011659\\db\/mcu/
2025-07-15 09:35:29,088 [INFO] ApiDb:274 - Set plugin database path to: C:\ST\STM32CubeIDE_1.19.0\STM32CubeIDE\plugins\com.st.stm32cube.common.mx_6.15.0.202507011659\\db\/plugins/boardmanager/
2025-07-15 09:35:29,088 [INFO] ApiDb:261 - Set plugin images path to: C:\ST\STM32CubeIDE_1.19.0\STM32CubeIDE\plugins\com.st.stm32cube.common.mx_6.15.0.202507011659\\db\/plugins/mcufinder/images/
2025-07-15 09:35:29,088 [WARN] DbFile:41 - Overriding database path with different value: C:\Users\Administrator\.stmcufinder\plugins\mcufinder/ => C:\Users\Administrator\.stmcufinder\plugins\mcufinder
2025-07-15 09:35:29,089 [INFO] ApiDb:250 - Set database path to: C:\Users\Administrator\.stmcufinder\plugins\mcufinder//mcu/
2025-07-15 09:35:29,089 [WARN] DbFile:41 - Overriding database path with different value: C:\Users\Administrator\.stmcufinder\plugins\mcufinder/ => C:\Users\Administrator\.stmcufinder\plugins\mcufinder
2025-07-15 09:35:29,089 [INFO] DbMcusAds:125 - Set database path to: C:\Users\Administrator\.stmcufinder\plugins\mcufinder//mcu/
2025-07-15 09:35:29,089 [WARN] DbFile:41 - Overriding database path with different value: C:\Users\Administrator\.stmcufinder\plugins\mcufinder/ => C:\Users\Administrator\.stmcufinder\plugins\mcufinder
2025-07-15 09:35:29,089 [WARN] DbFile:41 - Overriding database path with different value: C:\Users\Administrator\.stmcufinder\plugins\mcufinder/ => C:\Users\Administrator\.stmcufinder\plugins\mcufinder
2025-07-15 09:35:29,089 [INFO] CrossReferenceDbSqlite:203 - Set database path to: C:\Users\Administrator\.stmcufinder\plugins\mcufinder//mcu/cs/
2025-07-15 09:35:29,174 [INFO] MainPanel:274 - HeapMemory: 268435456
2025-07-15 09:35:29,280 [INFO] DbMcusXml:78 - Set database path to: C:\ST\STM32CubeIDE_1.19.0\STM32CubeIDE\plugins\com.st.stm32cube.common.mx_6.15.0.202507011659\\db\/mcu/
2025-07-15 09:35:29,280 [INFO] ApiDb:274 - Set plugin database path to: C:\ST\STM32CubeIDE_1.19.0\STM32CubeIDE\plugins\com.st.stm32cube.common.mx_6.15.0.202507011659\\db\/plugins/boardmanager/
2025-07-15 09:35:29,280 [INFO] ApiDb:261 - Set plugin images path to: C:\ST\STM32CubeIDE_1.19.0\STM32CubeIDE\plugins\com.st.stm32cube.common.mx_6.15.0.202507011659\\db\/plugins/mcufinder/images/
2025-07-15 09:35:29,281 [WARN] DbFile:41 - Overriding database path with different value: C:\Users\Administrator\.stmcufinder\plugins\mcufinder/ => C:\Users\Administrator\.stmcufinder\plugins\mcufinder
2025-07-15 09:35:29,281 [INFO] ApiDb:250 - Set database path to: C:\Users\Administrator\.stmcufinder\plugins\mcufinder//mcu/
2025-07-15 09:35:29,281 [WARN] DbFile:41 - Overriding database path with different value: C:\Users\Administrator\.stmcufinder\plugins\mcufinder/ => C:\Users\Administrator\.stmcufinder\plugins\mcufinder
2025-07-15 09:35:29,281 [INFO] DbMcusAds:125 - Set database path to: C:\Users\Administrator\.stmcufinder\plugins\mcufinder//mcu/
2025-07-15 09:35:29,281 [WARN] DbFile:41 - Overriding database path with different value: C:\Users\Administrator\.stmcufinder\plugins\mcufinder/ => C:\Users\Administrator\.stmcufinder\plugins\mcufinder
2025-07-15 09:35:29,282 [WARN] DbFile:41 - Overriding database path with different value: C:\Users\Administrator\.stmcufinder\plugins\mcufinder/ => C:\Users\Administrator\.stmcufinder\plugins\mcufinder
2025-07-15 09:35:29,282 [INFO] CrossReferenceDbSqlite:203 - Set database path to: C:\Users\Administrator\.stmcufinder\plugins\mcufinder//mcu/cs/
2025-07-15 09:35:29,309 [INFO] ApplicationProperties:184 - Using Application install path: C:\ST\STM32CubeIDE_1.19.0\STM32CubeIDE\plugins\com.st.stm32cube.common.mx_6.15.0.202507011659
2025-07-15 09:35:29,311 [INFO] PluginManage:196 - Search for loadable plugins [exclusion list=, ]
2025-07-15 09:35:29,312 [INFO] PluginManage:310 - Check plugin analytics
2025-07-15 09:35:29,528 [INFO] AnalyticsPlugin:253 - Accepted Software Licenses: STM32CubeMX.6.15.0
2025-07-15 09:35:29,528 [INFO] AnalyticsPlugin:255 - Accepted CMSIS Pack Licenses: 
2025-07-15 09:35:29,528 [INFO] AnalyticsPlugin:257 - Accepted Firmware Licenses: 
2025-07-15 09:35:29,542 [INFO] PluginManage:359 - Loaded plugin analytics (category:tool,tabindex:-1)
2025-07-15 09:35:29,542 [INFO] PluginManage:310 - Check plugin cadmodel
2025-07-15 09:35:29,547 [INFO] CADModel:105 - Init CAD model plugin
2025-07-15 09:35:29,547 [INFO] PluginManage:359 - Loaded plugin cadmodel (category:power,tabindex:5)
2025-07-15 09:35:29,547 [INFO] PluginManage:310 - Check plugin clock
2025-07-15 09:35:29,558 [INFO] PluginManage:359 - Loaded plugin clock (category:base,tabindex:2)
2025-07-15 09:35:29,558 [INFO] PluginManage:310 - Check plugin ddr
2025-07-15 09:35:29,561 [INFO] PluginManage:359 - Loaded plugin ddr (category:tool,tabindex:6)
2025-07-15 09:35:29,561 [INFO] PluginManage:310 - Check plugin filemanager
2025-07-15 09:35:29,733 [INFO] PluginManage:359 - Loaded plugin filemanager (category:base,tabindex:10)
2025-07-15 09:35:29,734 [INFO] PluginManage:310 - Check plugin ipmanager
2025-07-15 09:35:29,741 [INFO] PluginManage:359 - Loaded plugin ipmanager (category:base,tabindex:5)
2025-07-15 09:35:29,742 [INFO] PluginManage:310 - Check plugin lpbam
2025-07-15 09:35:29,751 [INFO] PluginManage:359 - Loaded plugin lpbam (category:base,tabindex:0)
2025-07-15 09:35:29,751 [INFO] PluginManage:310 - Check plugin memorymap
2025-07-15 09:35:29,764 [INFO] PluginManage:359 - Loaded plugin memorymap (category:base,tabindex:4)
2025-07-15 09:35:29,765 [INFO] PluginManage:310 - Check plugin pinoutandconfiguration
2025-07-15 09:35:29,773 [INFO] PluginManage:359 - Loaded plugin pinoutandconfiguration (category:base,tabindex:1)
2025-07-15 09:35:29,773 [INFO] PluginManage:310 - Check plugin pinoutconfig
2025-07-15 09:35:29,883 [WARN] SupportedApi:132 - Cannot load RTOS API schema: s4s-elt-must-match.1: The content of 'definitions' must match (annotation?, (simpleType | complexType)?, (unique | key | keyref)*)). A problem was found starting at: attribute.
2025-07-15 09:35:30,049 [INFO] PluginManage:359 - Loaded plugin pinoutconfig (category:base,tabindex:0)
2025-07-15 09:35:30,049 [INFO] PluginManage:310 - Check plugin power
2025-07-15 09:35:30,058 [INFO] PluginManage:359 - Loaded plugin power (category:power,tabindex:4)
2025-07-15 09:35:30,058 [INFO] PluginManage:310 - Check plugin projectmanager
2025-07-15 09:35:30,078 [INFO] PluginManage:359 - Loaded plugin projectmanager (category:projectmanager,tabindex:4)
2025-07-15 09:35:30,078 [INFO] PluginManage:310 - Check plugin rif
2025-07-15 09:35:30,087 [INFO] PluginManage:359 - Loaded plugin rif (category:base,tabindex:3)
2025-07-15 09:35:30,088 [INFO] PluginManage:310 - Check plugin thirdparty
2025-07-15 09:35:30,262 [INFO] PluginManage:359 - Loaded plugin thirdparty (category:base,tabindex:-1)
2025-07-15 09:35:30,262 [WARN] IntegrityCheckThread:84 - waiting for thirdparty lock release [integrity check]
2025-07-15 09:35:30,262 [INFO] PluginManage:310 - Check plugin tools
2025-07-15 09:35:30,262 [INFO] IntegrityCheckThread:86 - entering critical section [integrity check]
2025-07-15 09:35:30,263 [INFO] ThirdPartyUpdaterWithRetryManager:70 - Updater plugin not ready yet. [1/15]
2025-07-15 09:35:30,265 [INFO] PluginManage:359 - Loaded plugin tools (category:base,tabindex:7)
2025-07-15 09:35:30,266 [INFO] PluginManage:310 - Check plugin tutovideos
2025-07-15 09:35:30,564 [INFO] PluginManage:359 - Loaded plugin tutovideos (category:base,tabindex:-1)
2025-07-15 09:35:30,564 [INFO] PluginManage:310 - Check plugin updater
2025-07-15 09:35:30,601 [INFO] PluginManage:359 - Loaded plugin updater (category:base,tabindex:12)
2025-07-15 09:35:30,602 [INFO] PluginManage:310 - Check plugin userauth
2025-07-15 09:35:30,609 [INFO] UserAuth:118 - Init User Auth plugin
2025-07-15 09:35:30,610 [INFO] PluginManage:359 - Loaded plugin userauth (category:base,tabindex:14)
2025-07-15 09:35:30,611 [INFO] PluginManage:283 - PluginManage : Loaded plugins [18]
2025-07-15 09:35:30,894 [INFO] PinOutPanel:1589 - setPackage(No Configuration,No Configuration)
2025-07-15 09:35:31,017 [INFO] CADModel:165 - CPN selected for project level
2025-07-15 09:35:31,017 [INFO] CADModel:114 - Register for checkConnection events
2025-07-15 09:35:31,037 [INFO] IPUIPlugin:80 - create IPUIPlugin
2025-07-15 09:35:31,038 [INFO] PluginManager:220 - loadIPPluginJar : add adc
2025-07-15 09:35:31,041 [INFO] IPUIPlugin:80 - create IPUIPlugin
2025-07-15 09:35:31,041 [INFO] PluginManager:220 - loadIPPluginJar : add aes
2025-07-15 09:35:31,045 [INFO] IPUIPlugin:80 - create IPUIPlugin
2025-07-15 09:35:31,045 [INFO] PluginManager:220 - loadIPPluginJar : add can
2025-07-15 09:35:31,047 [INFO] IPUIPlugin:80 - create IPUIPlugin
2025-07-15 09:35:31,047 [INFO] PluginManager:220 - loadIPPluginJar : add comp
2025-07-15 09:35:31,050 [INFO] IPUIPlugin:80 - create IPUIPlugin
2025-07-15 09:35:31,050 [INFO] PluginManager:220 - loadIPPluginJar : add cryp
2025-07-15 09:35:31,053 [INFO] IPUIPlugin:80 - create IPUIPlugin
2025-07-15 09:35:31,053 [INFO] PluginManager:220 - loadIPPluginJar : add ddr_ctrl_phy
2025-07-15 09:35:31,056 [INFO] IPUIPlugin:80 - create IPUIPlugin
2025-07-15 09:35:31,056 [INFO] PluginManager:220 - loadIPPluginJar : add dfsdm
2025-07-15 09:35:31,062 [INFO] IPUIPlugin:80 - create IPUIPlugin
2025-07-15 09:35:31,063 [INFO] PluginManager:220 - loadIPPluginJar : add dma
2025-07-15 09:35:31,066 [INFO] IPUIPlugin:80 - create IPUIPlugin
2025-07-15 09:35:31,066 [INFO] PluginManager:220 - loadIPPluginJar : add dma3
2025-07-15 09:35:31,069 [INFO] IPUIPlugin:80 - create IPUIPlugin
2025-07-15 09:35:31,070 [INFO] PluginManager:220 - loadIPPluginJar : add extmemmanager
2025-07-15 09:35:31,071 [INFO] IPUIPlugin:80 - create IPUIPlugin
2025-07-15 09:35:31,072 [INFO] PluginManager:220 - loadIPPluginJar : add fatfs
2025-07-15 09:35:31,077 [INFO] IPUIPlugin:80 - create IPUIPlugin
2025-07-15 09:35:31,077 [INFO] PluginManager:220 - loadIPPluginJar : add fmc
2025-07-15 09:35:31,083 [INFO] IPUIPlugin:80 - create IPUIPlugin
2025-07-15 09:35:31,084 [INFO] PluginManager:220 - loadIPPluginJar : add freertos
2025-07-15 09:35:31,085 [INFO] IPUIPlugin:80 - create IPUIPlugin
2025-07-15 09:35:31,085 [INFO] PluginManager:220 - loadIPPluginJar : add genericplugin
2025-07-15 09:35:31,088 [INFO] IPUIPlugin:80 - create IPUIPlugin
2025-07-15 09:35:31,088 [INFO] PluginManager:220 - loadIPPluginJar : add gfxmmu
2025-07-15 09:35:31,093 [INFO] IPUIPlugin:80 - create IPUIPlugin
2025-07-15 09:35:31,093 [INFO] PluginManager:220 - loadIPPluginJar : add gic
2025-07-15 09:35:31,098 [INFO] IPUIPlugin:80 - create IPUIPlugin
2025-07-15 09:35:31,098 [INFO] PluginManager:220 - loadIPPluginJar : add gpio
2025-07-15 09:35:31,101 [INFO] IPUIPlugin:80 - create IPUIPlugin
2025-07-15 09:35:31,101 [INFO] PluginManager:220 - loadIPPluginJar : add gtzc
2025-07-15 09:35:31,104 [INFO] IPUIPlugin:80 - create IPUIPlugin
2025-07-15 09:35:31,104 [INFO] PluginManager:220 - loadIPPluginJar : add hash
2025-07-15 09:35:31,108 [INFO] IPUIPlugin:80 - create IPUIPlugin
2025-07-15 09:35:31,108 [INFO] PluginManager:220 - loadIPPluginJar : add i2c
2025-07-15 09:35:31,111 [INFO] IPUIPlugin:80 - create IPUIPlugin
2025-07-15 09:35:31,111 [INFO] PluginManager:220 - loadIPPluginJar : add i2s
2025-07-15 09:35:31,114 [INFO] IPUIPlugin:80 - create IPUIPlugin
2025-07-15 09:35:31,114 [INFO] PluginManager:220 - loadIPPluginJar : add i3c
2025-07-15 09:35:31,118 [INFO] IPUIPlugin:80 - create IPUIPlugin
2025-07-15 09:35:31,118 [INFO] PluginManager:220 - loadIPPluginJar : add ipddr
2025-07-15 09:35:31,127 [INFO] IPUIPlugin:80 - create IPUIPlugin
2025-07-15 09:35:31,127 [INFO] PluginManager:220 - loadIPPluginJar : add linkedlist
2025-07-15 09:35:31,131 [INFO] IPUIPlugin:80 - create IPUIPlugin
2025-07-15 09:35:31,131 [INFO] PluginManager:220 - loadIPPluginJar : add lorawan
2025-07-15 09:35:31,133 [INFO] IPUIPlugin:80 - create IPUIPlugin
2025-07-15 09:35:31,133 [INFO] PluginManager:220 - loadIPPluginJar : add ltdc
2025-07-15 09:35:31,139 [INFO] IPUIPlugin:80 - create IPUIPlugin
2025-07-15 09:35:31,140 [INFO] PluginManager:220 - loadIPPluginJar : add mdma
2025-07-15 09:35:31,143 [INFO] IPUIPlugin:80 - create IPUIPlugin
2025-07-15 09:35:31,143 [INFO] PluginManager:220 - loadIPPluginJar : add nvic
2025-07-15 09:35:31,147 [INFO] IPUIPlugin:80 - create IPUIPlugin
2025-07-15 09:35:31,147 [INFO] PluginManager:220 - loadIPPluginJar : add opamp
2025-07-15 09:35:31,150 [INFO] IPUIPlugin:80 - create IPUIPlugin
2025-07-15 09:35:31,151 [INFO] PluginManager:220 - loadIPPluginJar : add openamp
2025-07-15 09:35:31,154 [INFO] IPUIPlugin:80 - create IPUIPlugin
2025-07-15 09:35:31,154 [INFO] PluginManager:220 - loadIPPluginJar : add pdm2pcm
2025-07-15 09:35:31,162 [INFO] IPUIPlugin:80 - create IPUIPlugin
2025-07-15 09:35:31,166 [INFO] PluginManager:220 - loadIPPluginJar : add plateformsettings
2025-07-15 09:35:31,168 [INFO] IPUIPlugin:80 - create IPUIPlugin
2025-07-15 09:35:31,168 [INFO] PluginManager:220 - loadIPPluginJar : add quadspi
2025-07-15 09:35:31,170 [INFO] IPUIPlugin:80 - create IPUIPlugin
2025-07-15 09:35:31,171 [INFO] PluginManager:220 - loadIPPluginJar : add radio
2025-07-15 09:35:31,175 [INFO] IPUIPlugin:80 - create IPUIPlugin
2025-07-15 09:35:31,175 [INFO] PluginManager:220 - loadIPPluginJar : add resmgrutility
2025-07-15 09:35:31,179 [INFO] IPUIPlugin:80 - create IPUIPlugin
2025-07-15 09:35:31,179 [INFO] PluginManager:220 - loadIPPluginJar : add sai
2025-07-15 09:35:31,182 [INFO] IPUIPlugin:80 - create IPUIPlugin
2025-07-15 09:35:31,182 [INFO] PluginManager:220 - loadIPPluginJar : add spi
2025-07-15 09:35:31,189 [INFO] IPUIPlugin:80 - create IPUIPlugin
2025-07-15 09:35:31,190 [INFO] PluginManager:220 - loadIPPluginJar : add stm32_wpan
2025-07-15 09:35:31,192 [INFO] IPUIPlugin:80 - create IPUIPlugin
2025-07-15 09:35:31,192 [INFO] PluginManager:220 - loadIPPluginJar : add tim
2025-07-15 09:35:31,195 [INFO] IPUIPlugin:80 - create IPUIPlugin
2025-07-15 09:35:31,196 [INFO] PluginManager:220 - loadIPPluginJar : add touchsensing
2025-07-15 09:35:31,198 [INFO] IPUIPlugin:80 - create IPUIPlugin
2025-07-15 09:35:31,198 [INFO] PluginManager:220 - loadIPPluginJar : add tracer_emb
2025-07-15 09:35:31,201 [INFO] IPUIPlugin:80 - create IPUIPlugin
2025-07-15 09:35:31,201 [INFO] PluginManager:220 - loadIPPluginJar : add ts
2025-07-15 09:35:31,203 [INFO] IPUIPlugin:80 - create IPUIPlugin
2025-07-15 09:35:31,203 [INFO] PluginManager:220 - loadIPPluginJar : add tsc
2025-07-15 09:35:31,205 [INFO] IPUIPlugin:80 - create IPUIPlugin
2025-07-15 09:35:31,205 [INFO] PluginManager:220 - loadIPPluginJar : add ucpd
2025-07-15 09:35:31,209 [INFO] IPUIPlugin:80 - create IPUIPlugin
2025-07-15 09:35:31,209 [INFO] PluginManager:220 - loadIPPluginJar : add usart
2025-07-15 09:35:31,212 [INFO] IPUIPlugin:80 - create IPUIPlugin
2025-07-15 09:35:31,212 [INFO] PluginManager:220 - loadIPPluginJar : add usbx
2025-07-15 09:35:31,363 [FATAL] Updater:351 - Updater called before beeing initialized
2025-07-15 09:35:31,404 [INFO] RulesReader:64 - Compatibility file has been processed (317 Rules)
2025-07-15 09:35:31,425 [INFO] RulesReader:64 - Compatibility file has been processed (317 Rules)
2025-07-15 09:35:31,435 [INFO] CADModel:165 - CPN selected for project level
2025-07-15 09:35:31,435 [INFO] CADModel:114 - Register for checkConnection events
2025-07-15 09:35:31,435 [FATAL] Updater:351 - Updater called before beeing initialized
2025-07-15 09:35:31,435 [ERROR] CADModel:125 - Updater not yet initialized, retry later 
2025-07-15 09:35:31,623 [FATAL] Updater:351 - Updater called before beeing initialized
2025-07-15 09:35:31,625 [INFO] CADModel:165 - CPN selected for project level
2025-07-15 09:35:31,626 [INFO] CADModel:114 - Register for checkConnection events
2025-07-15 09:35:31,626 [FATAL] Updater:351 - Updater called before beeing initialized
2025-07-15 09:35:31,626 [ERROR] CADModel:125 - Updater not yet initialized, retry later 
2025-07-15 09:35:31,631 [FATAL] Updater:351 - Updater called before beeing initialized
2025-07-15 09:35:31,811 [FATAL] Updater:351 - Updater called before beeing initialized
2025-07-15 09:35:31,816 [INFO] DbMcusAds:53 - JSON generation date=Tue Jul 08 15:14:23 ICT 2025 (1751962463582)
2025-07-15 09:35:31,816 [FATAL] Updater:351 - Updater called before beeing initialized
2025-07-15 09:35:31,874 [WARN] DetailPanel:346 - Failed to get advertising image, set to default
2025-07-15 09:35:32,012 [FATAL] Updater:351 - Updater called before beeing initialized
2025-07-15 09:35:32,014 [FATAL] Updater:351 - Updater called before beeing initialized
2025-07-15 09:35:32,014 [FATAL] Updater:351 - Updater called before beeing initialized
2025-07-15 09:35:32,014 [WARN] DetailPanel:346 - Failed to get advertising image, set to default
2025-07-15 09:35:32,016 [FATAL] Updater:351 - Updater called before beeing initialized
2025-07-15 09:35:32,083 [ERROR] Updater:1198 - MainUpdater not yet initialized. External WinMGr cannot be set.
2025-07-15 09:35:32,086 [INFO] Updater:1134 - Updater Version found : 6.15.0
2025-07-15 09:35:32,106 [INFO] ApplicationProperties:184 - Using Application install path: C:\ST\STM32CubeIDE_1.19.0\STM32CubeIDE\plugins\com.st.stm32cube.common.mx_6.15.0.202507011659
2025-07-15 09:35:32,550 [INFO] MainUpdater:2872 - connection check result : 10
2025-07-15 09:35:32,551 [INFO] MainUpdater:289 - Updater Check For Update Now.
2025-07-15 09:35:32,552 [INFO] MicroXplorer:498 - Change Database Version : DB.6.0.150
2025-07-15 09:35:32,559 [INFO] McuFinderGlobals:63 - Set McuFinder mode to 2 (CubeIDE integrated)
2025-07-15 09:35:32,560 [INFO] UserAuth:171 - activating auth plugin
2025-07-15 09:35:32,564 [INFO] UserAuth:487 - Internet connection configuration mode: 1
2025-07-15 09:35:32,585 [INFO] JxBrowserEngine:152 - Initiate JxBrowser Engine with user profile folder
2025-07-15 09:35:32,793 [INFO] CheckServerUpdateThread:120 - End of CheckServer Thread
2025-07-15 09:35:33,638 [WARN] PackLoader:240 - Cannot read IP mode file for STMicroelectronics.FP-SNS-MOTENVWB1.1.4.0
2025-07-15 09:35:33,650 [WARN] PackLoader:240 - Cannot read IP mode file for STMicroelectronics.FP-ATR-ASTRA1.2.0.2
2025-07-15 09:35:33,662 [WARN] PackLoader:240 - Cannot read IP mode file for STMicroelectronics.X-CUBE-SMBUS.2.1.0
2025-07-15 09:35:33,669 [WARN] PackLoader:240 - Cannot read IP mode file for STMicroelectronics.X-CUBE-ST60.1.0.0
2025-07-15 09:35:33,713 [WARN] PackLoader:240 - Cannot read IP mode file for STMicroelectronics.X-CUBE-AZRTOS-F7.1.1.0
2025-07-15 09:35:33,759 [WARN] PackLoader:240 - Cannot read IP mode file for Infineon.AIROC-Wi-Fi-Bluetooth-STM32.1.7.1
2025-07-15 09:35:33,809 [WARN] PackLoader:240 - Cannot read IP mode file for STMicroelectronics.X-CUBE-AZRTOS-H7.3.4.0
2025-07-15 09:35:33,824 [WARN] PackLoader:240 - Cannot read IP mode file for STMicroelectronics.X-CUBE-DISPLAY.3.0.0
2025-07-15 09:35:33,846 [WARN] PackLoader:240 - Cannot read IP mode file for STMicroelectronics.X-CUBE-NFC10.1.0.0
2025-07-15 09:35:33,862 [WARN] PackLoader:240 - Cannot read IP mode file for STMicroelectronics.X-CUBE-BLEMGR.4.0.0
2025-07-15 09:35:33,866 [INFO] WebApp:169 - Instantiating new browser for Auth
2025-07-15 09:35:33,873 [WARN] PackLoader:240 - Cannot read IP mode file for emotas.I-CUBE-CANOPEN.1.3.0
2025-07-15 09:35:33,879 [WARN] ConditionMgr:438 - getConditionDescription Invalid condition id : Cortex-A Device cause : null
2025-07-15 09:35:33,899 [WARN] ConditionMgr:1044 - genDependencies : Invalid condition id : Cortex-A Device cause : null
2025-07-15 09:35:33,900 [WARN] ConditionMgr:1044 - genDependencies : Invalid condition id : Cortex-A Device cause : null
2025-07-15 09:35:33,900 [WARN] ConditionMgr:1044 - genDependencies : Invalid condition id : Cortex-A Device cause : null
2025-07-15 09:35:33,909 [WARN] PackLoader:240 - Cannot read IP mode file for STMicroelectronics.FP-SNS-SMARTAG2.1.2.0
2025-07-15 09:35:33,918 [WARN] PackLoader:240 - Cannot read IP mode file for STMicroelectronics.FP-SNS-FLIGHT1.5.1.0
2025-07-15 09:35:33,931 [INFO] LogOutputStream:77 - [STDOUT_REDIRECT] 1 : Invalid condition id : UX_CORESTACK_Condition cause : null
2025-07-15 09:35:33,932 [INFO] LogOutputStream:77 - [STDOUT_REDIRECT] 1 : Invalid condition id : UX_CORESTACK_Condition cause : null
2025-07-15 09:35:33,934 [INFO] LogOutputStream:77 - [STDOUT_REDIRECT] 1 : Invalid condition id : UX_CORESTACK_Condition cause : null
2025-07-15 09:35:33,936 [INFO] LogOutputStream:77 - [STDOUT_REDIRECT] 1 : Invalid condition id : UX_CORESTACK_Condition cause : null
2025-07-15 09:35:33,938 [INFO] LogOutputStream:77 - [STDOUT_REDIRECT] 1 : Invalid condition id : UX_CORESTACK_Condition cause : null
2025-07-15 09:35:33,942 [WARN] PackLoader:240 - Cannot read IP mode file for STMicroelectronics.X-CUBE-AZRTOS-WL.2.0.0
2025-07-15 09:35:33,948 [WARN] PackLoader:240 - Cannot read IP mode file for STMicroelectronics.FP-SNS-MOTENV1.5.0.0
2025-07-15 09:35:33,958 [WARN] PackLoader:240 - Cannot read IP mode file for WES.I-CUBE-Cesium.1.3.0
2025-07-15 09:35:33,966 [WARN] PackLoader:240 - Cannot read IP mode file for STMicroelectronics.X-CUBE-BLE2.3.3.0
2025-07-15 09:35:33,975 [WARN] PackLoader:240 - Cannot read IP mode file for STMicroelectronics.X-CUBE-NFC9.1.0.0
2025-07-15 09:35:33,983 [WARN] PackLoader:240 - Cannot read IP mode file for wolfSSL.I-CUBE-wolfSSL.5.8.0
2025-07-15 09:35:33,992 [WARN] PackLoader:240 - Cannot read IP mode file for STMicroelectronics.X-CUBE-BLE1.7.1.0
2025-07-15 09:35:33,998 [WARN] PackLoader:240 - Cannot read IP mode file for wolfSSL.I-CUBE-wolfMQTT.1.19.2
2025-07-15 09:35:34,006 [WARN] PackLoader:240 - Cannot read IP mode file for STMicroelectronics.X-CUBE-EEPRMA1.5.2.0
2025-07-15 09:35:34,013 [WARN] PackLoader:240 - Cannot read IP mode file for STMicroelectronics.X-CUBE-AI.10.1.0
2025-07-15 09:35:34,030 [WARN] PackLoader:240 - Cannot read IP mode file for STMicroelectronics.X-CUBE-AZRTOS-G0.1.1.0
2025-07-15 09:35:34,039 [WARN] PackLoader:240 - Cannot read IP mode file for STMicroelectronics.X-CUBE-SAFEA1.1.2.2
2025-07-15 09:35:34,047 [WARN] PackLoader:240 - Cannot read IP mode file for STMicroelectronics.X-CUBE-NFC4.3.0.0
2025-07-15 09:35:34,059 [WARN] PackLoader:240 - Cannot read IP mode file for EmbeddedOffice.I-CUBE-FS-RTOS.1.0.1
2025-07-15 09:35:34,067 [WARN] PackLoader:240 - Cannot read IP mode file for STMicroelectronics.X-CUBE-WB05N.2.0.0
2025-07-15 09:35:34,073 [WARN] PackLoader:240 - Cannot read IP mode file for wolfSSL.I-CUBE-wolfTPM.3.8.0
2025-07-15 09:35:34,080 [WARN] PackLoader:240 - Cannot read IP mode file for STMicroelectronics.X-CUBE-TCPP.4.2.0
2025-07-15 09:35:34,088 [WARN] PackLoader:240 - Cannot read IP mode file for RealThread.X-CUBE-RT-Thread_Nano.4.1.1
2025-07-15 09:35:34,093 [WARN] PackLoader:240 - Cannot read IP mode file for STMicroelectronics.FP-ATR-SIGFOX1.3.2.0
2025-07-15 09:35:34,100 [WARN] PackLoader:240 - Cannot read IP mode file for STMicroelectronics.X-CUBE-EEPRMA1.5.1.0
2025-07-15 09:35:34,109 [WARN] PackLoader:240 - Cannot read IP mode file for ITTIA_DB.I-CUBE-ITTIADB.8.9.0
2025-07-15 09:35:34,116 [WARN] PackLoader:240 - Cannot read IP mode file for STMicroelectronics.X-CUBE-ST67W61.1.0.0
2025-07-15 09:35:34,159 [WARN] PackLoader:240 - Cannot read IP mode file for SEGGER.I-CUBE-embOS.1.3.1
2025-07-15 09:35:34,206 [WARN] PackLoader:240 - Cannot read IP mode file for STMicroelectronics.X-CUBE-ALGOBUILD.1.4.0
2025-07-15 09:35:34,269 [WARN] PackLoader:240 - Cannot read IP mode file for STMicroelectronics.X-CUBE-MEMS1.11.3.0
2025-07-15 09:35:34,486 [WARN] PackLoader:240 - Cannot read IP mode file for STMicroelectronics.X-CUBE-PM33A1.1.0.0
2025-07-15 09:35:34,505 [WARN] PackLoader:240 - Cannot read IP mode file for STMicroelectronics.X-CUBE-AZRTOS-F4.1.1.0
2025-07-15 09:35:34,514 [WARN] PackLoader:240 - Cannot read IP mode file for STMicroelectronics.X-CUBE-ISPU.2.1.0
2025-07-15 09:35:34,524 [WARN] PackLoader:240 - Cannot read IP mode file for STMicroelectronics.X-CUBE-NFC12.1.0.0
2025-07-15 09:35:34,544 [WARN] PackLoader:240 - Cannot read IP mode file for STMicroelectronics.X-CUBE-AZRTOS-L5.2.0.0
2025-07-15 09:35:34,559 [WARN] PackLoader:240 - Cannot read IP mode file for STMicroelectronics.X-CUBE-NFC6.3.1.0
2025-07-15 09:35:34,570 [WARN] PackLoader:240 - Cannot read IP mode file for STMicroelectronics.X-CUBE-FREERTOS.1.3.1
2025-07-15 09:35:34,578 [WARN] PackLoader:240 - Cannot read IP mode file for STMicroelectronics.FP-SNS-STAIOTCFT.1.0.0
2025-07-15 09:35:34,585 [WARN] PackLoader:240 - Cannot read IP mode file for STMicroelectronics.X-CUBE-DPower.1.3.0
2025-07-15 09:35:34,605 [WARN] ConditionMgr:438 - getConditionDescription Invalid condition id : LAN8742 Phy interface Condition cause : null
2025-07-15 09:35:34,606 [WARN] PackLoader:240 - Cannot read IP mode file for STMicroelectronics.X-CUBE-AZRTOS-L4.2.0.0
2025-07-15 09:35:34,607 [WARN] ConditionMgr:1044 - genDependencies : Invalid condition id : LAN8742 Phy interface Condition cause : null
2025-07-15 09:35:34,607 [WARN] ConditionMgr:1044 - genDependencies : Invalid condition id : LAN8742 Phy interface Condition cause : null
2025-07-15 09:35:34,607 [WARN] ConditionMgr:1044 - genDependencies : Invalid condition id : LAN8742 Phy interface Condition cause : null
2025-07-15 09:35:34,618 [WARN] PackLoader:240 - Cannot read IP mode file for STMicroelectronics.X-CUBE-SFXS2LP1.4.0.0
2025-07-15 09:35:34,635 [WARN] ConditionMgr:438 - getConditionDescription Invalid condition id : UX DEVICE CLASS RTOS Condition cause : null
2025-07-15 09:35:34,636 [WARN] ConditionMgr:438 - getConditionDescription Invalid condition id : UX DEVICE CLASS RTOS Condition cause : null
2025-07-15 09:35:34,638 [WARN] PackLoader:240 - Cannot read IP mode file for STMicroelectronics.X-CUBE-AZRTOS-WB.2.0.0
2025-07-15 09:35:34,639 [WARN] ConditionMgr:1044 - genDependencies : Invalid condition id : UX DEVICE CLASS RTOS Condition cause : null
2025-07-15 09:35:34,639 [WARN] ConditionMgr:1044 - genDependencies : Invalid condition id : UX DEVICE CLASS RTOS Condition cause : null
2025-07-15 09:35:34,640 [WARN] ConditionMgr:1044 - genDependencies : Invalid condition id : UX DEVICE CLASS RTOS Condition cause : null
2025-07-15 09:35:34,641 [WARN] ConditionMgr:1044 - genDependencies : Invalid condition id : UX DEVICE CLASS RTOS Condition cause : null
2025-07-15 09:35:34,641 [WARN] ConditionMgr:1044 - genDependencies : Invalid condition id : UX DEVICE CLASS RTOS Condition cause : null
2025-07-15 09:35:34,648 [WARN] PackLoader:240 - Cannot read IP mode file for STMicroelectronics.X-CUBE-GNSS1.7.0.1
2025-07-15 09:35:34,655 [WARN] PackLoader:240 - Cannot read IP mode file for STMicroelectronics.X-CUBE-TOUCHGFX.4.25.0
2025-07-15 09:35:34,666 [WARN] PackLoader:240 - Cannot read IP mode file for STMicroelectronics.FP-SNS-STBOX1.2.0.0
2025-07-15 09:35:34,688 [WARN] PackLoader:240 - Cannot read IP mode file for STMicroelectronics.X-CUBE-SUBG2.5.0.0
2025-07-15 09:35:34,718 [WARN] PackLoader:240 - Cannot read IP mode file for STMicroelectronics.X-CUBE-AZRTOS-H7RS.1.1.0
2025-07-15 09:35:34,726 [WARN] PackLoader:240 - Cannot read IP mode file for Cesanta.I-CUBE-Mongoose.7.13.0
2025-07-15 09:35:34,742 [WARN] PackLoader:240 - Cannot read IP mode file for STMicroelectronics.X-CUBE-AZRTOS-G4.2.0.0
2025-07-15 09:35:34,751 [WARN] PackLoader:240 - Cannot read IP mode file for wolfSSL.I-CUBE-wolfSSH.1.4.20
2025-07-15 09:35:34,759 [WARN] PackLoader:240 - Cannot read IP mode file for STMicroelectronics.X-CUBE-NFC7.2.0.0
2025-07-15 09:35:34,776 [WARN] PackLoader:240 - Cannot read IP mode file for STMicroelectronics.X-CUBE-IPS.3.1.0
2025-07-15 09:35:34,790 [WARN] PackLoader:240 - Cannot read IP mode file for STMicroelectronics.X-CUBE-ALS.1.0.2
2025-07-15 09:35:34,797 [WARN] PackLoader:240 - Cannot read IP mode file for portGmbH.I-Cube-SoM-uGOAL.1.1.0
2025-07-15 09:35:34,813 [INFO] McuFinderGlobals:63 - Set McuFinder mode to 2 (CubeIDE integrated)
2025-07-15 09:35:34,814 [WARN] PackLoader:240 - Cannot read IP mode file for STMicroelectronics.X-CUBE-TOF1.3.4.3
2025-07-15 09:35:34,822 [INFO] MainUpdater:2872 - connection check result : 10
2025-07-15 09:35:34,824 [INFO] MainUpdater:2872 - connection check result : 10
2025-07-15 09:35:34,825 [INFO] ThirdParty:978 - Integrity check success = true
2025-07-15 09:35:34,825 [INFO] IntegrityCheckThread:100 - exiting critical section [integrity check]
2025-07-15 09:35:34,825 [INFO] IntegrityCheckThread:103 - End integrity checks thread
2025-07-15 09:35:34,872 [INFO] MicroXplorer:468 - Change Database Path : 
2025-07-15 09:35:34,872 [INFO] MicroXplorer:498 - Change Database Version : DB.6.0.150
2025-07-15 09:35:34,879 [WARN] ThirdParty:871 - waiting for thirdparty lock release [close project]
2025-07-15 09:35:34,879 [INFO] ThirdParty:873 - entering critical section [close project]
2025-07-15 09:35:34,880 [INFO] WebApp:463 - Apply proxy settings
2025-07-15 09:35:34,880 [INFO] ThirdParty:883 - exiting critical section [close project]
2025-07-15 09:35:34,880 [INFO] WebApp:548 - Chromium requires no authentication
2025-07-15 09:35:34,883 [INFO] PinOutPanel:1589 - setPackage(No Configuration,No Configuration)
2025-07-15 09:35:34,886 [INFO] UtilMem:75 - Begin LoadConfig() Used Memory: 244195944 Bytes (282066944)
2025-07-15 09:35:34,898 [INFO] WebApp:491 - Direct internet connection detected
2025-07-15 09:35:34,898 [INFO] MicroXplorer:468 - Change Database Path : C:/Users/Administrator/.stm32cubemx/databases/DB.6.0.141/db/
2025-07-15 09:35:34,898 [INFO] MicroXplorer:498 - Change Database Version : DB.6.0.141
2025-07-15 09:35:34,940 [INFO] WebApp:900 - Register for checkConnection events
2025-07-15 09:35:34,941 [INFO] WebApp:463 - Apply proxy settings
2025-07-15 09:35:34,941 [INFO] WebApp:548 - Chromium requires no authentication
2025-07-15 09:35:34,941 [INFO] WebApp:491 - Direct internet connection detected
2025-07-15 09:35:35,107 [INFO] WebApp:191 - Connection restablished
2025-07-15 09:35:35,208 [INFO] WebApp:225 - Starting web application
2025-07-15 09:35:35,208 [INFO] WebApp:593 - Web application path used C:\ST\STM32CubeIDE_1.19.0\STM32CubeIDE\plugins\com.st.stm32cube.common.mx_6.15.0.202507011659\db\plugins\mcufinder\reactClient1\index.html
2025-07-15 09:35:37,565 [INFO] OpenFileManager:355 - Change cursor
2025-07-15 09:35:37,594 [INFO] Mcu:2029 - Initializing MCU STM32F401V(D-E)Hx STM32F401VEHx STM32F401VEH6
2025-07-15 09:35:39,094 [INFO] Context:786 - Trying to add GPIOservice into a context  which must be forbidden
2025-07-15 09:35:39,663 [INFO] ImportTextPane:234 - (OptionalMessage_ERROR) Pin6 (VP_RIF_VS_RIF1) cannot be retrieved for this MCU
2025-07-15 09:35:39,785 [INFO] RtosManager:558 - Registered RTOS mode: class=CMSIS, group=RTOS, mode=CMSIS_V1, owner=FREERTOS
2025-07-15 09:35:39,785 [INFO] RtosManager:558 - Registered RTOS mode: class=CMSIS, group=RTOS2, mode=CMSIS_V2, owner=FREERTOS
2025-07-15 09:35:39,785 [INFO] RtosManager:558 - Registered RTOS mode: class=RTOS, group=Core, mode=CMSIS_V1, owner=FREERTOS
2025-07-15 09:35:39,785 [INFO] RtosManager:558 - Registered RTOS mode: class=RTOS, group=Core, mode=CMSIS_V2, owner=FREERTOS
2025-07-15 09:35:39,786 [WARN] ModelIntegratedComponent:184 - Missing modes for component STMicroelectronics:FreeRTOS:0.0.1:STMicroelectronics:RTOS:FreeRTOS:Core:::10.2.0:
2025-07-15 09:35:39,817 [WARN] ModelIntegratedComponent:63 - No mode defined for component null
2025-07-15 09:35:39,817 [WARN] ModelIntegratedComponent:63 - No mode defined for component null
2025-07-15 09:35:39,817 [WARN] ModelIntegratedComponent:63 - No mode defined for component null
2025-07-15 09:35:39,817 [WARN] ModelIntegratedComponent:63 - No mode defined for component null
2025-07-15 09:35:39,817 [WARN] ModelIntegratedComponent:63 - No mode defined for component null
2025-07-15 09:35:39,817 [WARN] ModelIntegratedComponent:63 - No mode defined for component null
2025-07-15 09:35:39,817 [WARN] ModelIntegratedComponent:63 - No mode defined for component null
2025-07-15 09:35:39,818 [WARN] ModelIntegratedComponent:63 - No mode defined for component null
2025-07-15 09:35:39,818 [WARN] ModelIntegratedComponent:63 - No mode defined for component null
2025-07-15 09:35:39,818 [WARN] ModelIntegratedComponent:63 - No mode defined for component null
2025-07-15 09:35:39,818 [WARN] ModelIntegratedComponent:63 - No mode defined for component null
2025-07-15 09:35:39,818 [WARN] ModelIntegratedComponent:63 - No mode defined for component null
2025-07-15 09:35:39,818 [WARN] ModelIntegratedComponent:63 - No mode defined for component null
2025-07-15 09:35:39,818 [WARN] ModelIntegratedComponent:63 - No mode defined for component null
2025-07-15 09:35:39,818 [WARN] ModelIntegratedComponent:63 - No mode defined for component null
2025-07-15 09:35:39,819 [WARN] ModelIntegratedComponent:63 - No mode defined for component null
2025-07-15 09:35:39,819 [WARN] ModelIntegratedComponent:63 - No mode defined for component null
2025-07-15 09:35:39,819 [WARN] ModelIntegratedComponent:63 - No mode defined for component null
2025-07-15 09:35:39,819 [WARN] ModelIntegratedComponent:63 - No mode defined for component null
2025-07-15 09:35:39,819 [WARN] ModelIntegratedComponent:63 - No mode defined for component null
2025-07-15 09:35:39,819 [WARN] ModelIntegratedComponent:63 - No mode defined for component null
2025-07-15 09:35:39,819 [WARN] ModelIntegratedComponent:63 - No mode defined for component null
2025-07-15 09:35:39,819 [WARN] ModelIntegratedComponent:63 - No mode defined for component null
2025-07-15 09:35:39,820 [WARN] ModelIntegratedComponent:63 - No mode defined for component null
2025-07-15 09:35:39,820 [WARN] ModelIntegratedComponent:63 - No mode defined for component null
2025-07-15 09:35:39,820 [WARN] ModelIntegratedComponent:63 - No mode defined for component null
2025-07-15 09:35:39,820 [WARN] ModelIntegratedComponent:63 - No mode defined for component null
2025-07-15 09:35:39,820 [WARN] ModelIntegratedComponent:63 - No mode defined for component null
2025-07-15 09:35:39,820 [WARN] ModelIntegratedComponent:63 - No mode defined for component null
2025-07-15 09:35:39,820 [WARN] ModelIntegratedComponent:63 - No mode defined for component null
2025-07-15 09:35:39,820 [WARN] ModelIntegratedComponent:63 - No mode defined for component null
2025-07-15 09:35:39,820 [WARN] ModelIntegratedComponent:63 - No mode defined for component null
2025-07-15 09:35:39,821 [WARN] ModelIntegratedComponent:63 - No mode defined for component null
2025-07-15 09:35:39,821 [WARN] ModelIntegratedComponent:63 - No mode defined for component null
2025-07-15 09:35:39,821 [WARN] ModelIntegratedComponent:63 - No mode defined for component null
2025-07-15 09:35:39,821 [WARN] ModelPack:524 - Component already loaded: STMicroelectronics:HAL Drivers:0.0.0:STMicroelectronics:Device:STMicro_Driver:XSPI:HAL::0.0.1:HAL_XSPI
2025-07-15 09:35:39,985 [INFO] ThirdPartyModel:298 - Start build external matchings
2025-07-15 09:35:40,653 [INFO] ThirdPartyModel:316 - End build external matchings
2025-07-15 09:35:40,677 [INFO] ImportTextPane:234 - (OptionalMessage_ERROR) IP (RCC) : Parameter (RTCHSEDivFreq_Value) has invalid value (12500000)
2025-07-15 09:35:41,060 [INFO] ApiDb:581 - Connected to CubeFinder SQLite database (C:\Users\Administrator\.stmcufinder\plugins\mcufinder\mcu\cube-finder-db.db)
2025-07-15 09:35:41,237 [INFO] ApiDb:668 - CubeFinder database Data Model version=2.1
2025-07-15 09:35:41,237 [INFO] ApiDb:669 - CubeFinder database Configuration version=3.0.39
2025-07-15 09:35:41,238 [INFO] ApiDb:670 - CubeFinder database generation date=2025-06-24 (1750757100)
2025-07-15 09:35:41,238 [INFO] ApiDb:671 - CubeFinder database FW Pack versions=[FP-ATR-ASTRA1_V2.0.0, FP-SNS-FLIGHT1_V5.1.0, FP-SNS-MOTENV1_V5.0.0, FP-SNS-MOTENVWB1_V1.4.0, FP-SNS-SMARTAG2_V1.2.0, FP-SNS-STBOX1_V2.0.0, STM32Cube_FW_C0_V1.4.0, STM32Cube_FW_F4_V1.28.2, STM32Cube_FW_F7_V1.17.3, STM32Cube_FW_G0_V1.6.2, STM32Cube_FW_G4_V1.6.1, STM32Cube_FW_H5_V1.5.0, STM32Cube_FW_H7RS_V1.2.0, STM32Cube_FW_H7_V1.12.1, STM32Cube_FW_L0_V1.12.2, STM32Cube_FW_L4_V1.18.1, STM32Cube_FW_L5_V1.5.1, STM32Cube_FW_N6_V1.2.0, STM32Cube_FW_U0_V1.3.0, STM32Cube_FW_U3_V1.2.0, STM32Cube_FW_U5_V1.8.0, STM32Cube_FW_WB0_V1.3.0, STM32Cube_FW_WBA_V1.7.0, STM32Cube_FW_WB_V1.23.0, STM32Cube_FW_WL3_V1.2.0, STM32Cube_FW_WL_V1.3.1, X-CUBE-ALGOBUILD_V1.4.0, X-CUBE-ALS_V1.0.2, X-CUBE-AZRTOS-F4_V1.1.0, X-CUBE-AZRTOS-F7_V1.1.0, X-CUBE-AZRTOS-G0_V1.1.0, X-CUBE-AZRTOS-G4_V2.0.0, X-CUBE-AZRTOS-H7RS_V1.1.0, X-CUBE-AZRTOS-H7_V3.3.0, X-CUBE-AZRTOS-L4_V2.0.0, X-CUBE-AZRTOS-L5_V2.0.0, X-CUBE-AZRTOS-WB_V2.0.0, X-CUBE-AZRTOS-WL_V2.0.0, X-CUBE-BLE1_V7.1.0, X-CUBE-BLE2_V3.3.0, X-CUBE-BLEMGR_V4.0.0, X-CUBE-EEPRMA1_V5.1.0, X-CUBE-FREERTOS_V1.3.1, X-CUBE-GNSS1_V6.0.0, X-CUBE-MEMS1_V11.3.0, X-CUBE-NFC4_V3.0.0, X-CUBE-NFC7_V2.0.0, X-CUBE-SFXS2LP1_V4.0.0, X-CUBE-SUBG2_V5.0.0, X-CUBE-TOF1_V3.4.3]
2025-07-15 09:35:41,426 [INFO] DbBoardsSqlite:226 - include board P-NUCLEO-WB55-NUCLEO as a kit item of type 'Nucleo-64'
2025-07-15 09:35:41,427 [INFO] DbBoardsSqlite:226 - include board P-NUCLEO-WB55-USBDONGLE as a kit item of type 'Nucleo USB Dongle'
2025-07-15 09:35:41,428 [INFO] DbBoardsSqlite:226 - include board STEVAL-IDP005V1 as a kit item of type 'Evaluation Board'
2025-07-15 09:35:41,429 [INFO] DbBoardsSqlite:226 - include board STEVAL-IDP005V2 as a kit item of type 'Evaluation Board'
2025-07-15 09:35:42,176 [INFO] ApiDb:240 - Found 880 in-development CPN: [B-G473E-ZEST1S, B-WB1M-WPAN1, B-WBA5M-WPAN, B-WL5M-SUBG1, NUCLEO-C031C6, NUCLEO-C051C8, NUCLEO-C071RB, NUCLEO-C092RC, NUCLEO-H503RB, NUCLEO-H533RE, NUCLEO-H563ZI, NUCLEO-H7S3L8, NUCLEO-N657X0-Q, NUCLEO-U031R8, NUCLEO-U083RC, NUCLEO-U385RG-Q, NUCLEO-U545RE-Q, NUCLEO-U5A5ZJ-Q, NUCLEO-WB05KZ, NUCLEO-WB07CC, NUCLEO-WB09KE, NUCLEO-WBA52CG, NUCLEO-WBA55CG, NUCLEO-WL33CC1, NUCLEO-WL33CC2, STEVAL-PROTEUS1, STEVAL-SMARTAG2, STEVAL-STWINBX1, STM320518-EVAL, STM32C0116-DK, STM32C011D6Y3TR, STM32C011D6Y6TR, STM32C011F4P3, STM32C011F4P6, STM32C011F4U3, STM32C011F4U6TR, STM32C011F6P3, STM32C011F6P6, STM32C011F6U3, STM32C011F6U6TR, STM32C011J4M3, STM32C011J4M6, STM32C011J6M3, STM32C011J6M6, STM32C0316-DK, STM32C031C4T3, STM32C031C4T6, STM32C031C4U3, STM32C031C4U6, STM32C031C6T3, STM32C031C6T6, STM32C031C6U3, STM32C031C6U6, STM32C031F4P3, STM32C031F4P6, STM32C031F6P3, STM32C031F6P6, STM32C031G4U3, STM32C031G4U6, STM32C031G6U3, STM32C031G6U6, STM32C031K4T3, STM32C031K4T6, STM32C031K4U3, STM32C031K4U6, STM32C031K6T3, STM32C031K6T6, STM32C031K6U3, STM32C031K6U6, STM32C051C6T6, STM32C051C6U6, STM32C051C8T6, STM32C051C8U6, STM32C051D8Y6TR, STM32C051F6P6, STM32C051F8P6, STM32C051G6U6, STM32C051G8U6, STM32C051K6T6, STM32C051K6U6, STM32C051K8T6, STM32C071C8T6, STM32C071C8T6N, STM32C071C8U6, STM32C071C8U6N, STM32C071CBT6, STM32C071CBT6N, STM32C071CBU6, STM32C071CBU6N, STM32C071F8P6, STM32C071F8P6N, STM32C071FBP6, STM32C071FBP6N, STM32C071FBY6TR, STM32C071G8U6, STM32C071G8U6N, STM32C071GBU6, STM32C071GBU6N, STM32C071K8T6, STM32C071K8T6N, STM32C071K8U6, STM32C071K8U6N, STM32C071KBT6, STM32C071KBT6N, STM32C071KBU6, STM32C071KBU6N, STM32C071R8T6, STM32C071R8T6N, STM32C071RBI6N, STM32C071RBT6, STM32C071RBT6N, STM32C091CBT6, STM32C091CBU6, STM32C091CCT6, STM32C091CCU6, STM32C091ECY6TR, STM32C091FBP6, STM32C091FCP6, STM32C091GBU6, STM32C091GCU6, STM32C091KBT6, STM32C091KBU6, STM32C091KCT6, STM32C091KCU6, STM32C091RBT6, STM32C091RCI6, STM32C091RCT6, STM32C092CBT6, STM32C092CBU6, STM32C092CCT6, STM32C092CCU6, STM32C092ECY6TR, STM32C092FBP6, STM32C092FCP6, STM32C092GBU6, STM32C092GCU6, STM32C092KBT6, STM32C092KBU6, STM32C092KCT6, STM32C092KCU6, STM32C092RBT6, STM32C092RCI6, STM32C092RCT6, STM32G071K8TXN, STM32G071K8UXN, STM32G081GBU6N, STM32G081KBT6N, STM32G081KBUXN, STM32G0B1CCT6N, STM32G0B1KCT6, STM32G0B1NEY6TR, STM32G0B1RCT6N, STM32G0C1CCT6, STM32G0C1CCT6N, STM32G0C1CCU6N, STM32G0C1CET6N, STM32G0C1CEU6N, STM32G0C1KCT6, STM32G0C1NEY6TR, STM32G0C1RCI6N, STM32G0C1RCT6N, STM32G0C1REI6N, STM32G0C1RET6N, STM32G0C1VCI6, STM32G0C1VEI6, STM32G411C6T3, STM32G411C6T6, STM32G411C6U3, STM32G411C6U6, STM32G411C8T3, STM32G411C8T6, STM32G411C8U3, STM32G411C8U6, STM32G411CBT3, STM32G411CBT6, STM32G411CBU3, STM32G411CBU6, STM32G411K6T3, STM32G411K6T6, STM32G411K6U3, STM32G411K6U6, STM32G411K8T3, STM32G411K8T6, STM32G411K8U3, STM32G411K8U6, STM32G411KBT3, STM32G411KBT6, STM32G411KBU3, STM32G411KBU6, STM32G411M6T3, STM32G411M6T6, STM32G411M8T3, STM32G411M8T6, STM32G411MBT3, STM32G411MBT6, STM32G411R6T3, STM32G411R6T6, STM32G411R8T3, STM32G411R8T6, STM32G411RBT3, STM32G411RBT6, STM32G414CBT3, STM32G414CBT6, STM32G414CBU3, STM32G414CBU6, STM32G414CCT3, STM32G414CCT6, STM32G414CCU3, STM32G414CCU6, STM32G414MBT3, STM32G414MBT6, STM32G414MCT3, STM32G414MCT6, STM32G414RBT3, STM32G414RBT6, STM32G414RCT3, STM32G414RCT6, STM32G414VBT3, STM32G414VBT6, STM32G414VCT3, STM32G414VCT6, STM32G431CBT3Z, STM32G431RBT3Z, STM32G471CCT6, STM32G471CCU6, STM32G471CET3, STM32G471CET6, STM32G471CEU3, STM32G471CEU6, STM32G471MCT6, STM32G471MET3, STM32G471MET6, STM32G471MEY6TR, STM32G471QCT6, STM32G471QET3, STM32G471RCT6, STM32G471RET3, STM32G471RET6, STM32G471VCH6, STM32G471VCI6, STM32G471VCT6, STM32G471VEH3, STM32G471VEH6, STM32G471VEI3, STM32G471VEI6, STM32G471VET3, STM32G471VET6, STM32G473QET3Z, STM32G473RET3Z, STM32G474CCT6, STM32G491RET3Z, STM32H503CBT6, STM32H503CBU6, STM32H503EBY6TR, STM32H503KBU6, STM32H503RBT6, STM32H523CCT6, STM32H523CCU6, STM32H523CET6, STM32H523CEU6, STM32H523HEY6TR, STM32H523RCT6, STM32H523RET6, STM32H523VCI6, STM32H523VCT6, STM32H523VEI6, STM32H523VET6, STM32H523ZCJ6, STM32H523ZCT6, STM32H523ZEJ6, STM32H523ZET6, STM32H533CET6, STM32H533CEU6, STM32H533HEY6TR, STM32H533RET6, STM32H533VEI6, STM32H533VET6, STM32H533ZEJ6, STM32H533ZET6, STM32H562AGI6, STM32H562AII6, STM32H562IGK6, STM32H562IGT6, STM32H562IIK6, STM32H562IIT6, STM32H562RGT6, STM32H562RGV6, STM32H562RIT6, STM32H562RIV6, STM32H562VGT6, STM32H562VIT6, STM32H562ZGT6, STM32H562ZIT6, STM32H563AGI6, STM32H563AII3Q, STM32H563AII6, STM32H563IGK6, STM32H563IGT6, STM32H563IIK3Q, STM32H563IIK6, STM32H563IIT3Q, STM32H563IIT6, STM32H563MIY3QTR, STM32H563RGT6, STM32H563RGV6, STM32H563RIT6, STM32H563RIV6, STM32H563VGT6, STM32H563VIT3Q, STM32H563VIT6, STM32H563ZGT6, STM32H563ZIT3Q, STM32H563ZIT6, STM32H573AII3Q, STM32H573AII6, STM32H573I-DK, STM32H573IIK3Q, STM32H573IIK6, STM32H573IIT3Q, STM32H573IIT6, STM32H573MIY3QTR, STM32H573RIT6, STM32H573RIV6, STM32H573VIT3Q, STM32H573VIT6, STM32H573ZIT3Q, STM32H573ZIT6, STM32H7R3A8I6, STM32H7R3I8K6, STM32H7R3I8T6, STM32H7R3L8H6, STM32H7R3L8H6H, STM32H7R3R8V6, STM32H7R3V8H6, STM32H7R3V8T6, STM32H7R3V8Y6TR, STM32H7R3Z8J6, STM32H7R3Z8T6, STM32H7R7A8I6, STM32H7R7I8K6, STM32H7R7I8T6, STM32H7R7L8H6, STM32H7R7L8H6H, STM32H7R7Z8J6, STM32H7S3A8I6, STM32H7S3I8K6, STM32H7S3I8T6, STM32H7S3L8H6, STM32H7S3L8H6H, STM32H7S3R8V6, STM32H7S3V8H6, STM32H7S3V8T6, STM32H7S3V8Y6TR, STM32H7S3Z8J6, STM32H7S3Z8T6, STM32H7S78-DK, STM32H7S7A8I6, STM32H7S7I8K6, STM32H7S7I8T6, STM32H7S7L8H6, STM32H7S7L8H6H, STM32H7S7Z8J6, STM32L4R5QGI6STR, STM32MP131AAE3, STM32MP131AAF3, STM32MP131AAG3, STM32MP131CAE3, STM32MP131CAF3, STM32MP131CAG3, STM32MP131DAE7, STM32MP131DAF7, STM32MP131DAG7, STM32MP131FAE7, STM32MP131FAF7, STM32MP131FAG7, STM32MP133AAE3, STM32MP133AAF3, STM32MP133AAG3, STM32MP133CAE3, STM32MP133CAF3, STM32MP133CAG3, STM32MP133DAE7, STM32MP133DAF7, STM32MP133DAG7, STM32MP133FAE7, STM32MP133FAF7, STM32MP133FAG7, STM32MP135AAE3, STM32MP135AAF3, STM32MP135AAG3, STM32MP135CAE3, STM32MP135CAF3, STM32MP135CAG3, STM32MP135DAE7, STM32MP135DAF7, STM32MP135DAG7, STM32MP135F-DK, STM32MP135FAE7, STM32MP135FAF7, STM32MP135FAF7T, STM32MP135FAF7U, STM32MP135FAG7, STM32MP211AAL3, STM32MP211AAM3, STM32MP211AAN3, STM32MP211AAO3, STM32MP211CAL3, STM32MP211CAM3, STM32MP211CAN3, STM32MP211CAO3, STM32MP211DAL3, STM32MP211DAM3, STM32MP211DAN3, STM32MP211DAO3, STM32MP211FAL3, STM32MP211FAM3, STM32MP211FAN3, STM32MP211FAO3, STM32MP213AAL3, STM32MP213AAM3, STM32MP213AAN3, STM32MP213AAO3, STM32MP213CAL3, STM32MP213CAM3, STM32MP213CAN3, STM32MP213CAO3, STM32MP213DAL3, STM32MP213DAM3, STM32MP213DAN3, STM32MP213DAO3, STM32MP213FAL3, STM32MP213FAM3, STM32MP213FAN3, STM32MP213FAO3, STM32MP215AAL3, STM32MP215AAM3, STM32MP215AAN3, STM32MP215AAO3, STM32MP215CAL3, STM32MP215CAM3, STM32MP215CAN3, STM32MP215CAO3, STM32MP215DAL3, STM32MP215DAM3, STM32MP215DAN3, STM32MP215DAO3, STM32MP215F-DK, STM32MP215FAL3, STM32MP215FAM3, STM32MP215FAN3, STM32MP215FAO3, STM32MP231AAJ3, STM32MP231AAK3, STM32MP231AAL3, STM32MP231CAJ3, STM32MP231CAK3, STM32MP231CAL3, STM32MP231DAJ3, STM32MP231DAK3, STM32MP231DAL3, STM32MP231FAJ3, STM32MP231FAK3, STM32MP231FAL3, STM32MP233AAJ3, STM32MP233AAK3, STM32MP233AAL3, STM32MP233CAJ3, STM32MP233CAK3, STM32MP233CAL3, STM32MP233DAJ3, STM32MP233DAK3, STM32MP233DAL3, STM32MP233FAJ3, STM32MP233FAK3, STM32MP233FAL3, STM32MP235AAJ3, STM32MP235AAK3, STM32MP235AAL3, STM32MP235CAJ3, STM32MP235CAK3, STM32MP235CAL3, STM32MP235DAJ3, STM32MP235DAK3, STM32MP235DAL3, STM32MP235FAJ3, STM32MP235FAK3, STM32MP235FAL3, STM32MP251AAI3, STM32MP251AAK3, STM32MP251AAL3, STM32MP251CAI3, STM32MP251CAK3, STM32MP251CAL3, STM32MP251DAI3, STM32MP251DAK3, STM32MP251DAL3, STM32MP251FAI3, STM32MP251FAK3, STM32MP251FAL3, STM32MP253AAI3, STM32MP253AAK3, STM32MP253AAL3, STM32MP253CAI3, STM32MP253CAK3, STM32MP253CAL3, STM32MP253DAI3, STM32MP253DAK3, STM32MP253DAL3, STM32MP253FAI3, STM32MP253FAK3, STM32MP253FAL3, STM32MP255AAI3, STM32MP255AAK3, STM32MP255AAL3, STM32MP255CAI3, STM32MP255CAK3, STM32MP255CAL3, STM32MP255DAI3, STM32MP255DAK3, STM32MP255DAL3, STM32MP255FAI3, STM32MP255FAK3, STM32MP255FAL3, STM32MP257AAI3, STM32MP257AAK3, STM32MP257AAL3, STM32MP257CAI3, STM32MP257CAK3, STM32MP257CAL3, STM32MP257DAI3, STM32MP257DAK3, STM32MP257DAL3, STM32MP257F-DK, STM32MP257F-EV1, STM32MP257FAI3, STM32MP257FAK3, STM32MP257FAL3, STM32N645A0H3Q, STM32N645B0H3Q, STM32N645I0H3Q, STM32N645L0H3Q, STM32N645X0H3Q, STM32N645Z0H3Q, STM32N647A0H3Q, STM32N647B0H3Q, STM32N647I0H3Q, STM32N647L0H3Q, STM32N647X0H3Q, STM32N647Z0H3Q, STM32N655A0H3Q, STM32N655B0H3Q, STM32N655I0H3Q, STM32N655L0H3Q, STM32N655X0H3Q, STM32N655Z0H3Q, STM32N6570-DK, STM32N657A0H3Q, STM32N657B0H3Q, STM32N657I0H3Q, STM32N657L0H3Q, STM32N657X0H3Q, STM32N657Z0H3Q, STM32U031C6T6, STM32U031C6U6, STM32U031C8T6, STM32U031C8U6, STM32U031F4P6, STM32U031F6P6, STM32U031F8P6, STM32U031G6Y6TR, STM32U031G8Y6TR, STM32U031K4U6, STM32U031K6U6, STM32U031K8U6, STM32U031R6I6, STM32U031R6T6, STM32U031R8I6, STM32U031R8T6, STM32U073C8T6, STM32U073C8U6, STM32U073CBT6, STM32U073CBU6, STM32U073CCT6, STM32U073CCU6, STM32U073H8Y6TR, STM32U073HBY6TR, STM32U073HCY6TR, STM32U073K8U6, STM32U073KBU6, STM32U073KCU6, STM32U073M8I6, STM32U073M8T6, STM32U073MBI6, STM32U073MBT6, STM32U073MCI6, STM32U073MCT6, STM32U073R8I6, STM32U073R8T6, STM32U073RBI6, STM32U073RBT6, STM32U073RCI6, STM32U073RCT6, STM32U083C-DK, STM32U083CCT6, STM32U083CCU6, STM32U083HCY6TR, STM32U083KCU6, STM32U083MCI6, STM32U083MCT6, STM32U083RCI6, STM32U083RCT6, STM32U375CET6, STM32U375CET6Q, STM32U375CEU6, STM32U375CEU6Q, STM32U375CEY6QTR, STM32U375CGT6, STM32U375CGT6Q, STM32U375CGU6, STM32U375CGU6Q, STM32U375CGY6QTR, STM32U375KEU6, STM32U375KGU6, STM32U375REI6, STM32U375REI6Q, STM32U375RET6, STM32U375RET6Q, STM32U375REY6GTR, STM32U375REY6QTR, STM32U375RGI6, STM32U375RGI6Q, STM32U375RGT6, STM32U375RGT6Q, STM32U375RGY6GTR, STM32U375RGY6QTR, STM32U375VEI6, STM32U375VEI6Q, STM32U375VET6, STM32U375VET6Q, STM32U375VGI6, STM32U375VGI6Q, STM32U375VGT6, STM32U375VGT6Q, STM32U385CGT6, STM32U385CGT6Q, STM32U385CGU6, STM32U385CGU6Q, STM32U385CGY6QTR, STM32U385KGU6, STM32U385RGI6, STM32U385RGI6Q, STM32U385RGT6, STM32U385RGT6Q, STM32U385RGY6GTR, STM32U385RGY6QTR, STM32U385VGI6, STM32U385VGI6Q, STM32U385VGT6, STM32U385VGT6Q, STM32U535CBT6, STM32U535CBT6Q, STM32U535CBU6, STM32U535CBU6Q, STM32U535CCT6, STM32U535CCT6Q, STM32U535CCU6, STM32U535CCU6Q, STM32U535CET6, STM32U535CET6Q, STM32U535CEU6, STM32U535CEU6Q, STM32U535JEY6QTR, STM32U535NCY6QTR, STM32U535NEY6QTR, STM32U535RBI6, STM32U535RBI6Q, STM32U535RBT6, STM32U535RBT6Q, STM32U535RCI6, STM32U535RCI6Q, STM32U535RCT6, STM32U535RCT6Q, STM32U535REI6, STM32U535REI6Q, STM32U535RET6, STM32U535RET6Q, STM32U535VCI6, STM32U535VCI6Q, STM32U535VCT6, STM32U535VCT6Q, STM32U535VEI6, STM32U535VEI6Q, STM32U535VET6, STM32U535VET6Q, STM32U545CET6, STM32U545CET6Q, STM32U545CEU6, STM32U545CEU6Q, STM32U545JEY6QTR, STM32U545NEY6QTR, STM32U545REI6, STM32U545REI6Q, STM32U545RET6, STM32U545RET6Q, STM32U545VEI6, STM32U545VEI6Q, STM32U545VET6, STM32U545VET6Q, STM32U595AIH6, STM32U595AIH6Q, STM32U595AJH6, STM32U595AJH6Q, STM32U595QII6, STM32U595QII6Q, STM32U595QJI6, STM32U595QJI6Q, STM32U595RIT6, STM32U595RIT6Q, STM32U595RJT6, STM32U595RJT6Q, STM32U595VIT6, STM32U595VIT6Q, STM32U595VJT6, STM32U595VJT6Q, STM32U595ZIT6, STM32U595ZIT6Q, STM32U595ZIY6QTR, STM32U595ZJT6, STM32U595ZJT6Q, STM32U595ZJY6QTR, STM32U599BJY6QTR, STM32U599NIH6Q, STM32U599NJH6Q, STM32U599VIT6Q, STM32U599VJT6, STM32U599VJT6Q, STM32U599ZIT6Q, STM32U599ZIY6QTR, STM32U599ZJT6Q, STM32U599ZJY6QTR, STM32U5A5AJH6, STM32U5A5AJH6Q, STM32U5A5QII3Q , STM32U5A5QJI6, STM32U5A5QJI6Q, STM32U5A5RJT6, STM32U5A5RJT6Q, STM32U5A5VJT6, STM32U5A5VJT6Q, STM32U5A5ZJT6, STM32U5A5ZJT6Q, STM32U5A5ZJY6QTR, STM32U5A9BJY6QTR, STM32U5A9J-DK, STM32U5A9NJH6Q, STM32U5A9VJT6Q, STM32U5A9ZJT6Q, STM32U5A9ZJY6QTR, STM32U5F7VIT6, STM32U5F7VIT6Q, STM32U5F7VJT6, STM32U5F7VJT6Q, STM32U5F9BJY6QTR, STM32U5F9NJH6Q, STM32U5F9VIT6Q, STM32U5F9VJT6Q, STM32U5F9ZIJ6QTR, STM32U5F9ZIT6Q, STM32U5F9ZJJ6QTR, STM32U5F9ZJT6Q, STM32U5G7VJT6, STM32U5G7VJT6Q, STM32U5G9BJY6QTR, STM32U5G9J-DK1, STM32U5G9J-DK2, STM32U5G9NJH6Q, STM32U5G9VJT6Q, STM32U5G9ZJJ6QTR, STM32U5G9ZJT6Q, STM32WB05KZV6TR, STM32WB05KZV7TR, STM32WB05TZF6TR, STM32WB05TZF7TR, STM32WB06CCF6TR, STM32WB06CCF7TR, STM32WB06CCV6TR, STM32WB06CCV7TR, STM32WB06KCV6TR, STM32WB06KCV7TR, STM32WB07CCF6TR, STM32WB07CCF7TR, STM32WB07CCV6TR, STM32WB07CCV7TR, STM32WB07KCV6TR, STM32WB07KCV7TR, STM32WB09KEV6TR, STM32WB09KEV7TR, STM32WB09TEF6TR, STM32WB09TEF7TR, STM32WB1MMCH6, STM32WBA50KGU6, STM32WBA50KGU6TR, STM32WBA52CEU6, STM32WBA52CEU6TR, STM32WBA52CEU7, STM32WBA52CEU7TR, STM32WBA52CGU6, STM32WBA52CGU6TR, STM32WBA52CGU6U, STM32WBA52CGU7, STM32WBA52CGU7TR, STM32WBA52KEU6, STM32WBA52KEU6TR, STM32WBA52KGU6, STM32WBA52KGU6TR, STM32WBA54CEU6, STM32WBA54CEU6TR, STM32WBA54CEU7, STM32WBA54CEU7TR, STM32WBA54CGU6, STM32WBA54CGU6TR, STM32WBA54CGU7, STM32WBA54CGU7TR, STM32WBA54KEU6, STM32WBA54KEU6TR, STM32WBA54KEU7, STM32WBA54KEU7TR, STM32WBA54KGU6, STM32WBA54KGU6TR, STM32WBA54KGU7, STM32WBA54KGU7TR, STM32WBA55CEU6, STM32WBA55CEU6TR, STM32WBA55CEU7, STM32WBA55CEU7TR, STM32WBA55CGU6, STM32WBA55CGU6TR, STM32WBA55CGU6U, STM32WBA55CGU7, STM32WBA55CGU7TR, STM32WBA55G-DK1, STM32WBA55HEF6, STM32WBA55HEF7, STM32WBA55HGF6, STM32WBA55HGF7, STM32WBA55UEI6, STM32WBA55UEI6TR, STM32WBA55UEI7, STM32WBA55UEI7TR, STM32WBA55UGI6, STM32WBA55UGI6TR, STM32WBA55UGI7, STM32WBA55UGI7TR, STM32WBA5MMGH6TR, STM32WBA62MGF6, STM32WBA62MIF6, STM32WBA65MGF7, STM32WBA65MIF6, STM32WBA65MIF7, STM32WL30K8V6, STM32WL30KBV6, STM32WL31C8V6, STM32WL31CBV6, STM32WL31K8V6, STM32WL31KBV6, STM32WL33C8V6, STM32WL33C8V6X, STM32WL33CBV6, STM32WL33CBV6X, STM32WL33CCV6, STM32WL33CCV6A, STM32WL33CCV6X, STM32WL33K8V7, STM32WL33K8V7X, STM32WL33KBV7 , STM32WL33KBV7X, STM32WL33KCV7, STM32WL33KCV7X, STM32WL5MOCH6, STM32WL5MOCH6TR]
2025-07-15 09:35:42,664 [INFO] BoardInfo:889 - No configuration file found for board P-NUCLEO-WB55
2025-07-15 09:35:42,667 [INFO] DbBoards:161 - Kit is not supported: P-NUCLEO-WB55
2025-07-15 09:35:42,683 [INFO] BoardInfo:889 - No configuration file found for board STEVAL-BFA001V1B
2025-07-15 09:35:42,685 [INFO] DbBoards:161 - Kit is not supported: STEVAL-BFA001V1B
2025-07-15 09:35:42,687 [INFO] BoardInfo:889 - No configuration file found for board STEVAL-BFA001V2B
2025-07-15 09:35:42,690 [INFO] DbBoards:161 - Kit is not supported: STEVAL-BFA001V2B
2025-07-15 09:35:43,178 [INFO] DbBoards:168 - Found 212 boards, 209 are supported
2025-07-15 09:35:43,179 [INFO] DbBoards:169 - Found 212 boards, 43 of them is supported for  Bsp
2025-07-15 09:35:43,185 [INFO] ApiDb:668 - CubeFinder database Data Model version=2.1
2025-07-15 09:35:43,185 [INFO] ApiDb:669 - CubeFinder database Configuration version=3.0.39
2025-07-15 09:35:43,185 [INFO] ApiDb:670 - CubeFinder database generation date=2025-06-24 (1750757100)
2025-07-15 09:35:43,185 [INFO] ApiDb:671 - CubeFinder database FW Pack versions=[FP-ATR-ASTRA1_V2.0.0, FP-SNS-FLIGHT1_V5.1.0, FP-SNS-MOTENV1_V5.0.0, FP-SNS-MOTENVWB1_V1.4.0, FP-SNS-SMARTAG2_V1.2.0, FP-SNS-STBOX1_V2.0.0, STM32Cube_FW_C0_V1.4.0, STM32Cube_FW_F4_V1.28.2, STM32Cube_FW_F7_V1.17.3, STM32Cube_FW_G0_V1.6.2, STM32Cube_FW_G4_V1.6.1, STM32Cube_FW_H5_V1.5.0, STM32Cube_FW_H7RS_V1.2.0, STM32Cube_FW_H7_V1.12.1, STM32Cube_FW_L0_V1.12.2, STM32Cube_FW_L4_V1.18.1, STM32Cube_FW_L5_V1.5.1, STM32Cube_FW_N6_V1.2.0, STM32Cube_FW_U0_V1.3.0, STM32Cube_FW_U3_V1.2.0, STM32Cube_FW_U5_V1.8.0, STM32Cube_FW_WB0_V1.3.0, STM32Cube_FW_WBA_V1.7.0, STM32Cube_FW_WB_V1.23.0, STM32Cube_FW_WL3_V1.2.0, STM32Cube_FW_WL_V1.3.1, X-CUBE-ALGOBUILD_V1.4.0, X-CUBE-ALS_V1.0.2, X-CUBE-AZRTOS-F4_V1.1.0, X-CUBE-AZRTOS-F7_V1.1.0, X-CUBE-AZRTOS-G0_V1.1.0, X-CUBE-AZRTOS-G4_V2.0.0, X-CUBE-AZRTOS-H7RS_V1.1.0, X-CUBE-AZRTOS-H7_V3.3.0, X-CUBE-AZRTOS-L4_V2.0.0, X-CUBE-AZRTOS-L5_V2.0.0, X-CUBE-AZRTOS-WB_V2.0.0, X-CUBE-AZRTOS-WL_V2.0.0, X-CUBE-BLE1_V7.1.0, X-CUBE-BLE2_V3.3.0, X-CUBE-BLEMGR_V4.0.0, X-CUBE-EEPRMA1_V5.1.0, X-CUBE-FREERTOS_V1.3.1, X-CUBE-GNSS1_V6.0.0, X-CUBE-MEMS1_V11.3.0, X-CUBE-NFC4_V3.0.0, X-CUBE-NFC7_V2.0.0, X-CUBE-SFXS2LP1_V4.0.0, X-CUBE-SUBG2_V5.0.0, X-CUBE-TOF1_V3.4.3]
2025-07-15 09:35:47,152 [INFO] ApiDb:240 - Found 880 in-development CPN: [B-G473E-ZEST1S, B-WB1M-WPAN1, B-WBA5M-WPAN, B-WL5M-SUBG1, NUCLEO-C031C6, NUCLEO-C051C8, NUCLEO-C071RB, NUCLEO-C092RC, NUCLEO-H503RB, NUCLEO-H533RE, NUCLEO-H563ZI, NUCLEO-H7S3L8, NUCLEO-N657X0-Q, NUCLEO-U031R8, NUCLEO-U083RC, NUCLEO-U385RG-Q, NUCLEO-U545RE-Q, NUCLEO-U5A5ZJ-Q, NUCLEO-WB05KZ, NUCLEO-WB07CC, NUCLEO-WB09KE, NUCLEO-WBA52CG, NUCLEO-WBA55CG, NUCLEO-WL33CC1, NUCLEO-WL33CC2, STEVAL-PROTEUS1, STEVAL-SMARTAG2, STEVAL-STWINBX1, STM320518-EVAL, STM32C0116-DK, STM32C011D6Y3TR, STM32C011D6Y6TR, STM32C011F4P3, STM32C011F4P6, STM32C011F4U3, STM32C011F4U6TR, STM32C011F6P3, STM32C011F6P6, STM32C011F6U3, STM32C011F6U6TR, STM32C011J4M3, STM32C011J4M6, STM32C011J6M3, STM32C011J6M6, STM32C0316-DK, STM32C031C4T3, STM32C031C4T6, STM32C031C4U3, STM32C031C4U6, STM32C031C6T3, STM32C031C6T6, STM32C031C6U3, STM32C031C6U6, STM32C031F4P3, STM32C031F4P6, STM32C031F6P3, STM32C031F6P6, STM32C031G4U3, STM32C031G4U6, STM32C031G6U3, STM32C031G6U6, STM32C031K4T3, STM32C031K4T6, STM32C031K4U3, STM32C031K4U6, STM32C031K6T3, STM32C031K6T6, STM32C031K6U3, STM32C031K6U6, STM32C051C6T6, STM32C051C6U6, STM32C051C8T6, STM32C051C8U6, STM32C051D8Y6TR, STM32C051F6P6, STM32C051F8P6, STM32C051G6U6, STM32C051G8U6, STM32C051K6T6, STM32C051K6U6, STM32C051K8T6, STM32C071C8T6, STM32C071C8T6N, STM32C071C8U6, STM32C071C8U6N, STM32C071CBT6, STM32C071CBT6N, STM32C071CBU6, STM32C071CBU6N, STM32C071F8P6, STM32C071F8P6N, STM32C071FBP6, STM32C071FBP6N, STM32C071FBY6TR, STM32C071G8U6, STM32C071G8U6N, STM32C071GBU6, STM32C071GBU6N, STM32C071K8T6, STM32C071K8T6N, STM32C071K8U6, STM32C071K8U6N, STM32C071KBT6, STM32C071KBT6N, STM32C071KBU6, STM32C071KBU6N, STM32C071R8T6, STM32C071R8T6N, STM32C071RBI6N, STM32C071RBT6, STM32C071RBT6N, STM32C091CBT6, STM32C091CBU6, STM32C091CCT6, STM32C091CCU6, STM32C091ECY6TR, STM32C091FBP6, STM32C091FCP6, STM32C091GBU6, STM32C091GCU6, STM32C091KBT6, STM32C091KBU6, STM32C091KCT6, STM32C091KCU6, STM32C091RBT6, STM32C091RCI6, STM32C091RCT6, STM32C092CBT6, STM32C092CBU6, STM32C092CCT6, STM32C092CCU6, STM32C092ECY6TR, STM32C092FBP6, STM32C092FCP6, STM32C092GBU6, STM32C092GCU6, STM32C092KBT6, STM32C092KBU6, STM32C092KCT6, STM32C092KCU6, STM32C092RBT6, STM32C092RCI6, STM32C092RCT6, STM32G071K8TXN, STM32G071K8UXN, STM32G081GBU6N, STM32G081KBT6N, STM32G081KBUXN, STM32G0B1CCT6N, STM32G0B1KCT6, STM32G0B1NEY6TR, STM32G0B1RCT6N, STM32G0C1CCT6, STM32G0C1CCT6N, STM32G0C1CCU6N, STM32G0C1CET6N, STM32G0C1CEU6N, STM32G0C1KCT6, STM32G0C1NEY6TR, STM32G0C1RCI6N, STM32G0C1RCT6N, STM32G0C1REI6N, STM32G0C1RET6N, STM32G0C1VCI6, STM32G0C1VEI6, STM32G411C6T3, STM32G411C6T6, STM32G411C6U3, STM32G411C6U6, STM32G411C8T3, STM32G411C8T6, STM32G411C8U3, STM32G411C8U6, STM32G411CBT3, STM32G411CBT6, STM32G411CBU3, STM32G411CBU6, STM32G411K6T3, STM32G411K6T6, STM32G411K6U3, STM32G411K6U6, STM32G411K8T3, STM32G411K8T6, STM32G411K8U3, STM32G411K8U6, STM32G411KBT3, STM32G411KBT6, STM32G411KBU3, STM32G411KBU6, STM32G411M6T3, STM32G411M6T6, STM32G411M8T3, STM32G411M8T6, STM32G411MBT3, STM32G411MBT6, STM32G411R6T3, STM32G411R6T6, STM32G411R8T3, STM32G411R8T6, STM32G411RBT3, STM32G411RBT6, STM32G414CBT3, STM32G414CBT6, STM32G414CBU3, STM32G414CBU6, STM32G414CCT3, STM32G414CCT6, STM32G414CCU3, STM32G414CCU6, STM32G414MBT3, STM32G414MBT6, STM32G414MCT3, STM32G414MCT6, STM32G414RBT3, STM32G414RBT6, STM32G414RCT3, STM32G414RCT6, STM32G414VBT3, STM32G414VBT6, STM32G414VCT3, STM32G414VCT6, STM32G431CBT3Z, STM32G431RBT3Z, STM32G471CCT6, STM32G471CCU6, STM32G471CET3, STM32G471CET6, STM32G471CEU3, STM32G471CEU6, STM32G471MCT6, STM32G471MET3, STM32G471MET6, STM32G471MEY6TR, STM32G471QCT6, STM32G471QET3, STM32G471RCT6, STM32G471RET3, STM32G471RET6, STM32G471VCH6, STM32G471VCI6, STM32G471VCT6, STM32G471VEH3, STM32G471VEH6, STM32G471VEI3, STM32G471VEI6, STM32G471VET3, STM32G471VET6, STM32G473QET3Z, STM32G473RET3Z, STM32G474CCT6, STM32G491RET3Z, STM32H503CBT6, STM32H503CBU6, STM32H503EBY6TR, STM32H503KBU6, STM32H503RBT6, STM32H523CCT6, STM32H523CCU6, STM32H523CET6, STM32H523CEU6, STM32H523HEY6TR, STM32H523RCT6, STM32H523RET6, STM32H523VCI6, STM32H523VCT6, STM32H523VEI6, STM32H523VET6, STM32H523ZCJ6, STM32H523ZCT6, STM32H523ZEJ6, STM32H523ZET6, STM32H533CET6, STM32H533CEU6, STM32H533HEY6TR, STM32H533RET6, STM32H533VEI6, STM32H533VET6, STM32H533ZEJ6, STM32H533ZET6, STM32H562AGI6, STM32H562AII6, STM32H562IGK6, STM32H562IGT6, STM32H562IIK6, STM32H562IIT6, STM32H562RGT6, STM32H562RGV6, STM32H562RIT6, STM32H562RIV6, STM32H562VGT6, STM32H562VIT6, STM32H562ZGT6, STM32H562ZIT6, STM32H563AGI6, STM32H563AII3Q, STM32H563AII6, STM32H563IGK6, STM32H563IGT6, STM32H563IIK3Q, STM32H563IIK6, STM32H563IIT3Q, STM32H563IIT6, STM32H563MIY3QTR, STM32H563RGT6, STM32H563RGV6, STM32H563RIT6, STM32H563RIV6, STM32H563VGT6, STM32H563VIT3Q, STM32H563VIT6, STM32H563ZGT6, STM32H563ZIT3Q, STM32H563ZIT6, STM32H573AII3Q, STM32H573AII6, STM32H573I-DK, STM32H573IIK3Q, STM32H573IIK6, STM32H573IIT3Q, STM32H573IIT6, STM32H573MIY3QTR, STM32H573RIT6, STM32H573RIV6, STM32H573VIT3Q, STM32H573VIT6, STM32H573ZIT3Q, STM32H573ZIT6, STM32H7R3A8I6, STM32H7R3I8K6, STM32H7R3I8T6, STM32H7R3L8H6, STM32H7R3L8H6H, STM32H7R3R8V6, STM32H7R3V8H6, STM32H7R3V8T6, STM32H7R3V8Y6TR, STM32H7R3Z8J6, STM32H7R3Z8T6, STM32H7R7A8I6, STM32H7R7I8K6, STM32H7R7I8T6, STM32H7R7L8H6, STM32H7R7L8H6H, STM32H7R7Z8J6, STM32H7S3A8I6, STM32H7S3I8K6, STM32H7S3I8T6, STM32H7S3L8H6, STM32H7S3L8H6H, STM32H7S3R8V6, STM32H7S3V8H6, STM32H7S3V8T6, STM32H7S3V8Y6TR, STM32H7S3Z8J6, STM32H7S3Z8T6, STM32H7S78-DK, STM32H7S7A8I6, STM32H7S7I8K6, STM32H7S7I8T6, STM32H7S7L8H6, STM32H7S7L8H6H, STM32H7S7Z8J6, STM32L4R5QGI6STR, STM32MP131AAE3, STM32MP131AAF3, STM32MP131AAG3, STM32MP131CAE3, STM32MP131CAF3, STM32MP131CAG3, STM32MP131DAE7, STM32MP131DAF7, STM32MP131DAG7, STM32MP131FAE7, STM32MP131FAF7, STM32MP131FAG7, STM32MP133AAE3, STM32MP133AAF3, STM32MP133AAG3, STM32MP133CAE3, STM32MP133CAF3, STM32MP133CAG3, STM32MP133DAE7, STM32MP133DAF7, STM32MP133DAG7, STM32MP133FAE7, STM32MP133FAF7, STM32MP133FAG7, STM32MP135AAE3, STM32MP135AAF3, STM32MP135AAG3, STM32MP135CAE3, STM32MP135CAF3, STM32MP135CAG3, STM32MP135DAE7, STM32MP135DAF7, STM32MP135DAG7, STM32MP135F-DK, STM32MP135FAE7, STM32MP135FAF7, STM32MP135FAF7T, STM32MP135FAF7U, STM32MP135FAG7, STM32MP211AAL3, STM32MP211AAM3, STM32MP211AAN3, STM32MP211AAO3, STM32MP211CAL3, STM32MP211CAM3, STM32MP211CAN3, STM32MP211CAO3, STM32MP211DAL3, STM32MP211DAM3, STM32MP211DAN3, STM32MP211DAO3, STM32MP211FAL3, STM32MP211FAM3, STM32MP211FAN3, STM32MP211FAO3, STM32MP213AAL3, STM32MP213AAM3, STM32MP213AAN3, STM32MP213AAO3, STM32MP213CAL3, STM32MP213CAM3, STM32MP213CAN3, STM32MP213CAO3, STM32MP213DAL3, STM32MP213DAM3, STM32MP213DAN3, STM32MP213DAO3, STM32MP213FAL3, STM32MP213FAM3, STM32MP213FAN3, STM32MP213FAO3, STM32MP215AAL3, STM32MP215AAM3, STM32MP215AAN3, STM32MP215AAO3, STM32MP215CAL3, STM32MP215CAM3, STM32MP215CAN3, STM32MP215CAO3, STM32MP215DAL3, STM32MP215DAM3, STM32MP215DAN3, STM32MP215DAO3, STM32MP215F-DK, STM32MP215FAL3, STM32MP215FAM3, STM32MP215FAN3, STM32MP215FAO3, STM32MP231AAJ3, STM32MP231AAK3, STM32MP231AAL3, STM32MP231CAJ3, STM32MP231CAK3, STM32MP231CAL3, STM32MP231DAJ3, STM32MP231DAK3, STM32MP231DAL3, STM32MP231FAJ3, STM32MP231FAK3, STM32MP231FAL3, STM32MP233AAJ3, STM32MP233AAK3, STM32MP233AAL3, STM32MP233CAJ3, STM32MP233CAK3, STM32MP233CAL3, STM32MP233DAJ3, STM32MP233DAK3, STM32MP233DAL3, STM32MP233FAJ3, STM32MP233FAK3, STM32MP233FAL3, STM32MP235AAJ3, STM32MP235AAK3, STM32MP235AAL3, STM32MP235CAJ3, STM32MP235CAK3, STM32MP235CAL3, STM32MP235DAJ3, STM32MP235DAK3, STM32MP235DAL3, STM32MP235FAJ3, STM32MP235FAK3, STM32MP235FAL3, STM32MP251AAI3, STM32MP251AAK3, STM32MP251AAL3, STM32MP251CAI3, STM32MP251CAK3, STM32MP251CAL3, STM32MP251DAI3, STM32MP251DAK3, STM32MP251DAL3, STM32MP251FAI3, STM32MP251FAK3, STM32MP251FAL3, STM32MP253AAI3, STM32MP253AAK3, STM32MP253AAL3, STM32MP253CAI3, STM32MP253CAK3, STM32MP253CAL3, STM32MP253DAI3, STM32MP253DAK3, STM32MP253DAL3, STM32MP253FAI3, STM32MP253FAK3, STM32MP253FAL3, STM32MP255AAI3, STM32MP255AAK3, STM32MP255AAL3, STM32MP255CAI3, STM32MP255CAK3, STM32MP255CAL3, STM32MP255DAI3, STM32MP255DAK3, STM32MP255DAL3, STM32MP255FAI3, STM32MP255FAK3, STM32MP255FAL3, STM32MP257AAI3, STM32MP257AAK3, STM32MP257AAL3, STM32MP257CAI3, STM32MP257CAK3, STM32MP257CAL3, STM32MP257DAI3, STM32MP257DAK3, STM32MP257DAL3, STM32MP257F-DK, STM32MP257F-EV1, STM32MP257FAI3, STM32MP257FAK3, STM32MP257FAL3, STM32N645A0H3Q, STM32N645B0H3Q, STM32N645I0H3Q, STM32N645L0H3Q, STM32N645X0H3Q, STM32N645Z0H3Q, STM32N647A0H3Q, STM32N647B0H3Q, STM32N647I0H3Q, STM32N647L0H3Q, STM32N647X0H3Q, STM32N647Z0H3Q, STM32N655A0H3Q, STM32N655B0H3Q, STM32N655I0H3Q, STM32N655L0H3Q, STM32N655X0H3Q, STM32N655Z0H3Q, STM32N6570-DK, STM32N657A0H3Q, STM32N657B0H3Q, STM32N657I0H3Q, STM32N657L0H3Q, STM32N657X0H3Q, STM32N657Z0H3Q, STM32U031C6T6, STM32U031C6U6, STM32U031C8T6, STM32U031C8U6, STM32U031F4P6, STM32U031F6P6, STM32U031F8P6, STM32U031G6Y6TR, STM32U031G8Y6TR, STM32U031K4U6, STM32U031K6U6, STM32U031K8U6, STM32U031R6I6, STM32U031R6T6, STM32U031R8I6, STM32U031R8T6, STM32U073C8T6, STM32U073C8U6, STM32U073CBT6, STM32U073CBU6, STM32U073CCT6, STM32U073CCU6, STM32U073H8Y6TR, STM32U073HBY6TR, STM32U073HCY6TR, STM32U073K8U6, STM32U073KBU6, STM32U073KCU6, STM32U073M8I6, STM32U073M8T6, STM32U073MBI6, STM32U073MBT6, STM32U073MCI6, STM32U073MCT6, STM32U073R8I6, STM32U073R8T6, STM32U073RBI6, STM32U073RBT6, STM32U073RCI6, STM32U073RCT6, STM32U083C-DK, STM32U083CCT6, STM32U083CCU6, STM32U083HCY6TR, STM32U083KCU6, STM32U083MCI6, STM32U083MCT6, STM32U083RCI6, STM32U083RCT6, STM32U375CET6, STM32U375CET6Q, STM32U375CEU6, STM32U375CEU6Q, STM32U375CEY6QTR, STM32U375CGT6, STM32U375CGT6Q, STM32U375CGU6, STM32U375CGU6Q, STM32U375CGY6QTR, STM32U375KEU6, STM32U375KGU6, STM32U375REI6, STM32U375REI6Q, STM32U375RET6, STM32U375RET6Q, STM32U375REY6GTR, STM32U375REY6QTR, STM32U375RGI6, STM32U375RGI6Q, STM32U375RGT6, STM32U375RGT6Q, STM32U375RGY6GTR, STM32U375RGY6QTR, STM32U375VEI6, STM32U375VEI6Q, STM32U375VET6, STM32U375VET6Q, STM32U375VGI6, STM32U375VGI6Q, STM32U375VGT6, STM32U375VGT6Q, STM32U385CGT6, STM32U385CGT6Q, STM32U385CGU6, STM32U385CGU6Q, STM32U385CGY6QTR, STM32U385KGU6, STM32U385RGI6, STM32U385RGI6Q, STM32U385RGT6, STM32U385RGT6Q, STM32U385RGY6GTR, STM32U385RGY6QTR, STM32U385VGI6, STM32U385VGI6Q, STM32U385VGT6, STM32U385VGT6Q, STM32U535CBT6, STM32U535CBT6Q, STM32U535CBU6, STM32U535CBU6Q, STM32U535CCT6, STM32U535CCT6Q, STM32U535CCU6, STM32U535CCU6Q, STM32U535CET6, STM32U535CET6Q, STM32U535CEU6, STM32U535CEU6Q, STM32U535JEY6QTR, STM32U535NCY6QTR, STM32U535NEY6QTR, STM32U535RBI6, STM32U535RBI6Q, STM32U535RBT6, STM32U535RBT6Q, STM32U535RCI6, STM32U535RCI6Q, STM32U535RCT6, STM32U535RCT6Q, STM32U535REI6, STM32U535REI6Q, STM32U535RET6, STM32U535RET6Q, STM32U535VCI6, STM32U535VCI6Q, STM32U535VCT6, STM32U535VCT6Q, STM32U535VEI6, STM32U535VEI6Q, STM32U535VET6, STM32U535VET6Q, STM32U545CET6, STM32U545CET6Q, STM32U545CEU6, STM32U545CEU6Q, STM32U545JEY6QTR, STM32U545NEY6QTR, STM32U545REI6, STM32U545REI6Q, STM32U545RET6, STM32U545RET6Q, STM32U545VEI6, STM32U545VEI6Q, STM32U545VET6, STM32U545VET6Q, STM32U595AIH6, STM32U595AIH6Q, STM32U595AJH6, STM32U595AJH6Q, STM32U595QII6, STM32U595QII6Q, STM32U595QJI6, STM32U595QJI6Q, STM32U595RIT6, STM32U595RIT6Q, STM32U595RJT6, STM32U595RJT6Q, STM32U595VIT6, STM32U595VIT6Q, STM32U595VJT6, STM32U595VJT6Q, STM32U595ZIT6, STM32U595ZIT6Q, STM32U595ZIY6QTR, STM32U595ZJT6, STM32U595ZJT6Q, STM32U595ZJY6QTR, STM32U599BJY6QTR, STM32U599NIH6Q, STM32U599NJH6Q, STM32U599VIT6Q, STM32U599VJT6, STM32U599VJT6Q, STM32U599ZIT6Q, STM32U599ZIY6QTR, STM32U599ZJT6Q, STM32U599ZJY6QTR, STM32U5A5AJH6, STM32U5A5AJH6Q, STM32U5A5QII3Q , STM32U5A5QJI6, STM32U5A5QJI6Q, STM32U5A5RJT6, STM32U5A5RJT6Q, STM32U5A5VJT6, STM32U5A5VJT6Q, STM32U5A5ZJT6, STM32U5A5ZJT6Q, STM32U5A5ZJY6QTR, STM32U5A9BJY6QTR, STM32U5A9J-DK, STM32U5A9NJH6Q, STM32U5A9VJT6Q, STM32U5A9ZJT6Q, STM32U5A9ZJY6QTR, STM32U5F7VIT6, STM32U5F7VIT6Q, STM32U5F7VJT6, STM32U5F7VJT6Q, STM32U5F9BJY6QTR, STM32U5F9NJH6Q, STM32U5F9VIT6Q, STM32U5F9VJT6Q, STM32U5F9ZIJ6QTR, STM32U5F9ZIT6Q, STM32U5F9ZJJ6QTR, STM32U5F9ZJT6Q, STM32U5G7VJT6, STM32U5G7VJT6Q, STM32U5G9BJY6QTR, STM32U5G9J-DK1, STM32U5G9J-DK2, STM32U5G9NJH6Q, STM32U5G9VJT6Q, STM32U5G9ZJJ6QTR, STM32U5G9ZJT6Q, STM32WB05KZV6TR, STM32WB05KZV7TR, STM32WB05TZF6TR, STM32WB05TZF7TR, STM32WB06CCF6TR, STM32WB06CCF7TR, STM32WB06CCV6TR, STM32WB06CCV7TR, STM32WB06KCV6TR, STM32WB06KCV7TR, STM32WB07CCF6TR, STM32WB07CCF7TR, STM32WB07CCV6TR, STM32WB07CCV7TR, STM32WB07KCV6TR, STM32WB07KCV7TR, STM32WB09KEV6TR, STM32WB09KEV7TR, STM32WB09TEF6TR, STM32WB09TEF7TR, STM32WB1MMCH6, STM32WBA50KGU6, STM32WBA50KGU6TR, STM32WBA52CEU6, STM32WBA52CEU6TR, STM32WBA52CEU7, STM32WBA52CEU7TR, STM32WBA52CGU6, STM32WBA52CGU6TR, STM32WBA52CGU6U, STM32WBA52CGU7, STM32WBA52CGU7TR, STM32WBA52KEU6, STM32WBA52KEU6TR, STM32WBA52KGU6, STM32WBA52KGU6TR, STM32WBA54CEU6, STM32WBA54CEU6TR, STM32WBA54CEU7, STM32WBA54CEU7TR, STM32WBA54CGU6, STM32WBA54CGU6TR, STM32WBA54CGU7, STM32WBA54CGU7TR, STM32WBA54KEU6, STM32WBA54KEU6TR, STM32WBA54KEU7, STM32WBA54KEU7TR, STM32WBA54KGU6, STM32WBA54KGU6TR, STM32WBA54KGU7, STM32WBA54KGU7TR, STM32WBA55CEU6, STM32WBA55CEU6TR, STM32WBA55CEU7, STM32WBA55CEU7TR, STM32WBA55CGU6, STM32WBA55CGU6TR, STM32WBA55CGU6U, STM32WBA55CGU7, STM32WBA55CGU7TR, STM32WBA55G-DK1, STM32WBA55HEF6, STM32WBA55HEF7, STM32WBA55HGF6, STM32WBA55HGF7, STM32WBA55UEI6, STM32WBA55UEI6TR, STM32WBA55UEI7, STM32WBA55UEI7TR, STM32WBA55UGI6, STM32WBA55UGI6TR, STM32WBA55UGI7, STM32WBA55UGI7TR, STM32WBA5MMGH6TR, STM32WBA62MGF6, STM32WBA62MIF6, STM32WBA65MGF7, STM32WBA65MIF6, STM32WBA65MIF7, STM32WL30K8V6, STM32WL30KBV6, STM32WL31C8V6, STM32WL31CBV6, STM32WL31K8V6, STM32WL31KBV6, STM32WL33C8V6, STM32WL33C8V6X, STM32WL33CBV6, STM32WL33CBV6X, STM32WL33CCV6, STM32WL33CCV6A, STM32WL33CCV6X, STM32WL33K8V7, STM32WL33K8V7X, STM32WL33KBV7 , STM32WL33KBV7X, STM32WL33KCV7, STM32WL33KCV7X, STM32WL5MOCH6, STM32WL5MOCH6TR]
2025-07-15 09:35:47,159 [INFO] DbMcus:218 - Found 4801 MCUs, 4801 are supported
2025-07-15 09:35:47,159 [INFO] ApiDb:414 - User favorites file not found: C:\Users\Administrator/.stm32cubeide/favorites.mcus.txt
2025-07-15 09:35:47,160 [INFO] DbMcus:224 - Set 0 / 0 favorites MCUs
2025-07-15 09:35:47,722 [INFO] ApiDb:414 - User favorites file not found: C:\Users\Administrator/.stm32cubeide/favorites.boards.txt
2025-07-15 09:35:47,722 [INFO] DbBoards:198 - Set 0 / 0 favorites Boards
2025-07-15 09:35:47,768 [INFO] UtilMem:75 - End LoadConfig() Used Memory: 273732160 Bytes (330301440)
2025-07-15 09:35:47,984 [WARN] ThirdParty:833 - waiting for thirdparty lock release [change project]
2025-07-15 09:35:47,984 [INFO] ThirdParty:835 - entering critical section [change project]
2025-07-15 09:35:47,985 [INFO] ThirdParty:1030 - CMSIS Pack Vendor :STMicroelectronics X-CUBE-PM33A1 1.0.0
2025-07-15 09:35:47,985 [INFO] ThirdParty:1030 - CMSIS Pack Vendor :STMicroelectronics USBPD 4.1
2025-07-15 09:35:47,985 [INFO] ThirdParty:1030 - CMSIS Pack Vendor :STMicroelectronics X-CUBE-NFC9 1.0.0
2025-07-15 09:35:47,985 [INFO] ThirdParty:1030 - CMSIS Pack Vendor :wolfSSL I-CUBE-wolfSSL 5.8.0
2025-07-15 09:35:47,985 [INFO] ThirdParty:1030 - CMSIS Pack Vendor :STMicroelectronics USB_HOST 2.0.0
2025-07-15 09:35:47,985 [INFO] ThirdParty:1030 - CMSIS Pack Vendor :STMicroelectronics FP-SNS-MOTENVWB1 1.4.0
2025-07-15 09:35:47,985 [INFO] ThirdParty:1030 - CMSIS Pack Vendor :STMicroelectronics X-CUBE-AZRTOS-F4 1.1.0
2025-07-15 09:35:47,985 [INFO] ThirdParty:1030 - CMSIS Pack Vendor :STMicroelectronics LIBJPEG 8.0.0
2025-07-15 09:35:47,985 [INFO] ThirdParty:1030 - CMSIS Pack Vendor :STMicroelectronics FP-ATR-ASTRA1 2.0.2
2025-07-15 09:35:47,985 [INFO] ThirdParty:1030 - CMSIS Pack Vendor :STMicroelectronics X-CUBE-BLE1 7.1.0
2025-07-15 09:35:47,985 [INFO] ThirdParty:1030 - CMSIS Pack Vendor :STMicroelectronics X-CUBE-SMBUS 2.1.0
2025-07-15 09:35:47,985 [INFO] ThirdParty:1030 - CMSIS Pack Vendor :wolfSSL I-CUBE-wolfMQTT 1.19.2
2025-07-15 09:35:47,985 [INFO] ThirdParty:1030 - CMSIS Pack Vendor :STMicroelectronics USB_DEVICE 3.0.0
2025-07-15 09:35:47,985 [INFO] ThirdParty:1030 - CMSIS Pack Vendor :STMicroelectronics X-CUBE-ISPU 2.1.0
2025-07-15 09:35:47,985 [INFO] ThirdParty:1030 - CMSIS Pack Vendor :STMicroelectronics X-CUBE-EEPRMA1 5.2.0
2025-07-15 09:35:47,985 [INFO] ThirdParty:1030 - CMSIS Pack Vendor :STMicroelectronics X-CUBE-AZRTOS-WB 2.0.0
2025-07-15 09:35:47,986 [INFO] ThirdParty:1030 - CMSIS Pack Vendor :STMicroelectronics X-CUBE-ST60 1.0.0
2025-07-15 09:35:47,986 [INFO] ThirdParty:1030 - CMSIS Pack Vendor :STMicroelectronics X-CUBE-GNSS1 7.0.1
2025-07-15 09:35:47,986 [INFO] ThirdParty:1030 - CMSIS Pack Vendor :STMicroelectronics X-CUBE-NFC12 1.0.0
2025-07-15 09:35:47,986 [INFO] ThirdParty:1030 - CMSIS Pack Vendor :STMicroelectronics X-CUBE-AZRTOS-F7 1.1.0
2025-07-15 09:35:47,986 [INFO] ThirdParty:1030 - CMSIS Pack Vendor :STMicroelectronics X-CUBE-AZRTOS-L5 2.0.0
2025-07-15 09:35:47,986 [INFO] ThirdParty:1030 - CMSIS Pack Vendor :STMicroelectronics X-CUBE-TOUCHGFX 4.25.0
2025-07-15 09:35:47,986 [INFO] ThirdParty:1030 - CMSIS Pack Vendor :STMicroelectronics USB_DEVICE 2.0.0
2025-07-15 09:35:47,986 [INFO] ThirdParty:1030 - CMSIS Pack Vendor :STMicroelectronics X-CUBE-NFC6 3.1.0
2025-07-15 09:35:47,986 [INFO] ThirdParty:1030 - CMSIS Pack Vendor :STMicroelectronics X-CUBE-AI 10.1.0
2025-07-15 09:35:47,987 [INFO] ThirdParty:1030 - CMSIS Pack Vendor :STMicroelectronics FP-SNS-STBOX1 2.0.0
2025-07-15 09:35:47,987 [INFO] ThirdParty:1030 - CMSIS Pack Vendor :STMicroelectronics FreeRTOS 0.0.1
2025-07-15 09:35:47,987 [INFO] ThirdParty:1030 - CMSIS Pack Vendor :STMicroelectronics X-CUBE-AZRTOS-G0 1.1.0
2025-07-15 09:35:47,987 [INFO] ThirdParty:1030 - CMSIS Pack Vendor :STMicroelectronics X-CUBE-SAFEA1 1.2.2
2025-07-15 09:35:47,987 [INFO] ThirdParty:1030 - CMSIS Pack Vendor :STMicroelectronics X-CUBE-NFC4 3.0.0
2025-07-15 09:35:47,987 [INFO] ThirdParty:1030 - CMSIS Pack Vendor :STMicroelectronics X-CUBE-SUBG2 5.0.0
2025-07-15 09:35:47,987 [INFO] ThirdParty:1030 - CMSIS Pack Vendor :STMicroelectronics X-CUBE-AZRTOS-H7RS 1.1.0
2025-07-15 09:35:47,987 [INFO] ThirdParty:1030 - CMSIS Pack Vendor :STMicroelectronics STM32_WPAN 1.0.0
2025-07-15 09:35:47,987 [INFO] ThirdParty:1030 - CMSIS Pack Vendor :EmbeddedOffice I-CUBE-FS-RTOS 1.0.1
2025-07-15 09:35:47,987 [INFO] ThirdParty:1030 - CMSIS Pack Vendor :STMicroelectronics lwIP 2.0.3
2025-07-15 09:35:47,987 [INFO] ThirdParty:1030 - CMSIS Pack Vendor :Cesanta I-CUBE-Mongoose 7.13.0
2025-07-15 09:35:47,988 [INFO] ThirdParty:1030 - CMSIS Pack Vendor :STMicroelectronics USB_HOST 1.0.0
2025-07-15 09:35:47,988 [INFO] ThirdParty:1030 - CMSIS Pack Vendor :Infineon AIROC-Wi-Fi-Bluetooth-STM32 1.7.1
2025-07-15 09:35:47,988 [INFO] ThirdParty:1030 - CMSIS Pack Vendor :STMicroelectronics X-CUBE-AZRTOS-G4 2.0.0
2025-07-15 09:35:47,988 [INFO] ThirdParty:1030 - CMSIS Pack Vendor :STMicroelectronics X-CUBE-WB05N 2.0.0
2025-07-15 09:35:47,988 [INFO] ThirdParty:1030 - CMSIS Pack Vendor :STMicroelectronics PDM2PCM 3.1.0
2025-07-15 09:35:47,988 [INFO] ThirdParty:1030 - CMSIS Pack Vendor :STMicroelectronics PDM2PCM 3.3.0
2025-07-15 09:35:47,988 [INFO] ThirdParty:1030 - CMSIS Pack Vendor :wolfSSL I-CUBE-wolfTPM 3.8.0
2025-07-15 09:35:47,988 [INFO] ThirdParty:1030 - CMSIS Pack Vendor :STMicroelectronics X-CUBE-AZRTOS-H7 3.4.0
2025-07-15 09:35:47,988 [INFO] ThirdParty:1030 - CMSIS Pack Vendor :STMicroelectronics X-CUBE-DISPLAY 3.0.0
2025-07-15 09:35:47,988 [INFO] ThirdParty:1030 - CMSIS Pack Vendor :wolfSSL I-CUBE-wolfSSH 1.4.20
2025-07-15 09:35:47,988 [INFO] ThirdParty:1030 - CMSIS Pack Vendor :STMicroelectronics X-CUBE-NFC7 2.0.0
2025-07-15 09:35:47,989 [INFO] ThirdParty:1030 - CMSIS Pack Vendor :STMicroelectronics X-CUBE-TCPP 4.2.0
2025-07-15 09:35:47,989 [INFO] ThirdParty:1030 - CMSIS Pack Vendor :RealThread X-CUBE-RT-Thread_Nano 4.1.1
2025-07-15 09:35:47,989 [INFO] ThirdParty:1030 - CMSIS Pack Vendor :STMicroelectronics FP-ATR-SIGFOX1 3.2.0
2025-07-15 09:35:47,989 [INFO] ThirdParty:1030 - CMSIS Pack Vendor :STMicroelectronics X-CUBE-NFC10 1.0.0
2025-07-15 09:35:47,989 [INFO] ThirdParty:1030 - CMSIS Pack Vendor :STMicroelectronics X-CUBE-BLEMGR 4.0.0
2025-07-15 09:35:47,989 [INFO] ThirdParty:1030 - CMSIS Pack Vendor :STMicroelectronics X-CUBE-EEPRMA1 5.1.0
2025-07-15 09:35:47,989 [INFO] ThirdParty:1030 - CMSIS Pack Vendor :STMicroelectronics X-CUBE-FREERTOS 1.3.1
2025-07-15 09:35:47,989 [INFO] ThirdParty:1030 - CMSIS Pack Vendor :STMicroelectronics HAL Drivers 0.0.0
2025-07-15 09:35:47,989 [INFO] ThirdParty:1030 - CMSIS Pack Vendor :STMicroelectronics MBEDTLS 2.16.2
2025-07-15 09:35:47,989 [INFO] ThirdParty:1030 - CMSIS Pack Vendor :STMicroelectronics X-CUBE-IPS 3.1.0
2025-07-15 09:35:47,990 [INFO] ThirdParty:1030 - CMSIS Pack Vendor :STMicroelectronics X-CUBE-ALS 1.0.2
2025-07-15 09:35:47,990 [INFO] ThirdParty:1030 - CMSIS Pack Vendor :emotas I-CUBE-CANOPEN 1.3.0
2025-07-15 09:35:47,990 [INFO] ThirdParty:1030 - CMSIS Pack Vendor :STMicroelectronics MBEDTLS 2.14.1
2025-07-15 09:35:47,990 [INFO] ThirdParty:1030 - CMSIS Pack Vendor :ITTIA_DB I-CUBE-ITTIADB 8.9.0
2025-07-15 09:35:47,990 [INFO] ThirdParty:1030 - CMSIS Pack Vendor :portGmbH I-Cube-SoM-uGOAL 1.1.0
2025-07-15 09:35:47,990 [INFO] ThirdParty:1030 - CMSIS Pack Vendor :quantropi X-CUBE-qispace-sdk-base 2.0.0
2025-07-15 09:35:47,990 [INFO] ThirdParty:1030 - CMSIS Pack Vendor :STMicroelectronics X-CUBE-ST67W61 1.0.0
2025-07-15 09:35:47,990 [INFO] ThirdParty:1030 - CMSIS Pack Vendor :STMicroelectronics FP-SNS-STAIOTCFT 1.0.0
2025-07-15 09:35:47,990 [INFO] ThirdParty:1030 - CMSIS Pack Vendor :STMicroelectronics ThreadX 1.0.0
2025-07-15 09:35:47,990 [INFO] ThirdParty:1030 - CMSIS Pack Vendor :STMicroelectronics FP-SNS-SMARTAG2 1.2.0
2025-07-15 09:35:47,991 [INFO] ThirdParty:1030 - CMSIS Pack Vendor :STMicroelectronics FP-SNS-FLIGHT1 5.1.0
2025-07-15 09:35:47,991 [INFO] ThirdParty:1030 - CMSIS Pack Vendor :STMicroelectronics X-CUBE-AZRTOS-WL 2.0.0
2025-07-15 09:35:47,991 [INFO] ThirdParty:1030 - CMSIS Pack Vendor :SEGGER I-CUBE-embOS 1.3.1
2025-07-15 09:35:47,991 [INFO] ThirdParty:1030 - CMSIS Pack Vendor :STMicroelectronics X-CUBE-ALGOBUILD 1.4.0
2025-07-15 09:35:47,991 [INFO] ThirdParty:1030 - CMSIS Pack Vendor :STMicroelectronics X-CUBE-DPower 1.3.0
2025-07-15 09:35:47,991 [INFO] ThirdParty:1030 - CMSIS Pack Vendor :STMicroelectronics X-CUBE-MEMS1 11.3.0
2025-07-15 09:35:47,991 [INFO] ThirdParty:1030 - CMSIS Pack Vendor :STMicroelectronics FP-SNS-MOTENV1 5.0.0
2025-07-15 09:35:47,991 [INFO] ThirdParty:1030 - CMSIS Pack Vendor :STMicroelectronics USB_DEVICE 1.0.0
2025-07-15 09:35:47,991 [INFO] ThirdParty:1030 - CMSIS Pack Vendor :STMicroelectronics X-CUBE-AZRTOS-L4 2.0.0
2025-07-15 09:35:47,991 [INFO] ThirdParty:1030 - CMSIS Pack Vendor :STMicroelectronics ThreadX 0.0.2
2025-07-15 09:35:47,992 [INFO] ThirdParty:1030 - CMSIS Pack Vendor :WES I-CUBE-Cesium 1.3.0
2025-07-15 09:35:47,992 [INFO] ThirdParty:1030 - CMSIS Pack Vendor :STMicroelectronics lwIP 2.1.2
2025-07-15 09:35:47,992 [INFO] ThirdParty:1030 - CMSIS Pack Vendor :STMicroelectronics X-CUBE-SFXS2LP1 4.0.0
2025-07-15 09:35:47,992 [INFO] ThirdParty:1030 - CMSIS Pack Vendor :STMicroelectronics X-CUBE-BLE2 3.3.0
2025-07-15 09:35:47,992 [INFO] ThirdParty:1030 - CMSIS Pack Vendor :STMicroelectronics X-CUBE-TOF1 3.4.3
2025-07-15 09:35:47,992 [INFO] ThirdParty:1030 - CMSIS Pack Vendor :STMicroelectronics PDM2PCM 3.2.0
2025-07-15 09:35:47,992 [INFO] ThirdParty:841 - exiting critical section [change project]
2025-07-15 09:35:48,616 [INFO] PinOutPanel:1589 - setPackage(No Configuration,No Configuration)
2025-07-15 09:35:48,618 [INFO] PinOutPanel:1589 - setPackage(STM32F401VEHx,UFBGA100)
2025-07-15 09:35:49,272 [INFO] UtilMem:75 - Before build in PCC Used Memory: 208792320 Bytes (330301440)
2025-07-15 09:35:50,079 [INFO] UtilMem:75 - After build in PCC Used Memory: 295076568 Bytes (330301440)
2025-07-15 09:35:50,127 [INFO] IPUIPlugin:80 - create IPUIPlugin
2025-07-15 09:35:50,128 [INFO] IPUIPlugin:80 - create IPUIPlugin
2025-07-15 09:35:50,128 [INFO] IPUIPlugin:80 - create IPUIPlugin
2025-07-15 09:35:50,128 [INFO] IPUIPlugin:80 - create IPUIPlugin
2025-07-15 09:35:50,128 [INFO] IPUIPlugin:80 - create IPUIPlugin
2025-07-15 09:35:50,128 [INFO] IPUIPlugin:80 - create IPUIPlugin
2025-07-15 09:35:50,128 [INFO] IPUIPlugin:80 - create IPUIPlugin
2025-07-15 09:35:50,129 [INFO] IPUIPlugin:80 - create IPUIPlugin
2025-07-15 09:35:50,129 [INFO] IPUIPlugin:80 - create IPUIPlugin
2025-07-15 09:35:50,129 [INFO] IPUIPlugin:80 - create IPUIPlugin
2025-07-15 09:35:50,129 [INFO] IPUIPlugin:80 - create IPUIPlugin
2025-07-15 09:35:50,129 [INFO] IPUIPlugin:80 - create IPUIPlugin
2025-07-15 09:35:50,130 [INFO] IPUIPlugin:80 - create IPUIPlugin
2025-07-15 09:35:50,130 [INFO] IPUIPlugin:80 - create IPUIPlugin
2025-07-15 09:35:50,130 [INFO] IPUIPlugin:80 - create IPUIPlugin
2025-07-15 09:35:50,130 [INFO] IPUIPlugin:80 - create IPUIPlugin
2025-07-15 09:35:50,131 [INFO] IPUIPlugin:80 - create IPUIPlugin
2025-07-15 09:35:50,131 [INFO] IPUIPlugin:80 - create IPUIPlugin
2025-07-15 09:35:50,131 [INFO] IPUIPlugin:80 - create IPUIPlugin
2025-07-15 09:35:50,131 [INFO] IPUIPlugin:80 - create IPUIPlugin
2025-07-15 09:35:50,132 [INFO] IPUIPlugin:80 - create IPUIPlugin
2025-07-15 09:35:50,132 [INFO] IPUIPlugin:80 - create IPUIPlugin
2025-07-15 09:35:50,132 [INFO] IPUIPlugin:80 - create IPUIPlugin
2025-07-15 09:35:50,132 [INFO] IPUIPlugin:80 - create IPUIPlugin
2025-07-15 09:35:50,133 [INFO] IPUIPlugin:80 - create IPUIPlugin
2025-07-15 09:35:50,133 [INFO] IPUIPlugin:80 - create IPUIPlugin
2025-07-15 09:35:50,133 [INFO] IPUIPlugin:80 - create IPUIPlugin
2025-07-15 09:35:50,133 [INFO] IPUIPlugin:80 - create IPUIPlugin
2025-07-15 09:35:50,134 [INFO] IPUIPlugin:80 - create IPUIPlugin
2025-07-15 09:35:50,134 [INFO] IPUIPlugin:80 - create IPUIPlugin
2025-07-15 09:35:50,134 [INFO] IPUIPlugin:80 - create IPUIPlugin
2025-07-15 09:35:50,134 [INFO] IPUIPlugin:80 - create IPUIPlugin
2025-07-15 09:35:50,135 [INFO] IPUIPlugin:80 - create IPUIPlugin
2025-07-15 09:35:50,135 [INFO] IPUIPlugin:80 - create IPUIPlugin
2025-07-15 09:35:50,135 [INFO] IPUIPlugin:80 - create IPUIPlugin
2025-07-15 09:35:50,135 [INFO] IPUIPlugin:80 - create IPUIPlugin
2025-07-15 09:35:50,137 [INFO] IPUIPlugin:80 - create IPUIPlugin
2025-07-15 09:35:50,138 [INFO] IPUIPlugin:80 - create IPUIPlugin
2025-07-15 09:35:50,138 [INFO] IPUIPlugin:80 - create IPUIPlugin
2025-07-15 09:35:50,190 [INFO] ApiDbMcu:532 - Load IP Config File for PDM2PCM
2025-07-15 09:35:50,421 [INFO] CADModel:165 - CPN selected for project levelSTM32F401VEH6
2025-07-15 09:35:50,421 [INFO] CADModel:114 - Register for checkConnection events
2025-07-15 09:35:50,461 [INFO] OpenFileManager:386 - Restore cursor
2025-07-15 09:36:40,913 [INFO] MainUpdater:2872 - connection check result : 10
2025-07-15 09:36:40,914 [INFO] MainUpdater:2872 - connection check result : 10
2025-07-15 09:36:41,070 [INFO] MicroXplorer:468 - Change Database Path : 
2025-07-15 09:36:41,070 [INFO] MicroXplorer:498 - Change Database Version : DB.6.0.150
2025-07-15 09:36:41,094 [ERROR] ProjectManagerView:395 - 
java.lang.NullPointerException: Cannot invoke "javax.swing.JTextField.getText()" because the return value of "java.util.List.get(int)" is null
	at com.st.microxplorer.plugins.projectmanager.gui.ProjectChoiceTab$9.caretUpdate(ProjectChoiceTab.java:2706) ~[filemanager.jar:?]
	at javax.swing.text.JTextComponent.fireCaretUpdate(JTextComponent.java:408) ~[?:?]
	at javax.swing.text.JTextComponent$MutableCaretEvent.fire(JTextComponent.java:4484) ~[?:?]
	at javax.swing.text.JTextComponent$MutableCaretEvent.stateChanged(JTextComponent.java:4506) ~[?:?]
	at javax.swing.text.DefaultCaret.fireStateChanged(DefaultCaret.java:857) ~[?:?]
	at javax.swing.text.DefaultCaret.changeCaretPosition(DefaultCaret.java:1343) ~[?:?]
	at javax.swing.text.DefaultCaret.handleSetDot(DefaultCaret.java:1242) ~[?:?]
	at javax.swing.text.DefaultCaret.setDot(DefaultCaret.java:1223) ~[?:?]
	at javax.swing.text.DefaultCaret$Handler.insertUpdate(DefaultCaret.java:1819) ~[?:?]
	at javax.swing.text.AbstractDocument.fireInsertUpdate(AbstractDocument.java:227) ~[?:?]
	at javax.swing.text.AbstractDocument.handleInsertString(AbstractDocument.java:781) ~[?:?]
	at javax.swing.text.AbstractDocument.insertString(AbstractDocument.java:740) ~[?:?]
	at javax.swing.text.PlainDocument.insertString(PlainDocument.java:131) ~[?:?]
	at javax.swing.text.AbstractDocument.replace(AbstractDocument.java:699) ~[?:?]
	at javax.swing.text.JTextComponent.setText(JTextComponent.java:1725) ~[?:?]
	at com.st.microxplorer.plugins.projectmanager.gui.ProjectChoiceTab.createHeapStackFields(ProjectChoiceTab.java:993) ~[filemanager.jar:?]
	at com.st.microxplorer.plugins.projectmanager.gui.ProjectChoiceTab.buildLinkSettingsPanel(ProjectChoiceTab.java:3813) ~[filemanager.jar:?]
	at com.st.microxplorer.plugins.projectmanager.gui.ProjectChoiceTab.defineWindowsFields(ProjectChoiceTab.java:1987) ~[filemanager.jar:?]
	at com.st.microxplorer.plugins.projectmanager.gui.ProjectChoiceTab.updateSettings(ProjectChoiceTab.java:558) ~[filemanager.jar:?]
	at com.st.microxplorer.plugins.projectmanager.gui.ProjectSettingsPanel.UpdateDialog(ProjectSettingsPanel.java:247) ~[filemanager.jar:?]
	at com.st.microxplorer.plugins.projectmanager.ProjectManagerView.propertyChange(ProjectManagerView.java:392) ~[filemanager.jar:?]
	at java.beans.PropertyChangeSupport.fire(PropertyChangeSupport.java:343) ~[?:?]
	at java.beans.PropertyChangeSupport.firePropertyChange(PropertyChangeSupport.java:335) ~[?:?]
	at java.beans.PropertyChangeSupport.firePropertyChange(PropertyChangeSupport.java:268) ~[?:?]
	at com.st.microxplorer.util.MXPropertyChangeSupport.firePropertyChange(MXPropertyChangeSupport.java:54) ~[STM32CubeMX.jar:?]
	at com.st.microxplorer.mxsystem.MxSystem.closeConfig(MxSystem.java:899) ~[STM32CubeMX.jar:?]
	at com.st.microxplorer.maingui.MainPanel.closeConfig(MainPanel.java:792) ~[STM32CubeMX.jar:?]
	at com.st.microxplorer.plugins.filemanager.engine.OpenFileManager.loadConfigurationFile(OpenFileManager.java:288) ~[filemanager.jar:?]
	at com.st.microxplorer.plugins.filemanager.engine.MainFileManager.userLoadConfig(MainFileManager.java:364) ~[filemanager.jar:?]
	at com.st.microxplorer.plugins.filemanager.engine.MainFileManager.userLoadConfig(MainFileManager.java:342) ~[filemanager.jar:?]
	at com.st.microxplorer.plugins.filemanager.FileManagerView.getSpecificTask(FileManagerView.java:264) ~[filemanager.jar:?]
	at com.st.stm32cube.common.mx.editor.CubeMxEditor.getMxTabbedPaneInstance(CubeMxEditor.java:1198) ~[com.st.stm32cube.common.mx_6.15.0.202507011659/:?]
	at com.st.stm32cube.common.mx.editor.CubeMxEditor$12$1.createSwingComponent(CubeMxEditor.java:1068) ~[com.st.stm32cube.common.mx_6.15.0.202507011659/:?]
	at com.st.stm32cube.common.mx.oss.core.awtswtbridge.EmbeddedSwingComposite.doComponentCreation(EmbeddedSwingComposite.java:492) ~[com.st.stm32cube.common.mx.oss_6.15.0.202507011659/:?]
	at com.st.stm32cube.common.mx.oss.core.awtswtbridge.EmbeddedSwingComposite$4.run(EmbeddedSwingComposite.java:291) ~[com.st.stm32cube.common.mx.oss_6.15.0.202507011659/:?]
	at com.st.stm32cube.common.mx.oss.core.awtswtbridge.AwtEnvironment$2.run(AwtEnvironment.java:166) ~[com.st.stm32cube.common.mx.oss_6.15.0.202507011659/:?]
	at java.awt.event.InvocationEvent.dispatch(InvocationEvent.java:318) ~[?:?]
	at java.awt.EventQueue.dispatchEventImpl(EventQueue.java:773) ~[?:?]
	at java.awt.EventQueue$4.run(EventQueue.java:720) ~[?:?]
	at java.awt.EventQueue$4.run(EventQueue.java:714) ~[?:?]
	at java.security.AccessController.doPrivileged(AccessController.java:400) ~[?:?]
	at java.security.ProtectionDomain$JavaSecurityAccessImpl.doIntersectionPrivilege(ProtectionDomain.java:87) ~[?:?]
	at java.awt.EventQueue.dispatchEvent(EventQueue.java:742) ~[?:?]
	at java.awt.EventDispatchThread.pumpOneEventForFilters(EventDispatchThread.java:203) ~[?:?]
	at java.awt.EventDispatchThread.pumpEventsForFilter(EventDispatchThread.java:124) ~[?:?]
	at java.awt.EventDispatchThread.pumpEventsForHierarchy(EventDispatchThread.java:113) ~[?:?]
	at java.awt.EventDispatchThread.pumpEvents(EventDispatchThread.java:109) ~[?:?]
	at java.awt.EventDispatchThread.pumpEvents(EventDispatchThread.java:101) ~[?:?]
	at java.awt.EventDispatchThread.run(EventDispatchThread.java:90) ~[?:?]
2025-07-15 09:36:41,104 [WARN] ThirdParty:871 - waiting for thirdparty lock release [close project]
2025-07-15 09:36:41,104 [INFO] ThirdParty:873 - entering critical section [close project]
2025-07-15 09:36:41,104 [INFO] ThirdParty:883 - exiting critical section [close project]
2025-07-15 09:36:41,108 [INFO] PinOutPanel:1589 - setPackage(No Configuration,No Configuration)
2025-07-15 09:36:41,135 [WARN] IpParametersView:155 - Warning: This peripheral hasn't parameters
2025-07-15 09:36:41,158 [WARN] MainPanel:289 - <html><b><center>Warning: This peripheral has no parameters to be configured<br></b></html>
2025-07-15 09:36:41,170 [INFO] UtilMem:75 - Begin LoadConfig() Used Memory: 563262664 Bytes (631242752)
2025-07-15 09:36:41,180 [INFO] MicroXplorer:468 - Change Database Path : C:/Users/Administrator/.stm32cubemx/databases/DB.6.0.141/db/
2025-07-15 09:36:41,181 [INFO] MicroXplorer:498 - Change Database Version : DB.6.0.141
2025-07-15 09:36:42,859 [INFO] OpenFileManager:355 - Change cursor
2025-07-15 09:36:42,866 [INFO] Mcu:2029 - Initializing MCU STM32F401V(D-E)Hx STM32F401VEHx STM32F401VEH6
2025-07-15 09:36:43,937 [INFO] Context:786 - Trying to add GPIOservice into a context  which must be forbidden
2025-07-15 09:36:44,237 [INFO] ImportTextPane:234 - (OptionalMessage_ERROR) Pin6 (VP_RIF_VS_RIF1) cannot be retrieved for this MCU
2025-07-15 09:36:44,283 [INFO] RtosManager:558 - Registered RTOS mode: class=CMSIS, group=RTOS, mode=CMSIS_V1, owner=FREERTOS
2025-07-15 09:36:44,283 [INFO] RtosManager:558 - Registered RTOS mode: class=CMSIS, group=RTOS2, mode=CMSIS_V2, owner=FREERTOS
2025-07-15 09:36:44,284 [INFO] RtosManager:558 - Registered RTOS mode: class=RTOS, group=Core, mode=CMSIS_V1, owner=FREERTOS
2025-07-15 09:36:44,284 [INFO] RtosManager:558 - Registered RTOS mode: class=RTOS, group=Core, mode=CMSIS_V2, owner=FREERTOS
2025-07-15 09:36:44,284 [WARN] ModelIntegratedComponent:184 - Missing modes for component STMicroelectronics:FreeRTOS:0.0.1:STMicroelectronics:RTOS:FreeRTOS:Core:::10.2.0:
2025-07-15 09:36:44,298 [WARN] ModelIntegratedComponent:63 - No mode defined for component null
2025-07-15 09:36:44,298 [WARN] ModelIntegratedComponent:63 - No mode defined for component null
2025-07-15 09:36:44,298 [WARN] ModelIntegratedComponent:63 - No mode defined for component null
2025-07-15 09:36:44,298 [WARN] ModelIntegratedComponent:63 - No mode defined for component null
2025-07-15 09:36:44,298 [WARN] ModelIntegratedComponent:63 - No mode defined for component null
2025-07-15 09:36:44,298 [WARN] ModelIntegratedComponent:63 - No mode defined for component null
2025-07-15 09:36:44,298 [WARN] ModelIntegratedComponent:63 - No mode defined for component null
2025-07-15 09:36:44,298 [WARN] ModelIntegratedComponent:63 - No mode defined for component null
2025-07-15 09:36:44,298 [WARN] ModelIntegratedComponent:63 - No mode defined for component null
2025-07-15 09:36:44,298 [WARN] ModelIntegratedComponent:63 - No mode defined for component null
2025-07-15 09:36:44,298 [WARN] ModelIntegratedComponent:63 - No mode defined for component null
2025-07-15 09:36:44,298 [WARN] ModelIntegratedComponent:63 - No mode defined for component null
2025-07-15 09:36:44,298 [WARN] ModelIntegratedComponent:63 - No mode defined for component null
2025-07-15 09:36:44,298 [WARN] ModelIntegratedComponent:63 - No mode defined for component null
2025-07-15 09:36:44,298 [WARN] ModelIntegratedComponent:63 - No mode defined for component null
2025-07-15 09:36:44,298 [WARN] ModelIntegratedComponent:63 - No mode defined for component null
2025-07-15 09:36:44,298 [WARN] ModelIntegratedComponent:63 - No mode defined for component null
2025-07-15 09:36:44,298 [WARN] ModelIntegratedComponent:63 - No mode defined for component null
2025-07-15 09:36:44,298 [WARN] ModelIntegratedComponent:63 - No mode defined for component null
2025-07-15 09:36:44,299 [WARN] ModelIntegratedComponent:63 - No mode defined for component null
2025-07-15 09:36:44,299 [WARN] ModelIntegratedComponent:63 - No mode defined for component null
2025-07-15 09:36:44,299 [WARN] ModelIntegratedComponent:63 - No mode defined for component null
2025-07-15 09:36:44,299 [WARN] ModelIntegratedComponent:63 - No mode defined for component null
2025-07-15 09:36:44,299 [WARN] ModelIntegratedComponent:63 - No mode defined for component null
2025-07-15 09:36:44,299 [WARN] ModelIntegratedComponent:63 - No mode defined for component null
2025-07-15 09:36:44,299 [WARN] ModelIntegratedComponent:63 - No mode defined for component null
2025-07-15 09:36:44,299 [WARN] ModelIntegratedComponent:63 - No mode defined for component null
2025-07-15 09:36:44,299 [WARN] ModelIntegratedComponent:63 - No mode defined for component null
2025-07-15 09:36:44,299 [WARN] ModelIntegratedComponent:63 - No mode defined for component null
2025-07-15 09:36:44,299 [WARN] ModelIntegratedComponent:63 - No mode defined for component null
2025-07-15 09:36:44,299 [WARN] ModelIntegratedComponent:63 - No mode defined for component null
2025-07-15 09:36:44,300 [WARN] ModelIntegratedComponent:63 - No mode defined for component null
2025-07-15 09:36:44,300 [WARN] ModelIntegratedComponent:63 - No mode defined for component null
2025-07-15 09:36:44,300 [WARN] ModelIntegratedComponent:63 - No mode defined for component null
2025-07-15 09:36:44,300 [WARN] ModelIntegratedComponent:63 - No mode defined for component null
2025-07-15 09:36:44,300 [WARN] ModelPack:524 - Component already loaded: STMicroelectronics:HAL Drivers:0.0.0:STMicroelectronics:Device:STMicro_Driver:XSPI:HAL::0.0.1:HAL_XSPI
2025-07-15 09:36:44,406 [INFO] ThirdPartyModel:298 - Start build external matchings
2025-07-15 09:36:45,001 [INFO] ThirdPartyModel:316 - End build external matchings
2025-07-15 09:36:45,016 [INFO] ImportTextPane:234 - (OptionalMessage_ERROR) IP (RCC) : Parameter (RTCHSEDivFreq_Value) has invalid value (12500000)
2025-07-15 09:36:45,256 [INFO] UtilMem:75 - End LoadConfig() Used Memory: 699377424 Bytes (827326464)
2025-07-15 09:36:45,286 [WARN] ThirdParty:833 - waiting for thirdparty lock release [change project]
2025-07-15 09:36:45,286 [INFO] ThirdParty:835 - entering critical section [change project]
2025-07-15 09:36:45,287 [INFO] ThirdParty:1030 - CMSIS Pack Vendor :STMicroelectronics X-CUBE-PM33A1 1.0.0
2025-07-15 09:36:45,287 [INFO] ThirdParty:1030 - CMSIS Pack Vendor :STMicroelectronics USBPD 4.1
2025-07-15 09:36:45,287 [INFO] ThirdParty:1030 - CMSIS Pack Vendor :STMicroelectronics X-CUBE-NFC9 1.0.0
2025-07-15 09:36:45,287 [INFO] ThirdParty:1030 - CMSIS Pack Vendor :wolfSSL I-CUBE-wolfSSL 5.8.0
2025-07-15 09:36:45,287 [INFO] ThirdParty:1030 - CMSIS Pack Vendor :STMicroelectronics USB_HOST 2.0.0
2025-07-15 09:36:45,287 [INFO] ThirdParty:1030 - CMSIS Pack Vendor :STMicroelectronics FP-SNS-MOTENVWB1 1.4.0
2025-07-15 09:36:45,287 [INFO] ThirdParty:1030 - CMSIS Pack Vendor :STMicroelectronics X-CUBE-AZRTOS-F4 1.1.0
2025-07-15 09:36:45,287 [INFO] ThirdParty:1030 - CMSIS Pack Vendor :STMicroelectronics LIBJPEG 8.0.0
2025-07-15 09:36:45,287 [INFO] ThirdParty:1030 - CMSIS Pack Vendor :STMicroelectronics FP-ATR-ASTRA1 2.0.2
2025-07-15 09:36:45,287 [INFO] ThirdParty:1030 - CMSIS Pack Vendor :STMicroelectronics X-CUBE-BLE1 7.1.0
2025-07-15 09:36:45,287 [INFO] ThirdParty:1030 - CMSIS Pack Vendor :STMicroelectronics X-CUBE-SMBUS 2.1.0
2025-07-15 09:36:45,287 [INFO] ThirdParty:1030 - CMSIS Pack Vendor :wolfSSL I-CUBE-wolfMQTT 1.19.2
2025-07-15 09:36:45,287 [INFO] ThirdParty:1030 - CMSIS Pack Vendor :STMicroelectronics USB_DEVICE 3.0.0
2025-07-15 09:36:45,287 [INFO] ThirdParty:1030 - CMSIS Pack Vendor :STMicroelectronics X-CUBE-ISPU 2.1.0
2025-07-15 09:36:45,287 [INFO] ThirdParty:1030 - CMSIS Pack Vendor :STMicroelectronics X-CUBE-EEPRMA1 5.2.0
2025-07-15 09:36:45,288 [INFO] ThirdParty:1030 - CMSIS Pack Vendor :STMicroelectronics X-CUBE-AZRTOS-WB 2.0.0
2025-07-15 09:36:45,288 [INFO] ThirdParty:1030 - CMSIS Pack Vendor :STMicroelectronics X-CUBE-ST60 1.0.0
2025-07-15 09:36:45,288 [INFO] ThirdParty:1030 - CMSIS Pack Vendor :STMicroelectronics X-CUBE-GNSS1 7.0.1
2025-07-15 09:36:45,288 [INFO] ThirdParty:1030 - CMSIS Pack Vendor :STMicroelectronics X-CUBE-NFC12 1.0.0
2025-07-15 09:36:45,288 [INFO] ThirdParty:1030 - CMSIS Pack Vendor :STMicroelectronics X-CUBE-AZRTOS-F7 1.1.0
2025-07-15 09:36:45,288 [INFO] ThirdParty:1030 - CMSIS Pack Vendor :STMicroelectronics X-CUBE-AZRTOS-L5 2.0.0
2025-07-15 09:36:45,288 [INFO] ThirdParty:1030 - CMSIS Pack Vendor :STMicroelectronics X-CUBE-TOUCHGFX 4.25.0
2025-07-15 09:36:45,288 [INFO] ThirdParty:1030 - CMSIS Pack Vendor :STMicroelectronics USB_DEVICE 2.0.0
2025-07-15 09:36:45,288 [INFO] ThirdParty:1030 - CMSIS Pack Vendor :STMicroelectronics X-CUBE-NFC6 3.1.0
2025-07-15 09:36:45,288 [INFO] ThirdParty:1030 - CMSIS Pack Vendor :STMicroelectronics X-CUBE-AI 10.1.0
2025-07-15 09:36:45,288 [INFO] ThirdParty:1030 - CMSIS Pack Vendor :STMicroelectronics FP-SNS-STBOX1 2.0.0
2025-07-15 09:36:45,288 [INFO] ThirdParty:1030 - CMSIS Pack Vendor :STMicroelectronics FreeRTOS 0.0.1
2025-07-15 09:36:45,288 [INFO] ThirdParty:1030 - CMSIS Pack Vendor :STMicroelectronics X-CUBE-AZRTOS-G0 1.1.0
2025-07-15 09:36:45,289 [INFO] ThirdParty:1030 - CMSIS Pack Vendor :STMicroelectronics X-CUBE-SAFEA1 1.2.2
2025-07-15 09:36:45,289 [INFO] ThirdParty:1030 - CMSIS Pack Vendor :STMicroelectronics X-CUBE-NFC4 3.0.0
2025-07-15 09:36:45,289 [INFO] ThirdParty:1030 - CMSIS Pack Vendor :STMicroelectronics X-CUBE-SUBG2 5.0.0
2025-07-15 09:36:45,289 [INFO] ThirdParty:1030 - CMSIS Pack Vendor :STMicroelectronics X-CUBE-AZRTOS-H7RS 1.1.0
2025-07-15 09:36:45,289 [INFO] ThirdParty:1030 - CMSIS Pack Vendor :STMicroelectronics STM32_WPAN 1.0.0
2025-07-15 09:36:45,289 [INFO] ThirdParty:1030 - CMSIS Pack Vendor :EmbeddedOffice I-CUBE-FS-RTOS 1.0.1
2025-07-15 09:36:45,289 [INFO] ThirdParty:1030 - CMSIS Pack Vendor :STMicroelectronics lwIP 2.0.3
2025-07-15 09:36:45,289 [INFO] ThirdParty:1030 - CMSIS Pack Vendor :Cesanta I-CUBE-Mongoose 7.13.0
2025-07-15 09:36:45,289 [INFO] ThirdParty:1030 - CMSIS Pack Vendor :STMicroelectronics USB_HOST 1.0.0
2025-07-15 09:36:45,289 [INFO] ThirdParty:1030 - CMSIS Pack Vendor :Infineon AIROC-Wi-Fi-Bluetooth-STM32 1.7.1
2025-07-15 09:36:45,289 [INFO] ThirdParty:1030 - CMSIS Pack Vendor :STMicroelectronics X-CUBE-AZRTOS-G4 2.0.0
2025-07-15 09:36:45,289 [INFO] ThirdParty:1030 - CMSIS Pack Vendor :STMicroelectronics X-CUBE-WB05N 2.0.0
2025-07-15 09:36:45,289 [INFO] ThirdParty:1030 - CMSIS Pack Vendor :STMicroelectronics PDM2PCM 3.1.0
2025-07-15 09:36:45,290 [INFO] ThirdParty:1030 - CMSIS Pack Vendor :STMicroelectronics PDM2PCM 3.3.0
2025-07-15 09:36:45,290 [INFO] ThirdParty:1030 - CMSIS Pack Vendor :wolfSSL I-CUBE-wolfTPM 3.8.0
2025-07-15 09:36:45,290 [INFO] ThirdParty:1030 - CMSIS Pack Vendor :STMicroelectronics X-CUBE-AZRTOS-H7 3.4.0
2025-07-15 09:36:45,290 [INFO] ThirdParty:1030 - CMSIS Pack Vendor :STMicroelectronics X-CUBE-DISPLAY 3.0.0
2025-07-15 09:36:45,290 [INFO] ThirdParty:1030 - CMSIS Pack Vendor :wolfSSL I-CUBE-wolfSSH 1.4.20
2025-07-15 09:36:45,290 [INFO] ThirdParty:1030 - CMSIS Pack Vendor :STMicroelectronics X-CUBE-NFC7 2.0.0
2025-07-15 09:36:45,290 [INFO] ThirdParty:1030 - CMSIS Pack Vendor :STMicroelectronics X-CUBE-TCPP 4.2.0
2025-07-15 09:36:45,290 [INFO] ThirdParty:1030 - CMSIS Pack Vendor :RealThread X-CUBE-RT-Thread_Nano 4.1.1
2025-07-15 09:36:45,290 [INFO] ThirdParty:1030 - CMSIS Pack Vendor :STMicroelectronics FP-ATR-SIGFOX1 3.2.0
2025-07-15 09:36:45,290 [INFO] ThirdParty:1030 - CMSIS Pack Vendor :STMicroelectronics X-CUBE-NFC10 1.0.0
2025-07-15 09:36:45,290 [INFO] ThirdParty:1030 - CMSIS Pack Vendor :STMicroelectronics X-CUBE-BLEMGR 4.0.0
2025-07-15 09:36:45,291 [INFO] ThirdParty:1030 - CMSIS Pack Vendor :STMicroelectronics X-CUBE-EEPRMA1 5.1.0
2025-07-15 09:36:45,291 [INFO] ThirdParty:1030 - CMSIS Pack Vendor :STMicroelectronics X-CUBE-FREERTOS 1.3.1
2025-07-15 09:36:45,291 [INFO] ThirdParty:1030 - CMSIS Pack Vendor :STMicroelectronics HAL Drivers 0.0.0
2025-07-15 09:36:45,291 [INFO] ThirdParty:1030 - CMSIS Pack Vendor :STMicroelectronics MBEDTLS 2.16.2
2025-07-15 09:36:45,291 [INFO] ThirdParty:1030 - CMSIS Pack Vendor :STMicroelectronics X-CUBE-IPS 3.1.0
2025-07-15 09:36:45,291 [INFO] ThirdParty:1030 - CMSIS Pack Vendor :STMicroelectronics X-CUBE-ALS 1.0.2
2025-07-15 09:36:45,291 [INFO] ThirdParty:1030 - CMSIS Pack Vendor :emotas I-CUBE-CANOPEN 1.3.0
2025-07-15 09:36:45,291 [INFO] ThirdParty:1030 - CMSIS Pack Vendor :STMicroelectronics MBEDTLS 2.14.1
2025-07-15 09:36:45,291 [INFO] ThirdParty:1030 - CMSIS Pack Vendor :ITTIA_DB I-CUBE-ITTIADB 8.9.0
2025-07-15 09:36:45,291 [INFO] ThirdParty:1030 - CMSIS Pack Vendor :portGmbH I-Cube-SoM-uGOAL 1.1.0
2025-07-15 09:36:45,291 [INFO] ThirdParty:1030 - CMSIS Pack Vendor :quantropi X-CUBE-qispace-sdk-base 2.0.0
2025-07-15 09:36:45,291 [INFO] ThirdParty:1030 - CMSIS Pack Vendor :STMicroelectronics X-CUBE-ST67W61 1.0.0
2025-07-15 09:36:45,292 [INFO] ThirdParty:1030 - CMSIS Pack Vendor :STMicroelectronics FP-SNS-STAIOTCFT 1.0.0
2025-07-15 09:36:45,292 [INFO] ThirdParty:1030 - CMSIS Pack Vendor :STMicroelectronics ThreadX 1.0.0
2025-07-15 09:36:45,292 [INFO] ThirdParty:1030 - CMSIS Pack Vendor :STMicroelectronics FP-SNS-SMARTAG2 1.2.0
2025-07-15 09:36:45,292 [INFO] ThirdParty:1030 - CMSIS Pack Vendor :STMicroelectronics FP-SNS-FLIGHT1 5.1.0
2025-07-15 09:36:45,292 [INFO] ThirdParty:1030 - CMSIS Pack Vendor :STMicroelectronics X-CUBE-AZRTOS-WL 2.0.0
2025-07-15 09:36:45,292 [INFO] ThirdParty:1030 - CMSIS Pack Vendor :SEGGER I-CUBE-embOS 1.3.1
2025-07-15 09:36:45,292 [INFO] ThirdParty:1030 - CMSIS Pack Vendor :STMicroelectronics X-CUBE-ALGOBUILD 1.4.0
2025-07-15 09:36:45,292 [INFO] ThirdParty:1030 - CMSIS Pack Vendor :STMicroelectronics X-CUBE-DPower 1.3.0
2025-07-15 09:36:45,292 [INFO] ThirdParty:1030 - CMSIS Pack Vendor :STMicroelectronics X-CUBE-MEMS1 11.3.0
2025-07-15 09:36:45,292 [INFO] ThirdParty:1030 - CMSIS Pack Vendor :STMicroelectronics FP-SNS-MOTENV1 5.0.0
2025-07-15 09:36:45,292 [INFO] ThirdParty:1030 - CMSIS Pack Vendor :STMicroelectronics USB_DEVICE 1.0.0
2025-07-15 09:36:45,292 [INFO] ThirdParty:1030 - CMSIS Pack Vendor :STMicroelectronics X-CUBE-AZRTOS-L4 2.0.0
2025-07-15 09:36:45,293 [INFO] ThirdParty:1030 - CMSIS Pack Vendor :STMicroelectronics ThreadX 0.0.2
2025-07-15 09:36:45,293 [INFO] ThirdParty:1030 - CMSIS Pack Vendor :WES I-CUBE-Cesium 1.3.0
2025-07-15 09:36:45,293 [INFO] ThirdParty:1030 - CMSIS Pack Vendor :STMicroelectronics lwIP 2.1.2
2025-07-15 09:36:45,293 [INFO] ThirdParty:1030 - CMSIS Pack Vendor :STMicroelectronics X-CUBE-SFXS2LP1 4.0.0
2025-07-15 09:36:45,293 [INFO] ThirdParty:1030 - CMSIS Pack Vendor :STMicroelectronics X-CUBE-BLE2 3.3.0
2025-07-15 09:36:45,293 [INFO] ThirdParty:1030 - CMSIS Pack Vendor :STMicroelectronics X-CUBE-TOF1 3.4.3
2025-07-15 09:36:45,293 [INFO] ThirdParty:1030 - CMSIS Pack Vendor :STMicroelectronics PDM2PCM 3.2.0
2025-07-15 09:36:45,293 [INFO] ThirdParty:841 - exiting critical section [change project]
2025-07-15 09:36:45,583 [INFO] PinOutPanel:1589 - setPackage(No Configuration,No Configuration)
2025-07-15 09:36:45,584 [INFO] PinOutPanel:1589 - setPackage(STM32F401VEHx,UFBGA100)
2025-07-15 09:36:45,878 [INFO] UtilMem:75 - Before build in PCC Used Memory: 507266560 Bytes (827326464)
2025-07-15 09:36:46,157 [INFO] UtilMem:75 - After build in PCC Used Memory: 551828992 Bytes (827326464)
2025-07-15 09:36:46,193 [INFO] IPUIPlugin:80 - create IPUIPlugin
2025-07-15 09:36:46,194 [INFO] IPUIPlugin:80 - create IPUIPlugin
2025-07-15 09:36:46,194 [INFO] IPUIPlugin:80 - create IPUIPlugin
2025-07-15 09:36:46,194 [INFO] IPUIPlugin:80 - create IPUIPlugin
2025-07-15 09:36:46,194 [INFO] IPUIPlugin:80 - create IPUIPlugin
2025-07-15 09:36:46,194 [INFO] IPUIPlugin:80 - create IPUIPlugin
2025-07-15 09:36:46,194 [INFO] IPUIPlugin:80 - create IPUIPlugin
2025-07-15 09:36:46,194 [INFO] IPUIPlugin:80 - create IPUIPlugin
2025-07-15 09:36:46,195 [INFO] IPUIPlugin:80 - create IPUIPlugin
2025-07-15 09:36:46,195 [INFO] IPUIPlugin:80 - create IPUIPlugin
2025-07-15 09:36:46,195 [INFO] IPUIPlugin:80 - create IPUIPlugin
2025-07-15 09:36:46,195 [INFO] IPUIPlugin:80 - create IPUIPlugin
2025-07-15 09:36:46,195 [INFO] IPUIPlugin:80 - create IPUIPlugin
2025-07-15 09:36:46,196 [INFO] IPUIPlugin:80 - create IPUIPlugin
2025-07-15 09:36:46,196 [INFO] IPUIPlugin:80 - create IPUIPlugin
2025-07-15 09:36:46,196 [INFO] IPUIPlugin:80 - create IPUIPlugin
2025-07-15 09:36:46,196 [INFO] IPUIPlugin:80 - create IPUIPlugin
2025-07-15 09:36:46,196 [INFO] IPUIPlugin:80 - create IPUIPlugin
2025-07-15 09:36:46,197 [INFO] IPUIPlugin:80 - create IPUIPlugin
2025-07-15 09:36:46,197 [INFO] IPUIPlugin:80 - create IPUIPlugin
2025-07-15 09:36:46,197 [INFO] IPUIPlugin:80 - create IPUIPlugin
2025-07-15 09:36:46,197 [INFO] IPUIPlugin:80 - create IPUIPlugin
2025-07-15 09:36:46,197 [INFO] IPUIPlugin:80 - create IPUIPlugin
2025-07-15 09:36:46,198 [INFO] IPUIPlugin:80 - create IPUIPlugin
2025-07-15 09:36:46,198 [INFO] IPUIPlugin:80 - create IPUIPlugin
2025-07-15 09:36:46,198 [INFO] IPUIPlugin:80 - create IPUIPlugin
2025-07-15 09:36:46,198 [INFO] IPUIPlugin:80 - create IPUIPlugin
2025-07-15 09:36:46,199 [INFO] IPUIPlugin:80 - create IPUIPlugin
2025-07-15 09:36:46,199 [INFO] IPUIPlugin:80 - create IPUIPlugin
2025-07-15 09:36:46,199 [INFO] IPUIPlugin:80 - create IPUIPlugin
2025-07-15 09:36:46,199 [INFO] IPUIPlugin:80 - create IPUIPlugin
2025-07-15 09:36:46,200 [INFO] IPUIPlugin:80 - create IPUIPlugin
2025-07-15 09:36:46,200 [INFO] IPUIPlugin:80 - create IPUIPlugin
2025-07-15 09:36:46,200 [INFO] IPUIPlugin:80 - create IPUIPlugin
2025-07-15 09:36:46,201 [INFO] IPUIPlugin:80 - create IPUIPlugin
2025-07-15 09:36:46,201 [INFO] IPUIPlugin:80 - create IPUIPlugin
2025-07-15 09:36:46,201 [INFO] IPUIPlugin:80 - create IPUIPlugin
2025-07-15 09:36:46,202 [INFO] IPUIPlugin:80 - create IPUIPlugin
2025-07-15 09:36:46,202 [INFO] IPUIPlugin:80 - create IPUIPlugin
2025-07-15 09:36:46,206 [INFO] ApiDbMcu:532 - Load IP Config File for PDM2PCM
2025-07-15 09:36:46,276 [INFO] CADModel:165 - CPN selected for project levelSTM32F401VEH6
2025-07-15 09:36:46,276 [INFO] CADModel:114 - Register for checkConnection events
2025-07-15 09:36:46,339 [INFO] OpenFileManager:386 - Restore cursor
2025-07-15 09:45:54,344 [ERROR] LogOutputStream:75 - [STDERR_REDIRECT] 
2025-07-15 09:49:40,068 [INFO] Activator:176 - 


2025-07-15 09:49:40,071 [INFO] Activator:177 - !SESSION log4j initialized
2025-07-15 09:49:46,602 [INFO] LogOutputStream:77 - [STDOUT_REDIRECT] 
2025-07-15 09:49:52,542 [INFO] ApplicationProperties:184 - Using Application install path: C:\ST\STM32CubeIDE_1.19.0\STM32CubeIDE\plugins\com.st.stm32cube.common.mx_6.15.0.202507011659
2025-07-15 09:49:52,559 [INFO] DbMcusXml:78 - Set database path to: C:\ST\STM32CubeIDE_1.19.0\STM32CubeIDE\plugins\com.st.stm32cube.common.mx_6.15.0.202507011659\\db\/mcu/
2025-07-15 09:49:52,559 [INFO] ApiDb:274 - Set plugin database path to: C:\ST\STM32CubeIDE_1.19.0\STM32CubeIDE\plugins\com.st.stm32cube.common.mx_6.15.0.202507011659\\db\/plugins/boardmanager/
2025-07-15 09:49:52,560 [WARN] ApiDb:259 - Overriding images path with different value:  => C:\ST\STM32CubeIDE_1.19.0\STM32CubeIDE\plugins\com.st.stm32cube.common.mx_6.15.0.202507011659\\db\/plugins/mcufinder/images/
2025-07-15 09:49:52,566 [INFO] ApiDb:250 - Set database path to: C:\Users\Administrator\.stmcufinder\plugins\mcufinder//mcu/
2025-07-15 09:49:52,567 [INFO] DbMcusAds:125 - Set database path to: C:\Users\Administrator\.stmcufinder\plugins\mcufinder//mcu/
2025-07-15 09:49:52,569 [INFO] CrossReferenceDbSqlite:203 - Set database path to: C:\Users\Administrator\.stmcufinder\plugins\mcufinder//mcu/cs/
2025-07-15 09:49:52,720 [INFO] RulesReader:64 - Compatibility file has been processed (317 Rules)
2025-07-15 09:49:52,832 [INFO] DbMcusXml:78 - Set database path to: C:\ST\STM32CubeIDE_1.19.0\STM32CubeIDE\plugins\com.st.stm32cube.common.mx_6.15.0.202507011659\\db\/mcu/
2025-07-15 09:49:52,832 [INFO] ApiDb:274 - Set plugin database path to: C:\ST\STM32CubeIDE_1.19.0\STM32CubeIDE\plugins\com.st.stm32cube.common.mx_6.15.0.202507011659\\db\/plugins/boardmanager/
2025-07-15 09:49:52,833 [INFO] ApiDb:261 - Set plugin images path to: C:\ST\STM32CubeIDE_1.19.0\STM32CubeIDE\plugins\com.st.stm32cube.common.mx_6.15.0.202507011659\\db\/plugins/mcufinder/images/
2025-07-15 09:49:52,833 [WARN] DbFile:41 - Overriding database path with different value: C:\Users\Administrator\.stmcufinder\plugins\mcufinder/ => C:\Users\Administrator\.stmcufinder\plugins\mcufinder
2025-07-15 09:49:52,833 [INFO] ApiDb:250 - Set database path to: C:\Users\Administrator\.stmcufinder\plugins\mcufinder//mcu/
2025-07-15 09:49:52,833 [WARN] DbFile:41 - Overriding database path with different value: C:\Users\Administrator\.stmcufinder\plugins\mcufinder/ => C:\Users\Administrator\.stmcufinder\plugins\mcufinder
2025-07-15 09:49:52,833 [INFO] DbMcusAds:125 - Set database path to: C:\Users\Administrator\.stmcufinder\plugins\mcufinder//mcu/
2025-07-15 09:49:52,833 [WARN] DbFile:41 - Overriding database path with different value: C:\Users\Administrator\.stmcufinder\plugins\mcufinder/ => C:\Users\Administrator\.stmcufinder\plugins\mcufinder
2025-07-15 09:49:52,834 [WARN] DbFile:41 - Overriding database path with different value: C:\Users\Administrator\.stmcufinder\plugins\mcufinder/ => C:\Users\Administrator\.stmcufinder\plugins\mcufinder
2025-07-15 09:49:52,834 [INFO] CrossReferenceDbSqlite:203 - Set database path to: C:\Users\Administrator\.stmcufinder\plugins\mcufinder//mcu/cs/
2025-07-15 09:49:52,939 [INFO] MainPanel:274 - HeapMemory: 268435456
2025-07-15 09:49:53,121 [INFO] DbMcusXml:78 - Set database path to: C:\ST\STM32CubeIDE_1.19.0\STM32CubeIDE\plugins\com.st.stm32cube.common.mx_6.15.0.202507011659\\db\/mcu/
2025-07-15 09:49:53,122 [INFO] ApiDb:274 - Set plugin database path to: C:\ST\STM32CubeIDE_1.19.0\STM32CubeIDE\plugins\com.st.stm32cube.common.mx_6.15.0.202507011659\\db\/plugins/boardmanager/
2025-07-15 09:49:53,122 [INFO] ApiDb:261 - Set plugin images path to: C:\ST\STM32CubeIDE_1.19.0\STM32CubeIDE\plugins\com.st.stm32cube.common.mx_6.15.0.202507011659\\db\/plugins/mcufinder/images/
2025-07-15 09:49:53,122 [WARN] DbFile:41 - Overriding database path with different value: C:\Users\Administrator\.stmcufinder\plugins\mcufinder/ => C:\Users\Administrator\.stmcufinder\plugins\mcufinder
2025-07-15 09:49:53,123 [INFO] ApiDb:250 - Set database path to: C:\Users\Administrator\.stmcufinder\plugins\mcufinder//mcu/
2025-07-15 09:49:53,123 [WARN] DbFile:41 - Overriding database path with different value: C:\Users\Administrator\.stmcufinder\plugins\mcufinder/ => C:\Users\Administrator\.stmcufinder\plugins\mcufinder
2025-07-15 09:49:53,123 [INFO] DbMcusAds:125 - Set database path to: C:\Users\Administrator\.stmcufinder\plugins\mcufinder//mcu/
2025-07-15 09:49:53,123 [WARN] DbFile:41 - Overriding database path with different value: C:\Users\Administrator\.stmcufinder\plugins\mcufinder/ => C:\Users\Administrator\.stmcufinder\plugins\mcufinder
2025-07-15 09:49:53,123 [WARN] DbFile:41 - Overriding database path with different value: C:\Users\Administrator\.stmcufinder\plugins\mcufinder/ => C:\Users\Administrator\.stmcufinder\plugins\mcufinder
2025-07-15 09:49:53,123 [INFO] CrossReferenceDbSqlite:203 - Set database path to: C:\Users\Administrator\.stmcufinder\plugins\mcufinder//mcu/cs/
2025-07-15 09:49:53,151 [INFO] ApplicationProperties:184 - Using Application install path: C:\ST\STM32CubeIDE_1.19.0\STM32CubeIDE\plugins\com.st.stm32cube.common.mx_6.15.0.202507011659
2025-07-15 09:49:53,153 [INFO] PluginManage:196 - Search for loadable plugins [exclusion list=, ]
2025-07-15 09:49:53,155 [INFO] PluginManage:310 - Check plugin analytics
2025-07-15 09:49:53,414 [INFO] AnalyticsPlugin:253 - Accepted Software Licenses: STM32CubeMX.6.15.0
2025-07-15 09:49:53,415 [INFO] AnalyticsPlugin:255 - Accepted CMSIS Pack Licenses: 
2025-07-15 09:49:53,415 [INFO] AnalyticsPlugin:257 - Accepted Firmware Licenses: FW.F4.1.28.0
2025-07-15 09:49:53,419 [INFO] PluginManage:359 - Loaded plugin analytics (category:tool,tabindex:-1)
2025-07-15 09:49:53,420 [INFO] PluginManage:310 - Check plugin cadmodel
2025-07-15 09:49:53,426 [INFO] CADModel:105 - Init CAD model plugin
2025-07-15 09:49:53,426 [INFO] PluginManage:359 - Loaded plugin cadmodel (category:power,tabindex:5)
2025-07-15 09:49:53,426 [INFO] PluginManage:310 - Check plugin clock
2025-07-15 09:49:53,437 [INFO] PluginManage:359 - Loaded plugin clock (category:base,tabindex:2)
2025-07-15 09:49:53,438 [INFO] PluginManage:310 - Check plugin ddr
2025-07-15 09:49:53,441 [INFO] PluginManage:359 - Loaded plugin ddr (category:tool,tabindex:6)
2025-07-15 09:49:53,441 [INFO] PluginManage:310 - Check plugin filemanager
2025-07-15 09:49:53,620 [INFO] PluginManage:359 - Loaded plugin filemanager (category:base,tabindex:10)
2025-07-15 09:49:53,621 [INFO] PluginManage:310 - Check plugin ipmanager
2025-07-15 09:49:53,632 [INFO] PluginManage:359 - Loaded plugin ipmanager (category:base,tabindex:5)
2025-07-15 09:49:53,632 [INFO] PluginManage:310 - Check plugin lpbam
2025-07-15 09:49:53,641 [INFO] PluginManage:359 - Loaded plugin lpbam (category:base,tabindex:0)
2025-07-15 09:49:53,641 [INFO] PluginManage:310 - Check plugin memorymap
2025-07-15 09:49:53,655 [INFO] PluginManage:359 - Loaded plugin memorymap (category:base,tabindex:4)
2025-07-15 09:49:53,655 [INFO] PluginManage:310 - Check plugin pinoutandconfiguration
2025-07-15 09:49:53,665 [INFO] PluginManage:359 - Loaded plugin pinoutandconfiguration (category:base,tabindex:1)
2025-07-15 09:49:53,665 [INFO] PluginManage:310 - Check plugin pinoutconfig
2025-07-15 09:49:53,789 [WARN] SupportedApi:132 - Cannot load RTOS API schema: s4s-elt-must-match.1: The content of 'definitions' must match (annotation?, (simpleType | complexType)?, (unique | key | keyref)*)). A problem was found starting at: attribute.
2025-07-15 09:49:54,001 [INFO] PluginManage:359 - Loaded plugin pinoutconfig (category:base,tabindex:0)
2025-07-15 09:49:54,001 [INFO] PluginManage:310 - Check plugin power
2025-07-15 09:49:54,013 [INFO] PluginManage:359 - Loaded plugin power (category:power,tabindex:4)
2025-07-15 09:49:54,013 [INFO] PluginManage:310 - Check plugin projectmanager
2025-07-15 09:49:54,041 [INFO] PluginManage:359 - Loaded plugin projectmanager (category:projectmanager,tabindex:4)
2025-07-15 09:49:54,041 [INFO] PluginManage:310 - Check plugin rif
2025-07-15 09:49:54,056 [INFO] PluginManage:359 - Loaded plugin rif (category:base,tabindex:3)
2025-07-15 09:49:54,057 [INFO] PluginManage:310 - Check plugin thirdparty
2025-07-15 09:49:54,256 [INFO] PluginManage:359 - Loaded plugin thirdparty (category:base,tabindex:-1)
2025-07-15 09:49:54,256 [WARN] IntegrityCheckThread:84 - waiting for thirdparty lock release [integrity check]
2025-07-15 09:49:54,256 [INFO] IntegrityCheckThread:86 - entering critical section [integrity check]
2025-07-15 09:49:54,256 [INFO] PluginManage:310 - Check plugin tools
2025-07-15 09:49:54,257 [INFO] ThirdPartyUpdaterWithRetryManager:70 - Updater plugin not ready yet. [1/15]
2025-07-15 09:49:54,260 [INFO] PluginManage:359 - Loaded plugin tools (category:base,tabindex:7)
2025-07-15 09:49:54,260 [INFO] PluginManage:310 - Check plugin tutovideos
2025-07-15 09:49:54,601 [INFO] PluginManage:359 - Loaded plugin tutovideos (category:base,tabindex:-1)
2025-07-15 09:49:54,602 [INFO] PluginManage:310 - Check plugin updater
2025-07-15 09:49:54,630 [INFO] PluginManage:359 - Loaded plugin updater (category:base,tabindex:12)
2025-07-15 09:49:54,631 [INFO] PluginManage:310 - Check plugin userauth
2025-07-15 09:49:54,635 [INFO] UserAuth:118 - Init User Auth plugin
2025-07-15 09:49:54,637 [INFO] PluginManage:359 - Loaded plugin userauth (category:base,tabindex:14)
2025-07-15 09:49:54,638 [INFO] PluginManage:283 - PluginManage : Loaded plugins [18]
2025-07-15 09:49:54,966 [INFO] PinOutPanel:1589 - setPackage(No Configuration,No Configuration)
2025-07-15 09:49:55,122 [INFO] CADModel:165 - CPN selected for project level
2025-07-15 09:49:55,122 [INFO] CADModel:114 - Register for checkConnection events
2025-07-15 09:49:55,141 [INFO] IPUIPlugin:80 - create IPUIPlugin
2025-07-15 09:49:55,142 [INFO] PluginManager:220 - loadIPPluginJar : add adc
2025-07-15 09:49:55,145 [INFO] IPUIPlugin:80 - create IPUIPlugin
2025-07-15 09:49:55,145 [INFO] PluginManager:220 - loadIPPluginJar : add aes
2025-07-15 09:49:55,148 [INFO] IPUIPlugin:80 - create IPUIPlugin
2025-07-15 09:49:55,149 [INFO] PluginManager:220 - loadIPPluginJar : add can
2025-07-15 09:49:55,150 [INFO] IPUIPlugin:80 - create IPUIPlugin
2025-07-15 09:49:55,151 [INFO] PluginManager:220 - loadIPPluginJar : add comp
2025-07-15 09:49:55,153 [INFO] IPUIPlugin:80 - create IPUIPlugin
2025-07-15 09:49:55,153 [INFO] PluginManager:220 - loadIPPluginJar : add cryp
2025-07-15 09:49:55,157 [INFO] IPUIPlugin:80 - create IPUIPlugin
2025-07-15 09:49:55,157 [INFO] PluginManager:220 - loadIPPluginJar : add ddr_ctrl_phy
2025-07-15 09:49:55,161 [INFO] IPUIPlugin:80 - create IPUIPlugin
2025-07-15 09:49:55,161 [INFO] PluginManager:220 - loadIPPluginJar : add dfsdm
2025-07-15 09:49:55,167 [INFO] IPUIPlugin:80 - create IPUIPlugin
2025-07-15 09:49:55,168 [INFO] PluginManager:220 - loadIPPluginJar : add dma
2025-07-15 09:49:55,171 [INFO] IPUIPlugin:80 - create IPUIPlugin
2025-07-15 09:49:55,171 [INFO] PluginManager:220 - loadIPPluginJar : add dma3
2025-07-15 09:49:55,174 [INFO] IPUIPlugin:80 - create IPUIPlugin
2025-07-15 09:49:55,174 [INFO] PluginManager:220 - loadIPPluginJar : add extmemmanager
2025-07-15 09:49:55,177 [INFO] IPUIPlugin:80 - create IPUIPlugin
2025-07-15 09:49:55,177 [INFO] PluginManager:220 - loadIPPluginJar : add fatfs
2025-07-15 09:49:55,182 [INFO] IPUIPlugin:80 - create IPUIPlugin
2025-07-15 09:49:55,183 [INFO] PluginManager:220 - loadIPPluginJar : add fmc
2025-07-15 09:49:55,191 [INFO] IPUIPlugin:80 - create IPUIPlugin
2025-07-15 09:49:55,192 [INFO] PluginManager:220 - loadIPPluginJar : add freertos
2025-07-15 09:49:55,193 [INFO] IPUIPlugin:80 - create IPUIPlugin
2025-07-15 09:49:55,194 [INFO] PluginManager:220 - loadIPPluginJar : add genericplugin
2025-07-15 09:49:55,197 [INFO] IPUIPlugin:80 - create IPUIPlugin
2025-07-15 09:49:55,197 [INFO] PluginManager:220 - loadIPPluginJar : add gfxmmu
2025-07-15 09:49:55,203 [INFO] IPUIPlugin:80 - create IPUIPlugin
2025-07-15 09:49:55,203 [INFO] PluginManager:220 - loadIPPluginJar : add gic
2025-07-15 09:49:55,207 [INFO] IPUIPlugin:80 - create IPUIPlugin
2025-07-15 09:49:55,208 [INFO] PluginManager:220 - loadIPPluginJar : add gpio
2025-07-15 09:49:55,213 [INFO] IPUIPlugin:80 - create IPUIPlugin
2025-07-15 09:49:55,213 [INFO] PluginManager:220 - loadIPPluginJar : add gtzc
2025-07-15 09:49:55,216 [INFO] IPUIPlugin:80 - create IPUIPlugin
2025-07-15 09:49:55,216 [INFO] PluginManager:220 - loadIPPluginJar : add hash
2025-07-15 09:49:55,219 [INFO] IPUIPlugin:80 - create IPUIPlugin
2025-07-15 09:49:55,219 [INFO] PluginManager:220 - loadIPPluginJar : add i2c
2025-07-15 09:49:55,223 [INFO] IPUIPlugin:80 - create IPUIPlugin
2025-07-15 09:49:55,223 [INFO] PluginManager:220 - loadIPPluginJar : add i2s
2025-07-15 09:49:55,227 [INFO] IPUIPlugin:80 - create IPUIPlugin
2025-07-15 09:49:55,227 [INFO] PluginManager:220 - loadIPPluginJar : add i3c
2025-07-15 09:49:55,231 [INFO] IPUIPlugin:80 - create IPUIPlugin
2025-07-15 09:49:55,232 [INFO] PluginManager:220 - loadIPPluginJar : add ipddr
2025-07-15 09:49:55,239 [INFO] IPUIPlugin:80 - create IPUIPlugin
2025-07-15 09:49:55,240 [INFO] PluginManager:220 - loadIPPluginJar : add linkedlist
2025-07-15 09:49:55,243 [INFO] IPUIPlugin:80 - create IPUIPlugin
2025-07-15 09:49:55,243 [INFO] PluginManager:220 - loadIPPluginJar : add lorawan
2025-07-15 09:49:55,245 [INFO] IPUIPlugin:80 - create IPUIPlugin
2025-07-15 09:49:55,245 [INFO] PluginManager:220 - loadIPPluginJar : add ltdc
2025-07-15 09:49:55,251 [INFO] IPUIPlugin:80 - create IPUIPlugin
2025-07-15 09:49:55,251 [INFO] PluginManager:220 - loadIPPluginJar : add mdma
2025-07-15 09:49:55,255 [INFO] IPUIPlugin:80 - create IPUIPlugin
2025-07-15 09:49:55,255 [INFO] PluginManager:220 - loadIPPluginJar : add nvic
2025-07-15 09:49:55,258 [INFO] IPUIPlugin:80 - create IPUIPlugin
2025-07-15 09:49:55,258 [INFO] PluginManager:220 - loadIPPluginJar : add opamp
2025-07-15 09:49:55,261 [INFO] IPUIPlugin:80 - create IPUIPlugin
2025-07-15 09:49:55,261 [INFO] PluginManager:220 - loadIPPluginJar : add openamp
2025-07-15 09:49:55,265 [INFO] IPUIPlugin:80 - create IPUIPlugin
2025-07-15 09:49:55,265 [INFO] PluginManager:220 - loadIPPluginJar : add pdm2pcm
2025-07-15 09:49:55,275 [INFO] IPUIPlugin:80 - create IPUIPlugin
2025-07-15 09:49:55,279 [INFO] PluginManager:220 - loadIPPluginJar : add plateformsettings
2025-07-15 09:49:55,281 [INFO] IPUIPlugin:80 - create IPUIPlugin
2025-07-15 09:49:55,281 [INFO] PluginManager:220 - loadIPPluginJar : add quadspi
2025-07-15 09:49:55,284 [INFO] IPUIPlugin:80 - create IPUIPlugin
2025-07-15 09:49:55,284 [INFO] PluginManager:220 - loadIPPluginJar : add radio
2025-07-15 09:49:55,287 [INFO] IPUIPlugin:80 - create IPUIPlugin
2025-07-15 09:49:55,288 [INFO] PluginManager:220 - loadIPPluginJar : add resmgrutility
2025-07-15 09:49:55,291 [INFO] IPUIPlugin:80 - create IPUIPlugin
2025-07-15 09:49:55,291 [INFO] PluginManager:220 - loadIPPluginJar : add sai
2025-07-15 09:49:55,294 [INFO] IPUIPlugin:80 - create IPUIPlugin
2025-07-15 09:49:55,294 [INFO] PluginManager:220 - loadIPPluginJar : add spi
2025-07-15 09:49:55,311 [INFO] IPUIPlugin:80 - create IPUIPlugin
2025-07-15 09:49:55,312 [INFO] PluginManager:220 - loadIPPluginJar : add stm32_wpan
2025-07-15 09:49:55,314 [INFO] IPUIPlugin:80 - create IPUIPlugin
2025-07-15 09:49:55,314 [INFO] PluginManager:220 - loadIPPluginJar : add tim
2025-07-15 09:49:55,319 [INFO] IPUIPlugin:80 - create IPUIPlugin
2025-07-15 09:49:55,319 [INFO] PluginManager:220 - loadIPPluginJar : add touchsensing
2025-07-15 09:49:55,321 [INFO] IPUIPlugin:80 - create IPUIPlugin
2025-07-15 09:49:55,322 [INFO] PluginManager:220 - loadIPPluginJar : add tracer_emb
2025-07-15 09:49:55,324 [INFO] IPUIPlugin:80 - create IPUIPlugin
2025-07-15 09:49:55,324 [INFO] PluginManager:220 - loadIPPluginJar : add ts
2025-07-15 09:49:55,326 [INFO] IPUIPlugin:80 - create IPUIPlugin
2025-07-15 09:49:55,326 [INFO] PluginManager:220 - loadIPPluginJar : add tsc
2025-07-15 09:49:55,328 [INFO] IPUIPlugin:80 - create IPUIPlugin
2025-07-15 09:49:55,328 [INFO] PluginManager:220 - loadIPPluginJar : add ucpd
2025-07-15 09:49:55,333 [INFO] IPUIPlugin:80 - create IPUIPlugin
2025-07-15 09:49:55,333 [INFO] PluginManager:220 - loadIPPluginJar : add usart
2025-07-15 09:49:55,338 [INFO] IPUIPlugin:80 - create IPUIPlugin
2025-07-15 09:49:55,338 [INFO] PluginManager:220 - loadIPPluginJar : add usbx
2025-07-15 09:49:55,496 [FATAL] Updater:351 - Updater called before beeing initialized
2025-07-15 09:49:55,535 [INFO] RulesReader:64 - Compatibility file has been processed (317 Rules)
2025-07-15 09:49:55,557 [INFO] RulesReader:64 - Compatibility file has been processed (317 Rules)
2025-07-15 09:49:55,569 [INFO] CADModel:165 - CPN selected for project level
2025-07-15 09:49:55,569 [INFO] CADModel:114 - Register for checkConnection events
2025-07-15 09:49:55,570 [FATAL] Updater:351 - Updater called before beeing initialized
2025-07-15 09:49:55,570 [ERROR] CADModel:125 - Updater not yet initialized, retry later 
2025-07-15 09:49:55,777 [FATAL] Updater:351 - Updater called before beeing initialized
2025-07-15 09:49:55,779 [INFO] CADModel:165 - CPN selected for project level
2025-07-15 09:49:55,779 [INFO] CADModel:114 - Register for checkConnection events
2025-07-15 09:49:55,779 [FATAL] Updater:351 - Updater called before beeing initialized
2025-07-15 09:49:55,779 [ERROR] CADModel:125 - Updater not yet initialized, retry later 
2025-07-15 09:49:55,784 [FATAL] Updater:351 - Updater called before beeing initialized
2025-07-15 09:49:55,985 [FATAL] Updater:351 - Updater called before beeing initialized
2025-07-15 09:49:55,991 [INFO] DbMcusAds:53 - JSON generation date=Tue Jul 08 15:14:23 ICT 2025 (1751962463582)
2025-07-15 09:49:55,992 [FATAL] Updater:351 - Updater called before beeing initialized
2025-07-15 09:49:56,052 [WARN] DetailPanel:346 - Failed to get advertising image, set to default
2025-07-15 09:49:56,180 [FATAL] Updater:351 - Updater called before beeing initialized
2025-07-15 09:49:56,184 [FATAL] Updater:351 - Updater called before beeing initialized
2025-07-15 09:49:56,184 [FATAL] Updater:351 - Updater called before beeing initialized
2025-07-15 09:49:56,184 [WARN] DetailPanel:346 - Failed to get advertising image, set to default
2025-07-15 09:49:56,186 [FATAL] Updater:351 - Updater called before beeing initialized
2025-07-15 09:49:56,269 [ERROR] Updater:1198 - MainUpdater not yet initialized. External WinMGr cannot be set.
2025-07-15 09:49:56,272 [INFO] Updater:1134 - Updater Version found : 6.15.0
2025-07-15 09:49:56,295 [INFO] ApplicationProperties:184 - Using Application install path: C:\ST\STM32CubeIDE_1.19.0\STM32CubeIDE\plugins\com.st.stm32cube.common.mx_6.15.0.202507011659
2025-07-15 09:49:57,278 [INFO] ThirdPartyUpdaterWithRetryManager:70 - Updater plugin not ready yet. [2/15]
2025-07-15 09:49:57,540 [INFO] MainUpdater:2872 - connection check result : 10
2025-07-15 09:49:57,542 [INFO] MainUpdater:289 - Updater Check For Update Now.
2025-07-15 09:49:57,542 [INFO] MicroXplorer:498 - Change Database Version : DB.6.0.150
2025-07-15 09:49:57,552 [INFO] McuFinderGlobals:63 - Set McuFinder mode to 2 (CubeIDE integrated)
2025-07-15 09:49:57,553 [INFO] UserAuth:487 - Internet connection configuration mode: 1
2025-07-15 09:49:57,584 [INFO] JxBrowserEngine:152 - Initiate JxBrowser Engine with user profile folder
2025-07-15 09:49:57,817 [INFO] CheckServerUpdateThread:120 - End of CheckServer Thread
2025-07-15 09:49:58,326 [INFO] WebApp:169 - Instantiating new browser for Auth
2025-07-15 09:49:59,264 [INFO] WebApp:463 - Apply proxy settings
2025-07-15 09:49:59,265 [INFO] WebApp:548 - Chromium requires no authentication
2025-07-15 09:49:59,275 [INFO] WebApp:491 - Direct internet connection detected
2025-07-15 09:49:59,316 [INFO] WebApp:900 - Register for checkConnection events
2025-07-15 09:49:59,317 [INFO] WebApp:463 - Apply proxy settings
2025-07-15 09:49:59,317 [INFO] WebApp:548 - Chromium requires no authentication
2025-07-15 09:49:59,318 [INFO] WebApp:491 - Direct internet connection detected
2025-07-15 09:49:59,511 [INFO] WebApp:191 - Connection restablished
2025-07-15 09:49:59,626 [INFO] WebApp:225 - Starting web application
2025-07-15 09:49:59,626 [INFO] WebApp:593 - Web application path used C:\ST\STM32CubeIDE_1.19.0\STM32CubeIDE\plugins\com.st.stm32cube.common.mx_6.15.0.202507011659\db\plugins\mcufinder\reactClient1\index.html
2025-07-15 09:49:59,758 [INFO] UserAuth:487 - Internet connection configuration mode: 1
2025-07-15 09:50:00,636 [WARN] PackLoader:240 - Cannot read IP mode file for STMicroelectronics.FP-SNS-MOTENVWB1.1.4.0
2025-07-15 09:50:00,647 [WARN] PackLoader:240 - Cannot read IP mode file for STMicroelectronics.FP-ATR-ASTRA1.2.0.2
2025-07-15 09:50:00,659 [WARN] PackLoader:240 - Cannot read IP mode file for STMicroelectronics.X-CUBE-SMBUS.2.1.0
2025-07-15 09:50:00,667 [WARN] PackLoader:240 - Cannot read IP mode file for STMicroelectronics.X-CUBE-ST60.1.0.0
2025-07-15 09:50:00,715 [WARN] PackLoader:240 - Cannot read IP mode file for STMicroelectronics.X-CUBE-AZRTOS-F7.1.1.0
2025-07-15 09:50:00,762 [WARN] PackLoader:240 - Cannot read IP mode file for Infineon.AIROC-Wi-Fi-Bluetooth-STM32.1.7.1
2025-07-15 09:50:00,820 [WARN] PackLoader:240 - Cannot read IP mode file for STMicroelectronics.X-CUBE-AZRTOS-H7.3.4.0
2025-07-15 09:50:00,842 [WARN] PackLoader:240 - Cannot read IP mode file for STMicroelectronics.X-CUBE-DISPLAY.3.0.0
2025-07-15 09:50:00,870 [WARN] PackLoader:240 - Cannot read IP mode file for STMicroelectronics.X-CUBE-NFC10.1.0.0
2025-07-15 09:50:00,889 [WARN] PackLoader:240 - Cannot read IP mode file for STMicroelectronics.X-CUBE-BLEMGR.4.0.0
2025-07-15 09:50:00,902 [WARN] PackLoader:240 - Cannot read IP mode file for emotas.I-CUBE-CANOPEN.1.3.0
2025-07-15 09:50:00,908 [WARN] ConditionMgr:438 - getConditionDescription Invalid condition id : Cortex-A Device cause : null
2025-07-15 09:50:00,924 [WARN] ConditionMgr:1044 - genDependencies : Invalid condition id : Cortex-A Device cause : null
2025-07-15 09:50:00,924 [WARN] ConditionMgr:1044 - genDependencies : Invalid condition id : Cortex-A Device cause : null
2025-07-15 09:50:00,924 [WARN] ConditionMgr:1044 - genDependencies : Invalid condition id : Cortex-A Device cause : null
2025-07-15 09:50:00,929 [WARN] PackLoader:240 - Cannot read IP mode file for STMicroelectronics.FP-SNS-SMARTAG2.1.2.0
2025-07-15 09:50:00,937 [WARN] PackLoader:240 - Cannot read IP mode file for STMicroelectronics.FP-SNS-FLIGHT1.5.1.0
2025-07-15 09:50:00,948 [INFO] LogOutputStream:77 - [STDOUT_REDIRECT] 1 : Invalid condition id : UX_CORESTACK_Condition cause : null
2025-07-15 09:50:00,949 [INFO] LogOutputStream:77 - [STDOUT_REDIRECT] 1 : Invalid condition id : UX_CORESTACK_Condition cause : null
2025-07-15 09:50:00,951 [INFO] LogOutputStream:77 - [STDOUT_REDIRECT] 1 : Invalid condition id : UX_CORESTACK_Condition cause : null
2025-07-15 09:50:00,953 [INFO] LogOutputStream:77 - [STDOUT_REDIRECT] 1 : Invalid condition id : UX_CORESTACK_Condition cause : null
2025-07-15 09:50:00,956 [INFO] LogOutputStream:77 - [STDOUT_REDIRECT] 1 : Invalid condition id : UX_CORESTACK_Condition cause : null
2025-07-15 09:50:00,961 [WARN] PackLoader:240 - Cannot read IP mode file for STMicroelectronics.X-CUBE-AZRTOS-WL.2.0.0
2025-07-15 09:50:00,971 [WARN] PackLoader:240 - Cannot read IP mode file for STMicroelectronics.FP-SNS-MOTENV1.5.0.0
2025-07-15 09:50:00,986 [WARN] PackLoader:240 - Cannot read IP mode file for WES.I-CUBE-Cesium.1.3.0
2025-07-15 09:50:00,995 [WARN] PackLoader:240 - Cannot read IP mode file for STMicroelectronics.X-CUBE-BLE2.3.3.0
2025-07-15 09:50:01,006 [WARN] PackLoader:240 - Cannot read IP mode file for STMicroelectronics.X-CUBE-NFC9.1.0.0
2025-07-15 09:50:01,015 [WARN] PackLoader:240 - Cannot read IP mode file for wolfSSL.I-CUBE-wolfSSL.5.8.0
2025-07-15 09:50:01,022 [WARN] PackLoader:240 - Cannot read IP mode file for STMicroelectronics.X-CUBE-BLE1.7.1.0
2025-07-15 09:50:01,028 [WARN] PackLoader:240 - Cannot read IP mode file for wolfSSL.I-CUBE-wolfMQTT.1.19.2
2025-07-15 09:50:01,036 [WARN] PackLoader:240 - Cannot read IP mode file for STMicroelectronics.X-CUBE-EEPRMA1.5.2.0
2025-07-15 09:50:01,045 [WARN] PackLoader:240 - Cannot read IP mode file for STMicroelectronics.X-CUBE-AI.10.1.0
2025-07-15 09:50:01,063 [WARN] PackLoader:240 - Cannot read IP mode file for STMicroelectronics.X-CUBE-AZRTOS-G0.1.1.0
2025-07-15 09:50:01,076 [WARN] PackLoader:240 - Cannot read IP mode file for STMicroelectronics.X-CUBE-SAFEA1.1.2.2
2025-07-15 09:50:01,088 [WARN] PackLoader:240 - Cannot read IP mode file for STMicroelectronics.X-CUBE-NFC4.3.0.0
2025-07-15 09:50:01,108 [WARN] PackLoader:240 - Cannot read IP mode file for EmbeddedOffice.I-CUBE-FS-RTOS.1.0.1
2025-07-15 09:50:01,117 [WARN] PackLoader:240 - Cannot read IP mode file for STMicroelectronics.X-CUBE-WB05N.2.0.0
2025-07-15 09:50:01,124 [WARN] PackLoader:240 - Cannot read IP mode file for wolfSSL.I-CUBE-wolfTPM.3.8.0
2025-07-15 09:50:01,130 [WARN] PackLoader:240 - Cannot read IP mode file for STMicroelectronics.X-CUBE-TCPP.4.2.0
2025-07-15 09:50:01,140 [WARN] PackLoader:240 - Cannot read IP mode file for RealThread.X-CUBE-RT-Thread_Nano.4.1.1
2025-07-15 09:50:01,147 [WARN] PackLoader:240 - Cannot read IP mode file for STMicroelectronics.FP-ATR-SIGFOX1.3.2.0
2025-07-15 09:50:01,153 [WARN] PackLoader:240 - Cannot read IP mode file for STMicroelectronics.X-CUBE-EEPRMA1.5.1.0
2025-07-15 09:50:01,163 [WARN] PackLoader:240 - Cannot read IP mode file for ITTIA_DB.I-CUBE-ITTIADB.8.9.0
2025-07-15 09:50:01,170 [WARN] PackLoader:240 - Cannot read IP mode file for STMicroelectronics.X-CUBE-ST67W61.1.0.0
2025-07-15 09:50:01,205 [WARN] PackLoader:240 - Cannot read IP mode file for SEGGER.I-CUBE-embOS.1.3.1
2025-07-15 09:50:01,284 [WARN] PackLoader:240 - Cannot read IP mode file for STMicroelectronics.X-CUBE-ALGOBUILD.1.4.0
2025-07-15 09:50:01,383 [WARN] PackLoader:240 - Cannot read IP mode file for STMicroelectronics.X-CUBE-MEMS1.11.3.0
2025-07-15 09:50:01,548 [WARN] PackLoader:240 - Cannot read IP mode file for STMicroelectronics.X-CUBE-PM33A1.1.0.0
2025-07-15 09:50:01,570 [WARN] PackLoader:240 - Cannot read IP mode file for STMicroelectronics.X-CUBE-AZRTOS-F4.1.1.0
2025-07-15 09:50:01,579 [WARN] PackLoader:240 - Cannot read IP mode file for STMicroelectronics.X-CUBE-ISPU.2.1.0
2025-07-15 09:50:01,587 [WARN] PackLoader:240 - Cannot read IP mode file for STMicroelectronics.X-CUBE-NFC12.1.0.0
2025-07-15 09:50:01,608 [WARN] PackLoader:240 - Cannot read IP mode file for STMicroelectronics.X-CUBE-AZRTOS-L5.2.0.0
2025-07-15 09:50:01,628 [WARN] PackLoader:240 - Cannot read IP mode file for STMicroelectronics.X-CUBE-NFC6.3.1.0
2025-07-15 09:50:01,637 [WARN] PackLoader:240 - Cannot read IP mode file for STMicroelectronics.X-CUBE-FREERTOS.1.3.1
2025-07-15 09:50:01,643 [WARN] PackLoader:240 - Cannot read IP mode file for STMicroelectronics.FP-SNS-STAIOTCFT.1.0.0
2025-07-15 09:50:01,649 [WARN] PackLoader:240 - Cannot read IP mode file for STMicroelectronics.X-CUBE-DPower.1.3.0
2025-07-15 09:50:01,672 [WARN] ConditionMgr:438 - getConditionDescription Invalid condition id : LAN8742 Phy interface Condition cause : null
2025-07-15 09:50:01,673 [WARN] PackLoader:240 - Cannot read IP mode file for STMicroelectronics.X-CUBE-AZRTOS-L4.2.0.0
2025-07-15 09:50:01,674 [WARN] ConditionMgr:1044 - genDependencies : Invalid condition id : LAN8742 Phy interface Condition cause : null
2025-07-15 09:50:01,674 [WARN] ConditionMgr:1044 - genDependencies : Invalid condition id : LAN8742 Phy interface Condition cause : null
2025-07-15 09:50:01,675 [WARN] ConditionMgr:1044 - genDependencies : Invalid condition id : LAN8742 Phy interface Condition cause : null
2025-07-15 09:50:01,684 [WARN] PackLoader:240 - Cannot read IP mode file for STMicroelectronics.X-CUBE-SFXS2LP1.4.0.0
2025-07-15 09:50:01,699 [WARN] ConditionMgr:438 - getConditionDescription Invalid condition id : UX DEVICE CLASS RTOS Condition cause : null
2025-07-15 09:50:01,699 [WARN] ConditionMgr:438 - getConditionDescription Invalid condition id : UX DEVICE CLASS RTOS Condition cause : null
2025-07-15 09:50:01,701 [WARN] PackLoader:240 - Cannot read IP mode file for STMicroelectronics.X-CUBE-AZRTOS-WB.2.0.0
2025-07-15 09:50:01,702 [WARN] ConditionMgr:1044 - genDependencies : Invalid condition id : UX DEVICE CLASS RTOS Condition cause : null
2025-07-15 09:50:01,702 [WARN] ConditionMgr:1044 - genDependencies : Invalid condition id : UX DEVICE CLASS RTOS Condition cause : null
2025-07-15 09:50:01,703 [WARN] ConditionMgr:1044 - genDependencies : Invalid condition id : UX DEVICE CLASS RTOS Condition cause : null
2025-07-15 09:50:01,703 [WARN] ConditionMgr:1044 - genDependencies : Invalid condition id : UX DEVICE CLASS RTOS Condition cause : null
2025-07-15 09:50:01,703 [WARN] ConditionMgr:1044 - genDependencies : Invalid condition id : UX DEVICE CLASS RTOS Condition cause : null
2025-07-15 09:50:01,710 [WARN] PackLoader:240 - Cannot read IP mode file for STMicroelectronics.X-CUBE-GNSS1.7.0.1
2025-07-15 09:50:01,716 [WARN] PackLoader:240 - Cannot read IP mode file for STMicroelectronics.X-CUBE-TOUCHGFX.4.25.0
2025-07-15 09:50:01,725 [WARN] PackLoader:240 - Cannot read IP mode file for STMicroelectronics.FP-SNS-STBOX1.2.0.0
2025-07-15 09:50:01,742 [WARN] PackLoader:240 - Cannot read IP mode file for STMicroelectronics.X-CUBE-SUBG2.5.0.0
2025-07-15 09:50:01,770 [WARN] PackLoader:240 - Cannot read IP mode file for STMicroelectronics.X-CUBE-AZRTOS-H7RS.1.1.0
2025-07-15 09:50:01,778 [WARN] PackLoader:240 - Cannot read IP mode file for Cesanta.I-CUBE-Mongoose.7.13.0
2025-07-15 09:50:01,793 [WARN] PackLoader:240 - Cannot read IP mode file for STMicroelectronics.X-CUBE-AZRTOS-G4.2.0.0
2025-07-15 09:50:01,801 [WARN] PackLoader:240 - Cannot read IP mode file for wolfSSL.I-CUBE-wolfSSH.1.4.20
2025-07-15 09:50:01,809 [WARN] PackLoader:240 - Cannot read IP mode file for STMicroelectronics.X-CUBE-NFC7.2.0.0
2025-07-15 09:50:01,823 [WARN] PackLoader:240 - Cannot read IP mode file for STMicroelectronics.X-CUBE-IPS.3.1.0
2025-07-15 09:50:01,838 [WARN] PackLoader:240 - Cannot read IP mode file for STMicroelectronics.X-CUBE-ALS.1.0.2
2025-07-15 09:50:01,847 [WARN] PackLoader:240 - Cannot read IP mode file for portGmbH.I-Cube-SoM-uGOAL.1.1.0
2025-07-15 09:50:01,863 [WARN] PackLoader:240 - Cannot read IP mode file for STMicroelectronics.X-CUBE-TOF1.3.4.3
2025-07-15 09:50:01,878 [INFO] ThirdParty:978 - Integrity check success = true
2025-07-15 09:50:01,878 [INFO] IntegrityCheckThread:100 - exiting critical section [integrity check]
2025-07-15 09:50:01,878 [INFO] IntegrityCheckThread:103 - End integrity checks thread
2025-07-15 09:50:02,972 [ERROR] LogOutputStream:75 - [STDERR_REDIRECT] 
2025-07-15 10:01:34,988 [INFO] Activator:176 - 


2025-07-15 10:01:34,990 [INFO] Activator:177 - !SESSION log4j initialized
2025-07-15 10:01:41,662 [INFO] LogOutputStream:77 - [STDOUT_REDIRECT] 
2025-07-15 10:01:42,676 [INFO] ApplicationProperties:184 - Using Application install path: C:\ST\STM32CubeIDE_1.19.0\STM32CubeIDE\plugins\com.st.stm32cube.common.mx_6.15.0.202507011659
2025-07-15 10:01:42,697 [INFO] DbMcusXml:78 - Set database path to: C:\ST\STM32CubeIDE_1.19.0\STM32CubeIDE\plugins\com.st.stm32cube.common.mx_6.15.0.202507011659\\db\/mcu/
2025-07-15 10:01:42,698 [INFO] ApiDb:274 - Set plugin database path to: C:\ST\STM32CubeIDE_1.19.0\STM32CubeIDE\plugins\com.st.stm32cube.common.mx_6.15.0.202507011659\\db\/plugins/boardmanager/
2025-07-15 10:01:42,698 [WARN] ApiDb:259 - Overriding images path with different value:  => C:\ST\STM32CubeIDE_1.19.0\STM32CubeIDE\plugins\com.st.stm32cube.common.mx_6.15.0.202507011659\\db\/plugins/mcufinder/images/
2025-07-15 10:01:42,704 [INFO] ApiDb:250 - Set database path to: C:\Users\Administrator\.stmcufinder\plugins\mcufinder//mcu/
2025-07-15 10:01:42,706 [INFO] DbMcusAds:125 - Set database path to: C:\Users\Administrator\.stmcufinder\plugins\mcufinder//mcu/
2025-07-15 10:01:42,708 [INFO] CrossReferenceDbSqlite:203 - Set database path to: C:\Users\Administrator\.stmcufinder\plugins\mcufinder//mcu/cs/
2025-07-15 10:01:42,848 [INFO] RulesReader:64 - Compatibility file has been processed (317 Rules)
2025-07-15 10:01:42,944 [INFO] DbMcusXml:78 - Set database path to: C:\ST\STM32CubeIDE_1.19.0\STM32CubeIDE\plugins\com.st.stm32cube.common.mx_6.15.0.202507011659\\db\/mcu/
2025-07-15 10:01:42,945 [INFO] ApiDb:274 - Set plugin database path to: C:\ST\STM32CubeIDE_1.19.0\STM32CubeIDE\plugins\com.st.stm32cube.common.mx_6.15.0.202507011659\\db\/plugins/boardmanager/
2025-07-15 10:01:42,945 [INFO] ApiDb:261 - Set plugin images path to: C:\ST\STM32CubeIDE_1.19.0\STM32CubeIDE\plugins\com.st.stm32cube.common.mx_6.15.0.202507011659\\db\/plugins/mcufinder/images/
2025-07-15 10:01:42,945 [WARN] DbFile:41 - Overriding database path with different value: C:\Users\Administrator\.stmcufinder\plugins\mcufinder/ => C:\Users\Administrator\.stmcufinder\plugins\mcufinder
2025-07-15 10:01:42,945 [INFO] ApiDb:250 - Set database path to: C:\Users\Administrator\.stmcufinder\plugins\mcufinder//mcu/
2025-07-15 10:01:42,945 [WARN] DbFile:41 - Overriding database path with different value: C:\Users\Administrator\.stmcufinder\plugins\mcufinder/ => C:\Users\Administrator\.stmcufinder\plugins\mcufinder
2025-07-15 10:01:42,946 [INFO] DbMcusAds:125 - Set database path to: C:\Users\Administrator\.stmcufinder\plugins\mcufinder//mcu/
2025-07-15 10:01:42,946 [WARN] DbFile:41 - Overriding database path with different value: C:\Users\Administrator\.stmcufinder\plugins\mcufinder/ => C:\Users\Administrator\.stmcufinder\plugins\mcufinder
2025-07-15 10:01:42,946 [WARN] DbFile:41 - Overriding database path with different value: C:\Users\Administrator\.stmcufinder\plugins\mcufinder/ => C:\Users\Administrator\.stmcufinder\plugins\mcufinder
2025-07-15 10:01:42,946 [INFO] CrossReferenceDbSqlite:203 - Set database path to: C:\Users\Administrator\.stmcufinder\plugins\mcufinder//mcu/cs/
2025-07-15 10:01:43,037 [INFO] MainPanel:274 - HeapMemory: 268435456
2025-07-15 10:01:43,160 [INFO] DbMcusXml:78 - Set database path to: C:\ST\STM32CubeIDE_1.19.0\STM32CubeIDE\plugins\com.st.stm32cube.common.mx_6.15.0.202507011659\\db\/mcu/
2025-07-15 10:01:43,160 [INFO] ApiDb:274 - Set plugin database path to: C:\ST\STM32CubeIDE_1.19.0\STM32CubeIDE\plugins\com.st.stm32cube.common.mx_6.15.0.202507011659\\db\/plugins/boardmanager/
2025-07-15 10:01:43,161 [INFO] ApiDb:261 - Set plugin images path to: C:\ST\STM32CubeIDE_1.19.0\STM32CubeIDE\plugins\com.st.stm32cube.common.mx_6.15.0.202507011659\\db\/plugins/mcufinder/images/
2025-07-15 10:01:43,162 [WARN] DbFile:41 - Overriding database path with different value: C:\Users\Administrator\.stmcufinder\plugins\mcufinder/ => C:\Users\Administrator\.stmcufinder\plugins\mcufinder
2025-07-15 10:01:43,162 [INFO] ApiDb:250 - Set database path to: C:\Users\Administrator\.stmcufinder\plugins\mcufinder//mcu/
2025-07-15 10:01:43,162 [WARN] DbFile:41 - Overriding database path with different value: C:\Users\Administrator\.stmcufinder\plugins\mcufinder/ => C:\Users\Administrator\.stmcufinder\plugins\mcufinder
2025-07-15 10:01:43,162 [INFO] DbMcusAds:125 - Set database path to: C:\Users\Administrator\.stmcufinder\plugins\mcufinder//mcu/
2025-07-15 10:01:43,162 [WARN] DbFile:41 - Overriding database path with different value: C:\Users\Administrator\.stmcufinder\plugins\mcufinder/ => C:\Users\Administrator\.stmcufinder\plugins\mcufinder
2025-07-15 10:01:43,163 [WARN] DbFile:41 - Overriding database path with different value: C:\Users\Administrator\.stmcufinder\plugins\mcufinder/ => C:\Users\Administrator\.stmcufinder\plugins\mcufinder
2025-07-15 10:01:43,163 [INFO] CrossReferenceDbSqlite:203 - Set database path to: C:\Users\Administrator\.stmcufinder\plugins\mcufinder//mcu/cs/
2025-07-15 10:01:43,184 [INFO] ApplicationProperties:184 - Using Application install path: C:\ST\STM32CubeIDE_1.19.0\STM32CubeIDE\plugins\com.st.stm32cube.common.mx_6.15.0.202507011659
2025-07-15 10:01:43,186 [INFO] PluginManage:196 - Search for loadable plugins [exclusion list=, ]
2025-07-15 10:01:43,187 [INFO] PluginManage:310 - Check plugin analytics
2025-07-15 10:01:43,379 [INFO] AnalyticsPlugin:253 - Accepted Software Licenses: STM32CubeMX.6.15.0
2025-07-15 10:01:43,380 [INFO] AnalyticsPlugin:255 - Accepted CMSIS Pack Licenses: 
2025-07-15 10:01:43,380 [INFO] AnalyticsPlugin:257 - Accepted Firmware Licenses: FW.F4.1.28.0
2025-07-15 10:01:43,384 [INFO] PluginManage:359 - Loaded plugin analytics (category:tool,tabindex:-1)
2025-07-15 10:01:43,384 [INFO] PluginManage:310 - Check plugin cadmodel
2025-07-15 10:01:43,388 [INFO] CADModel:105 - Init CAD model plugin
2025-07-15 10:01:43,388 [INFO] PluginManage:359 - Loaded plugin cadmodel (category:power,tabindex:5)
2025-07-15 10:01:43,389 [INFO] PluginManage:310 - Check plugin clock
2025-07-15 10:01:43,398 [INFO] PluginManage:359 - Loaded plugin clock (category:base,tabindex:2)
2025-07-15 10:01:43,398 [INFO] PluginManage:310 - Check plugin ddr
2025-07-15 10:01:43,401 [INFO] PluginManage:359 - Loaded plugin ddr (category:tool,tabindex:6)
2025-07-15 10:01:43,402 [INFO] PluginManage:310 - Check plugin filemanager
2025-07-15 10:01:43,577 [INFO] PluginManage:359 - Loaded plugin filemanager (category:base,tabindex:10)
2025-07-15 10:01:43,577 [INFO] PluginManage:310 - Check plugin ipmanager
2025-07-15 10:01:43,585 [INFO] PluginManage:359 - Loaded plugin ipmanager (category:base,tabindex:5)
2025-07-15 10:01:43,586 [INFO] PluginManage:310 - Check plugin lpbam
2025-07-15 10:01:43,595 [INFO] PluginManage:359 - Loaded plugin lpbam (category:base,tabindex:0)
2025-07-15 10:01:43,595 [INFO] PluginManage:310 - Check plugin memorymap
2025-07-15 10:01:43,609 [INFO] PluginManage:359 - Loaded plugin memorymap (category:base,tabindex:4)
2025-07-15 10:01:43,609 [INFO] PluginManage:310 - Check plugin pinoutandconfiguration
2025-07-15 10:01:43,629 [INFO] PluginManage:359 - Loaded plugin pinoutandconfiguration (category:base,tabindex:1)
2025-07-15 10:01:43,629 [INFO] PluginManage:310 - Check plugin pinoutconfig
2025-07-15 10:01:43,741 [WARN] SupportedApi:132 - Cannot load RTOS API schema: s4s-elt-must-match.1: The content of 'definitions' must match (annotation?, (simpleType | complexType)?, (unique | key | keyref)*)). A problem was found starting at: attribute.
2025-07-15 10:01:43,893 [INFO] PluginManage:359 - Loaded plugin pinoutconfig (category:base,tabindex:0)
2025-07-15 10:01:43,894 [INFO] PluginManage:310 - Check plugin power
2025-07-15 10:01:43,906 [INFO] PluginManage:359 - Loaded plugin power (category:power,tabindex:4)
2025-07-15 10:01:43,906 [INFO] PluginManage:310 - Check plugin projectmanager
2025-07-15 10:01:43,928 [INFO] PluginManage:359 - Loaded plugin projectmanager (category:projectmanager,tabindex:4)
2025-07-15 10:01:43,929 [INFO] PluginManage:310 - Check plugin rif
2025-07-15 10:01:43,937 [INFO] PluginManage:359 - Loaded plugin rif (category:base,tabindex:3)
2025-07-15 10:01:43,938 [INFO] PluginManage:310 - Check plugin thirdparty
2025-07-15 10:01:44,078 [INFO] PluginManage:359 - Loaded plugin thirdparty (category:base,tabindex:-1)
2025-07-15 10:01:44,078 [WARN] IntegrityCheckThread:84 - waiting for thirdparty lock release [integrity check]
2025-07-15 10:01:44,078 [INFO] IntegrityCheckThread:86 - entering critical section [integrity check]
2025-07-15 10:01:44,078 [INFO] PluginManage:310 - Check plugin tools
2025-07-15 10:01:44,078 [INFO] ThirdPartyUpdaterWithRetryManager:70 - Updater plugin not ready yet. [1/15]
2025-07-15 10:01:44,081 [INFO] PluginManage:359 - Loaded plugin tools (category:base,tabindex:7)
2025-07-15 10:01:44,081 [INFO] PluginManage:310 - Check plugin tutovideos
2025-07-15 10:01:44,342 [INFO] PluginManage:359 - Loaded plugin tutovideos (category:base,tabindex:-1)
2025-07-15 10:01:44,342 [INFO] PluginManage:310 - Check plugin updater
2025-07-15 10:01:44,372 [INFO] PluginManage:359 - Loaded plugin updater (category:base,tabindex:12)
2025-07-15 10:01:44,372 [INFO] PluginManage:310 - Check plugin userauth
2025-07-15 10:01:44,376 [INFO] UserAuth:118 - Init User Auth plugin
2025-07-15 10:01:44,377 [INFO] PluginManage:359 - Loaded plugin userauth (category:base,tabindex:14)
2025-07-15 10:01:44,378 [INFO] PluginManage:283 - PluginManage : Loaded plugins [18]
2025-07-15 10:01:44,656 [INFO] PinOutPanel:1589 - setPackage(No Configuration,No Configuration)
2025-07-15 10:01:44,787 [INFO] CADModel:165 - CPN selected for project level
2025-07-15 10:01:44,787 [INFO] CADModel:114 - Register for checkConnection events
2025-07-15 10:01:44,808 [INFO] IPUIPlugin:80 - create IPUIPlugin
2025-07-15 10:01:44,808 [INFO] PluginManager:220 - loadIPPluginJar : add adc
2025-07-15 10:01:44,812 [INFO] IPUIPlugin:80 - create IPUIPlugin
2025-07-15 10:01:44,812 [INFO] PluginManager:220 - loadIPPluginJar : add aes
2025-07-15 10:01:44,815 [INFO] IPUIPlugin:80 - create IPUIPlugin
2025-07-15 10:01:44,815 [INFO] PluginManager:220 - loadIPPluginJar : add can
2025-07-15 10:01:44,817 [INFO] IPUIPlugin:80 - create IPUIPlugin
2025-07-15 10:01:44,817 [INFO] PluginManager:220 - loadIPPluginJar : add comp
2025-07-15 10:01:44,820 [INFO] IPUIPlugin:80 - create IPUIPlugin
2025-07-15 10:01:44,820 [INFO] PluginManager:220 - loadIPPluginJar : add cryp
2025-07-15 10:01:44,823 [INFO] IPUIPlugin:80 - create IPUIPlugin
2025-07-15 10:01:44,824 [INFO] PluginManager:220 - loadIPPluginJar : add ddr_ctrl_phy
2025-07-15 10:01:44,827 [INFO] IPUIPlugin:80 - create IPUIPlugin
2025-07-15 10:01:44,827 [INFO] PluginManager:220 - loadIPPluginJar : add dfsdm
2025-07-15 10:01:44,833 [INFO] IPUIPlugin:80 - create IPUIPlugin
2025-07-15 10:01:44,834 [INFO] PluginManager:220 - loadIPPluginJar : add dma
2025-07-15 10:01:44,837 [INFO] IPUIPlugin:80 - create IPUIPlugin
2025-07-15 10:01:44,837 [INFO] PluginManager:220 - loadIPPluginJar : add dma3
2025-07-15 10:01:44,840 [INFO] IPUIPlugin:80 - create IPUIPlugin
2025-07-15 10:01:44,841 [INFO] PluginManager:220 - loadIPPluginJar : add extmemmanager
2025-07-15 10:01:44,842 [INFO] IPUIPlugin:80 - create IPUIPlugin
2025-07-15 10:01:44,843 [INFO] PluginManager:220 - loadIPPluginJar : add fatfs
2025-07-15 10:01:44,848 [INFO] IPUIPlugin:80 - create IPUIPlugin
2025-07-15 10:01:44,848 [INFO] PluginManager:220 - loadIPPluginJar : add fmc
2025-07-15 10:01:44,854 [INFO] IPUIPlugin:80 - create IPUIPlugin
2025-07-15 10:01:44,855 [INFO] PluginManager:220 - loadIPPluginJar : add freertos
2025-07-15 10:01:44,857 [INFO] IPUIPlugin:80 - create IPUIPlugin
2025-07-15 10:01:44,857 [INFO] PluginManager:220 - loadIPPluginJar : add genericplugin
2025-07-15 10:01:44,859 [INFO] IPUIPlugin:80 - create IPUIPlugin
2025-07-15 10:01:44,860 [INFO] PluginManager:220 - loadIPPluginJar : add gfxmmu
2025-07-15 10:01:44,865 [INFO] IPUIPlugin:80 - create IPUIPlugin
2025-07-15 10:01:44,866 [INFO] PluginManager:220 - loadIPPluginJar : add gic
2025-07-15 10:01:44,871 [INFO] IPUIPlugin:80 - create IPUIPlugin
2025-07-15 10:01:44,871 [INFO] PluginManager:220 - loadIPPluginJar : add gpio
2025-07-15 10:01:44,875 [INFO] IPUIPlugin:80 - create IPUIPlugin
2025-07-15 10:01:44,875 [INFO] PluginManager:220 - loadIPPluginJar : add gtzc
2025-07-15 10:01:44,878 [INFO] IPUIPlugin:80 - create IPUIPlugin
2025-07-15 10:01:44,878 [INFO] PluginManager:220 - loadIPPluginJar : add hash
2025-07-15 10:01:44,881 [INFO] IPUIPlugin:80 - create IPUIPlugin
2025-07-15 10:01:44,881 [INFO] PluginManager:220 - loadIPPluginJar : add i2c
2025-07-15 10:01:44,884 [INFO] IPUIPlugin:80 - create IPUIPlugin
2025-07-15 10:01:44,884 [INFO] PluginManager:220 - loadIPPluginJar : add i2s
2025-07-15 10:01:44,887 [INFO] IPUIPlugin:80 - create IPUIPlugin
2025-07-15 10:01:44,888 [INFO] PluginManager:220 - loadIPPluginJar : add i3c
2025-07-15 10:01:44,891 [INFO] IPUIPlugin:80 - create IPUIPlugin
2025-07-15 10:01:44,891 [INFO] PluginManager:220 - loadIPPluginJar : add ipddr
2025-07-15 10:01:44,899 [INFO] IPUIPlugin:80 - create IPUIPlugin
2025-07-15 10:01:44,899 [INFO] PluginManager:220 - loadIPPluginJar : add linkedlist
2025-07-15 10:01:44,903 [INFO] IPUIPlugin:80 - create IPUIPlugin
2025-07-15 10:01:44,903 [INFO] PluginManager:220 - loadIPPluginJar : add lorawan
2025-07-15 10:01:44,905 [INFO] IPUIPlugin:80 - create IPUIPlugin
2025-07-15 10:01:44,905 [INFO] PluginManager:220 - loadIPPluginJar : add ltdc
2025-07-15 10:01:44,916 [INFO] IPUIPlugin:80 - create IPUIPlugin
2025-07-15 10:01:44,916 [INFO] PluginManager:220 - loadIPPluginJar : add mdma
2025-07-15 10:01:44,922 [INFO] IPUIPlugin:80 - create IPUIPlugin
2025-07-15 10:01:44,922 [INFO] PluginManager:220 - loadIPPluginJar : add nvic
2025-07-15 10:01:44,926 [INFO] IPUIPlugin:80 - create IPUIPlugin
2025-07-15 10:01:44,926 [INFO] PluginManager:220 - loadIPPluginJar : add opamp
2025-07-15 10:01:44,930 [INFO] IPUIPlugin:80 - create IPUIPlugin
2025-07-15 10:01:44,930 [INFO] PluginManager:220 - loadIPPluginJar : add openamp
2025-07-15 10:01:44,933 [INFO] IPUIPlugin:80 - create IPUIPlugin
2025-07-15 10:01:44,934 [INFO] PluginManager:220 - loadIPPluginJar : add pdm2pcm
2025-07-15 10:01:44,941 [INFO] IPUIPlugin:80 - create IPUIPlugin
2025-07-15 10:01:44,945 [INFO] PluginManager:220 - loadIPPluginJar : add plateformsettings
2025-07-15 10:01:44,949 [INFO] IPUIPlugin:80 - create IPUIPlugin
2025-07-15 10:01:44,949 [INFO] PluginManager:220 - loadIPPluginJar : add quadspi
2025-07-15 10:01:44,952 [INFO] IPUIPlugin:80 - create IPUIPlugin
2025-07-15 10:01:44,952 [INFO] PluginManager:220 - loadIPPluginJar : add radio
2025-07-15 10:01:44,957 [INFO] IPUIPlugin:80 - create IPUIPlugin
2025-07-15 10:01:44,957 [INFO] PluginManager:220 - loadIPPluginJar : add resmgrutility
2025-07-15 10:01:44,961 [INFO] IPUIPlugin:80 - create IPUIPlugin
2025-07-15 10:01:44,961 [INFO] PluginManager:220 - loadIPPluginJar : add sai
2025-07-15 10:01:44,965 [INFO] IPUIPlugin:80 - create IPUIPlugin
2025-07-15 10:01:44,965 [INFO] PluginManager:220 - loadIPPluginJar : add spi
2025-07-15 10:01:44,973 [INFO] IPUIPlugin:80 - create IPUIPlugin
2025-07-15 10:01:44,973 [INFO] PluginManager:220 - loadIPPluginJar : add stm32_wpan
2025-07-15 10:01:44,975 [INFO] IPUIPlugin:80 - create IPUIPlugin
2025-07-15 10:01:44,976 [INFO] PluginManager:220 - loadIPPluginJar : add tim
2025-07-15 10:01:44,980 [INFO] IPUIPlugin:80 - create IPUIPlugin
2025-07-15 10:01:44,980 [INFO] PluginManager:220 - loadIPPluginJar : add touchsensing
2025-07-15 10:01:44,982 [INFO] IPUIPlugin:80 - create IPUIPlugin
2025-07-15 10:01:44,983 [INFO] PluginManager:220 - loadIPPluginJar : add tracer_emb
2025-07-15 10:01:44,985 [INFO] IPUIPlugin:80 - create IPUIPlugin
2025-07-15 10:01:44,986 [INFO] PluginManager:220 - loadIPPluginJar : add ts
2025-07-15 10:01:44,988 [INFO] IPUIPlugin:80 - create IPUIPlugin
2025-07-15 10:01:44,989 [INFO] PluginManager:220 - loadIPPluginJar : add tsc
2025-07-15 10:01:44,991 [INFO] IPUIPlugin:80 - create IPUIPlugin
2025-07-15 10:01:44,991 [INFO] PluginManager:220 - loadIPPluginJar : add ucpd
2025-07-15 10:01:44,995 [INFO] IPUIPlugin:80 - create IPUIPlugin
2025-07-15 10:01:44,995 [INFO] PluginManager:220 - loadIPPluginJar : add usart
2025-07-15 10:01:44,999 [INFO] IPUIPlugin:80 - create IPUIPlugin
2025-07-15 10:01:45,000 [INFO] PluginManager:220 - loadIPPluginJar : add usbx
2025-07-15 10:01:45,170 [FATAL] Updater:351 - Updater called before beeing initialized
2025-07-15 10:01:45,210 [INFO] RulesReader:64 - Compatibility file has been processed (317 Rules)
2025-07-15 10:01:45,231 [INFO] RulesReader:64 - Compatibility file has been processed (317 Rules)
2025-07-15 10:01:45,242 [INFO] CADModel:165 - CPN selected for project level
2025-07-15 10:01:45,242 [INFO] CADModel:114 - Register for checkConnection events
2025-07-15 10:01:45,242 [FATAL] Updater:351 - Updater called before beeing initialized
2025-07-15 10:01:45,242 [ERROR] CADModel:125 - Updater not yet initialized, retry later 
2025-07-15 10:01:45,449 [FATAL] Updater:351 - Updater called before beeing initialized
2025-07-15 10:01:45,452 [INFO] CADModel:165 - CPN selected for project level
2025-07-15 10:01:45,452 [INFO] CADModel:114 - Register for checkConnection events
2025-07-15 10:01:45,452 [FATAL] Updater:351 - Updater called before beeing initialized
2025-07-15 10:01:45,453 [ERROR] CADModel:125 - Updater not yet initialized, retry later 
2025-07-15 10:01:45,459 [FATAL] Updater:351 - Updater called before beeing initialized
2025-07-15 10:01:45,633 [FATAL] Updater:351 - Updater called before beeing initialized
2025-07-15 10:01:45,638 [INFO] DbMcusAds:53 - JSON generation date=Tue Jul 08 15:14:23 ICT 2025 (1751962463582)
2025-07-15 10:01:45,638 [FATAL] Updater:351 - Updater called before beeing initialized
2025-07-15 10:01:45,698 [WARN] DetailPanel:346 - Failed to get advertising image, set to default
2025-07-15 10:01:45,836 [FATAL] Updater:351 - Updater called before beeing initialized
2025-07-15 10:01:45,838 [FATAL] Updater:351 - Updater called before beeing initialized
2025-07-15 10:01:45,838 [FATAL] Updater:351 - Updater called before beeing initialized
2025-07-15 10:01:45,839 [WARN] DetailPanel:346 - Failed to get advertising image, set to default
2025-07-15 10:01:45,840 [FATAL] Updater:351 - Updater called before beeing initialized
2025-07-15 10:01:45,905 [ERROR] Updater:1198 - MainUpdater not yet initialized. External WinMGr cannot be set.
2025-07-15 10:01:45,907 [INFO] Updater:1134 - Updater Version found : 6.15.0
2025-07-15 10:01:45,928 [INFO] ApplicationProperties:184 - Using Application install path: C:\ST\STM32CubeIDE_1.19.0\STM32CubeIDE\plugins\com.st.stm32cube.common.mx_6.15.0.202507011659
2025-07-15 10:01:46,342 [INFO] MainUpdater:2872 - connection check result : 10
2025-07-15 10:01:46,343 [INFO] MainUpdater:289 - Updater Check For Update Now.
2025-07-15 10:01:46,343 [INFO] MicroXplorer:498 - Change Database Version : DB.6.0.150
2025-07-15 10:01:46,351 [INFO] McuFinderGlobals:63 - Set McuFinder mode to 2 (CubeIDE integrated)
2025-07-15 10:01:46,352 [INFO] UserAuth:487 - Internet connection configuration mode: 1
2025-07-15 10:01:46,373 [INFO] JxBrowserEngine:152 - Initiate JxBrowser Engine with user profile folder
2025-07-15 10:01:46,584 [INFO] CheckServerUpdateThread:120 - End of CheckServer Thread
2025-07-15 10:01:47,150 [INFO] WebApp:169 - Instantiating new browser for Auth
2025-07-15 10:01:47,480 [WARN] PackLoader:240 - Cannot read IP mode file for STMicroelectronics.FP-SNS-MOTENVWB1.1.4.0
2025-07-15 10:01:47,491 [WARN] PackLoader:240 - Cannot read IP mode file for STMicroelectronics.FP-ATR-ASTRA1.2.0.2
2025-07-15 10:01:47,501 [WARN] PackLoader:240 - Cannot read IP mode file for STMicroelectronics.X-CUBE-SMBUS.2.1.0
2025-07-15 10:01:47,507 [WARN] PackLoader:240 - Cannot read IP mode file for STMicroelectronics.X-CUBE-ST60.1.0.0
2025-07-15 10:01:47,548 [WARN] PackLoader:240 - Cannot read IP mode file for STMicroelectronics.X-CUBE-AZRTOS-F7.1.1.0
2025-07-15 10:01:47,617 [WARN] PackLoader:240 - Cannot read IP mode file for Infineon.AIROC-Wi-Fi-Bluetooth-STM32.1.7.1
2025-07-15 10:01:47,658 [WARN] PackLoader:240 - Cannot read IP mode file for STMicroelectronics.X-CUBE-AZRTOS-H7.3.4.0
2025-07-15 10:01:47,675 [WARN] PackLoader:240 - Cannot read IP mode file for STMicroelectronics.X-CUBE-DISPLAY.3.0.0
2025-07-15 10:01:47,704 [WARN] PackLoader:240 - Cannot read IP mode file for STMicroelectronics.X-CUBE-NFC10.1.0.0
2025-07-15 10:01:47,719 [WARN] PackLoader:240 - Cannot read IP mode file for STMicroelectronics.X-CUBE-BLEMGR.4.0.0
2025-07-15 10:01:47,730 [WARN] PackLoader:240 - Cannot read IP mode file for emotas.I-CUBE-CANOPEN.1.3.0
2025-07-15 10:01:47,736 [WARN] ConditionMgr:438 - getConditionDescription Invalid condition id : Cortex-A Device cause : null
2025-07-15 10:01:47,753 [WARN] ConditionMgr:1044 - genDependencies : Invalid condition id : Cortex-A Device cause : null
2025-07-15 10:01:47,754 [WARN] ConditionMgr:1044 - genDependencies : Invalid condition id : Cortex-A Device cause : null
2025-07-15 10:01:47,754 [WARN] ConditionMgr:1044 - genDependencies : Invalid condition id : Cortex-A Device cause : null
2025-07-15 10:01:47,759 [WARN] PackLoader:240 - Cannot read IP mode file for STMicroelectronics.FP-SNS-SMARTAG2.1.2.0
2025-07-15 10:01:47,764 [WARN] PackLoader:240 - Cannot read IP mode file for STMicroelectronics.FP-SNS-FLIGHT1.5.1.0
2025-07-15 10:01:47,774 [INFO] LogOutputStream:77 - [STDOUT_REDIRECT] 1 : Invalid condition id : UX_CORESTACK_Condition cause : null
2025-07-15 10:01:47,775 [INFO] LogOutputStream:77 - [STDOUT_REDIRECT] 1 : Invalid condition id : UX_CORESTACK_Condition cause : null
2025-07-15 10:01:47,777 [INFO] LogOutputStream:77 - [STDOUT_REDIRECT] 1 : Invalid condition id : UX_CORESTACK_Condition cause : null
2025-07-15 10:01:47,779 [INFO] LogOutputStream:77 - [STDOUT_REDIRECT] 1 : Invalid condition id : UX_CORESTACK_Condition cause : null
2025-07-15 10:01:47,781 [INFO] LogOutputStream:77 - [STDOUT_REDIRECT] 1 : Invalid condition id : UX_CORESTACK_Condition cause : null
2025-07-15 10:01:47,785 [WARN] PackLoader:240 - Cannot read IP mode file for STMicroelectronics.X-CUBE-AZRTOS-WL.2.0.0
2025-07-15 10:01:47,792 [WARN] PackLoader:240 - Cannot read IP mode file for STMicroelectronics.FP-SNS-MOTENV1.5.0.0
2025-07-15 10:01:47,801 [WARN] PackLoader:240 - Cannot read IP mode file for WES.I-CUBE-Cesium.1.3.0
2025-07-15 10:01:47,808 [WARN] PackLoader:240 - Cannot read IP mode file for STMicroelectronics.X-CUBE-BLE2.3.3.0
2025-07-15 10:01:47,816 [WARN] PackLoader:240 - Cannot read IP mode file for STMicroelectronics.X-CUBE-NFC9.1.0.0
2025-07-15 10:01:47,824 [WARN] PackLoader:240 - Cannot read IP mode file for wolfSSL.I-CUBE-wolfSSL.5.8.0
2025-07-15 10:01:47,830 [WARN] PackLoader:240 - Cannot read IP mode file for STMicroelectronics.X-CUBE-BLE1.7.1.0
2025-07-15 10:01:47,834 [WARN] PackLoader:240 - Cannot read IP mode file for wolfSSL.I-CUBE-wolfMQTT.1.19.2
2025-07-15 10:01:47,842 [WARN] PackLoader:240 - Cannot read IP mode file for STMicroelectronics.X-CUBE-EEPRMA1.5.2.0
2025-07-15 10:01:47,850 [WARN] PackLoader:240 - Cannot read IP mode file for STMicroelectronics.X-CUBE-AI.10.1.0
2025-07-15 10:01:47,870 [WARN] PackLoader:240 - Cannot read IP mode file for STMicroelectronics.X-CUBE-AZRTOS-G0.1.1.0
2025-07-15 10:01:47,896 [WARN] PackLoader:240 - Cannot read IP mode file for STMicroelectronics.X-CUBE-SAFEA1.1.2.2
2025-07-15 10:01:47,909 [WARN] PackLoader:240 - Cannot read IP mode file for STMicroelectronics.X-CUBE-NFC4.3.0.0
2025-07-15 10:01:47,922 [WARN] PackLoader:240 - Cannot read IP mode file for EmbeddedOffice.I-CUBE-FS-RTOS.1.0.1
2025-07-15 10:01:47,933 [WARN] PackLoader:240 - Cannot read IP mode file for STMicroelectronics.X-CUBE-WB05N.2.0.0
2025-07-15 10:01:47,944 [WARN] PackLoader:240 - Cannot read IP mode file for wolfSSL.I-CUBE-wolfTPM.3.8.0
2025-07-15 10:01:47,954 [WARN] PackLoader:240 - Cannot read IP mode file for STMicroelectronics.X-CUBE-TCPP.4.2.0
2025-07-15 10:01:47,974 [WARN] PackLoader:240 - Cannot read IP mode file for RealThread.X-CUBE-RT-Thread_Nano.4.1.1
2025-07-15 10:01:47,981 [WARN] PackLoader:240 - Cannot read IP mode file for STMicroelectronics.FP-ATR-SIGFOX1.3.2.0
2025-07-15 10:01:47,987 [WARN] PackLoader:240 - Cannot read IP mode file for STMicroelectronics.X-CUBE-EEPRMA1.5.1.0
2025-07-15 10:01:47,996 [WARN] PackLoader:240 - Cannot read IP mode file for ITTIA_DB.I-CUBE-ITTIADB.8.9.0
2025-07-15 10:01:48,003 [WARN] PackLoader:240 - Cannot read IP mode file for STMicroelectronics.X-CUBE-ST67W61.1.0.0
2025-07-15 10:01:48,037 [WARN] PackLoader:240 - Cannot read IP mode file for SEGGER.I-CUBE-embOS.1.3.1
2025-07-15 10:01:48,077 [INFO] WebApp:463 - Apply proxy settings
2025-07-15 10:01:48,078 [INFO] WebApp:548 - Chromium requires no authentication
2025-07-15 10:01:48,087 [WARN] PackLoader:240 - Cannot read IP mode file for STMicroelectronics.X-CUBE-ALGOBUILD.1.4.0
2025-07-15 10:01:48,087 [INFO] WebApp:491 - Direct internet connection detected
2025-07-15 10:01:48,119 [INFO] WebApp:900 - Register for checkConnection events
2025-07-15 10:01:48,119 [INFO] WebApp:463 - Apply proxy settings
2025-07-15 10:01:48,119 [INFO] WebApp:548 - Chromium requires no authentication
2025-07-15 10:01:48,120 [INFO] WebApp:491 - Direct internet connection detected
2025-07-15 10:01:48,145 [WARN] PackLoader:240 - Cannot read IP mode file for STMicroelectronics.X-CUBE-MEMS1.11.3.0
2025-07-15 10:01:48,317 [INFO] WebApp:191 - Connection restablished
2025-07-15 10:01:48,383 [WARN] PackLoader:240 - Cannot read IP mode file for STMicroelectronics.X-CUBE-PM33A1.1.0.0
2025-07-15 10:01:48,404 [WARN] PackLoader:240 - Cannot read IP mode file for STMicroelectronics.X-CUBE-AZRTOS-F4.1.1.0
2025-07-15 10:01:48,413 [WARN] PackLoader:240 - Cannot read IP mode file for STMicroelectronics.X-CUBE-ISPU.2.1.0
2025-07-15 10:01:48,423 [WARN] PackLoader:240 - Cannot read IP mode file for STMicroelectronics.X-CUBE-NFC12.1.0.0
2025-07-15 10:01:48,440 [INFO] WebApp:225 - Starting web application
2025-07-15 10:01:48,441 [INFO] WebApp:593 - Web application path used C:\ST\STM32CubeIDE_1.19.0\STM32CubeIDE\plugins\com.st.stm32cube.common.mx_6.15.0.202507011659\db\plugins\mcufinder\reactClient1\index.html
2025-07-15 10:01:48,482 [WARN] PackLoader:240 - Cannot read IP mode file for STMicroelectronics.X-CUBE-AZRTOS-L5.2.0.0
2025-07-15 10:01:48,500 [WARN] PackLoader:240 - Cannot read IP mode file for STMicroelectronics.X-CUBE-NFC6.3.1.0
2025-07-15 10:01:48,512 [WARN] PackLoader:240 - Cannot read IP mode file for STMicroelectronics.X-CUBE-FREERTOS.1.3.1
2025-07-15 10:01:48,518 [WARN] PackLoader:240 - Cannot read IP mode file for STMicroelectronics.FP-SNS-STAIOTCFT.1.0.0
2025-07-15 10:01:48,524 [WARN] PackLoader:240 - Cannot read IP mode file for STMicroelectronics.X-CUBE-DPower.1.3.0
2025-07-15 10:01:48,548 [WARN] ConditionMgr:438 - getConditionDescription Invalid condition id : LAN8742 Phy interface Condition cause : null
2025-07-15 10:01:48,548 [WARN] PackLoader:240 - Cannot read IP mode file for STMicroelectronics.X-CUBE-AZRTOS-L4.2.0.0
2025-07-15 10:01:48,550 [WARN] ConditionMgr:1044 - genDependencies : Invalid condition id : LAN8742 Phy interface Condition cause : null
2025-07-15 10:01:48,550 [WARN] ConditionMgr:1044 - genDependencies : Invalid condition id : LAN8742 Phy interface Condition cause : null
2025-07-15 10:01:48,550 [WARN] ConditionMgr:1044 - genDependencies : Invalid condition id : LAN8742 Phy interface Condition cause : null
2025-07-15 10:01:48,559 [WARN] PackLoader:240 - Cannot read IP mode file for STMicroelectronics.X-CUBE-SFXS2LP1.4.0.0
2025-07-15 10:01:48,573 [WARN] ConditionMgr:438 - getConditionDescription Invalid condition id : UX DEVICE CLASS RTOS Condition cause : null
2025-07-15 10:01:48,573 [WARN] ConditionMgr:438 - getConditionDescription Invalid condition id : UX DEVICE CLASS RTOS Condition cause : null
2025-07-15 10:01:48,575 [WARN] PackLoader:240 - Cannot read IP mode file for STMicroelectronics.X-CUBE-AZRTOS-WB.2.0.0
2025-07-15 10:01:48,576 [WARN] ConditionMgr:1044 - genDependencies : Invalid condition id : UX DEVICE CLASS RTOS Condition cause : null
2025-07-15 10:01:48,576 [WARN] ConditionMgr:1044 - genDependencies : Invalid condition id : UX DEVICE CLASS RTOS Condition cause : null
2025-07-15 10:01:48,577 [WARN] ConditionMgr:1044 - genDependencies : Invalid condition id : UX DEVICE CLASS RTOS Condition cause : null
2025-07-15 10:01:48,577 [WARN] ConditionMgr:1044 - genDependencies : Invalid condition id : UX DEVICE CLASS RTOS Condition cause : null
2025-07-15 10:01:48,577 [WARN] ConditionMgr:1044 - genDependencies : Invalid condition id : UX DEVICE CLASS RTOS Condition cause : null
2025-07-15 10:01:48,581 [INFO] UserAuth:487 - Internet connection configuration mode: 1
2025-07-15 10:01:48,586 [WARN] PackLoader:240 - Cannot read IP mode file for STMicroelectronics.X-CUBE-GNSS1.7.0.1
2025-07-15 10:01:48,592 [WARN] PackLoader:240 - Cannot read IP mode file for STMicroelectronics.X-CUBE-TOUCHGFX.4.25.0
2025-07-15 10:01:48,602 [WARN] PackLoader:240 - Cannot read IP mode file for STMicroelectronics.FP-SNS-STBOX1.2.0.0
2025-07-15 10:01:48,615 [WARN] PackLoader:240 - Cannot read IP mode file for STMicroelectronics.X-CUBE-SUBG2.5.0.0
2025-07-15 10:01:48,638 [WARN] PackLoader:240 - Cannot read IP mode file for STMicroelectronics.X-CUBE-AZRTOS-H7RS.1.1.0
2025-07-15 10:01:48,646 [WARN] PackLoader:240 - Cannot read IP mode file for Cesanta.I-CUBE-Mongoose.7.13.0
2025-07-15 10:01:48,665 [WARN] PackLoader:240 - Cannot read IP mode file for STMicroelectronics.X-CUBE-AZRTOS-G4.2.0.0
2025-07-15 10:01:48,674 [WARN] PackLoader:240 - Cannot read IP mode file for wolfSSL.I-CUBE-wolfSSH.1.4.20
2025-07-15 10:01:48,680 [WARN] PackLoader:240 - Cannot read IP mode file for STMicroelectronics.X-CUBE-NFC7.2.0.0
2025-07-15 10:01:48,702 [WARN] PackLoader:240 - Cannot read IP mode file for STMicroelectronics.X-CUBE-IPS.3.1.0
2025-07-15 10:01:48,714 [WARN] PackLoader:240 - Cannot read IP mode file for STMicroelectronics.X-CUBE-ALS.1.0.2
2025-07-15 10:01:48,721 [WARN] PackLoader:240 - Cannot read IP mode file for portGmbH.I-Cube-SoM-uGOAL.1.1.0
2025-07-15 10:01:48,732 [WARN] PackLoader:240 - Cannot read IP mode file for STMicroelectronics.X-CUBE-TOF1.3.4.3
2025-07-15 10:01:48,744 [INFO] ThirdParty:978 - Integrity check success = true
2025-07-15 10:01:48,744 [INFO] IntegrityCheckThread:100 - exiting critical section [integrity check]
2025-07-15 10:01:48,744 [INFO] IntegrityCheckThread:103 - End integrity checks thread
2025-07-15 10:05:01,032 [ERROR] LogOutputStream:75 - [STDERR_REDIRECT] 
2025-07-15 10:05:56,251 [INFO] Activator:176 - 


2025-07-15 10:05:56,253 [INFO] Activator:177 - !SESSION log4j initialized
2025-07-15 10:06:03,204 [INFO] LogOutputStream:77 - [STDOUT_REDIRECT] 
2025-07-15 10:06:04,170 [INFO] ApplicationProperties:184 - Using Application install path: C:\ST\STM32CubeIDE_1.19.0\STM32CubeIDE\plugins\com.st.stm32cube.common.mx_6.15.0.202507011659
2025-07-15 10:06:04,187 [INFO] DbMcusXml:78 - Set database path to: C:\ST\STM32CubeIDE_1.19.0\STM32CubeIDE\plugins\com.st.stm32cube.common.mx_6.15.0.202507011659\\db\/mcu/
2025-07-15 10:06:04,188 [INFO] ApiDb:274 - Set plugin database path to: C:\ST\STM32CubeIDE_1.19.0\STM32CubeIDE\plugins\com.st.stm32cube.common.mx_6.15.0.202507011659\\db\/plugins/boardmanager/
2025-07-15 10:06:04,188 [WARN] ApiDb:259 - Overriding images path with different value:  => C:\ST\STM32CubeIDE_1.19.0\STM32CubeIDE\plugins\com.st.stm32cube.common.mx_6.15.0.202507011659\\db\/plugins/mcufinder/images/
2025-07-15 10:06:04,194 [INFO] ApiDb:250 - Set database path to: C:\Users\Administrator\.stmcufinder\plugins\mcufinder//mcu/
2025-07-15 10:06:04,195 [INFO] DbMcusAds:125 - Set database path to: C:\Users\Administrator\.stmcufinder\plugins\mcufinder//mcu/
2025-07-15 10:06:04,197 [INFO] CrossReferenceDbSqlite:203 - Set database path to: C:\Users\Administrator\.stmcufinder\plugins\mcufinder//mcu/cs/
2025-07-15 10:06:04,356 [INFO] RulesReader:64 - Compatibility file has been processed (317 Rules)
2025-07-15 10:06:04,449 [INFO] DbMcusXml:78 - Set database path to: C:\ST\STM32CubeIDE_1.19.0\STM32CubeIDE\plugins\com.st.stm32cube.common.mx_6.15.0.202507011659\\db\/mcu/
2025-07-15 10:06:04,450 [INFO] ApiDb:274 - Set plugin database path to: C:\ST\STM32CubeIDE_1.19.0\STM32CubeIDE\plugins\com.st.stm32cube.common.mx_6.15.0.202507011659\\db\/plugins/boardmanager/
2025-07-15 10:06:04,450 [INFO] ApiDb:261 - Set plugin images path to: C:\ST\STM32CubeIDE_1.19.0\STM32CubeIDE\plugins\com.st.stm32cube.common.mx_6.15.0.202507011659\\db\/plugins/mcufinder/images/
2025-07-15 10:06:04,451 [WARN] DbFile:41 - Overriding database path with different value: C:\Users\Administrator\.stmcufinder\plugins\mcufinder/ => C:\Users\Administrator\.stmcufinder\plugins\mcufinder
2025-07-15 10:06:04,451 [INFO] ApiDb:250 - Set database path to: C:\Users\Administrator\.stmcufinder\plugins\mcufinder//mcu/
2025-07-15 10:06:04,451 [WARN] DbFile:41 - Overriding database path with different value: C:\Users\Administrator\.stmcufinder\plugins\mcufinder/ => C:\Users\Administrator\.stmcufinder\plugins\mcufinder
2025-07-15 10:06:04,452 [INFO] DbMcusAds:125 - Set database path to: C:\Users\Administrator\.stmcufinder\plugins\mcufinder//mcu/
2025-07-15 10:06:04,452 [WARN] DbFile:41 - Overriding database path with different value: C:\Users\Administrator\.stmcufinder\plugins\mcufinder/ => C:\Users\Administrator\.stmcufinder\plugins\mcufinder
2025-07-15 10:06:04,452 [WARN] DbFile:41 - Overriding database path with different value: C:\Users\Administrator\.stmcufinder\plugins\mcufinder/ => C:\Users\Administrator\.stmcufinder\plugins\mcufinder
2025-07-15 10:06:04,453 [INFO] CrossReferenceDbSqlite:203 - Set database path to: C:\Users\Administrator\.stmcufinder\plugins\mcufinder//mcu/cs/
2025-07-15 10:06:04,547 [INFO] MainPanel:274 - HeapMemory: 268435456
2025-07-15 10:06:04,649 [INFO] DbMcusXml:78 - Set database path to: C:\ST\STM32CubeIDE_1.19.0\STM32CubeIDE\plugins\com.st.stm32cube.common.mx_6.15.0.202507011659\\db\/mcu/
2025-07-15 10:06:04,649 [INFO] ApiDb:274 - Set plugin database path to: C:\ST\STM32CubeIDE_1.19.0\STM32CubeIDE\plugins\com.st.stm32cube.common.mx_6.15.0.202507011659\\db\/plugins/boardmanager/
2025-07-15 10:06:04,649 [INFO] ApiDb:261 - Set plugin images path to: C:\ST\STM32CubeIDE_1.19.0\STM32CubeIDE\plugins\com.st.stm32cube.common.mx_6.15.0.202507011659\\db\/plugins/mcufinder/images/
2025-07-15 10:06:04,650 [WARN] DbFile:41 - Overriding database path with different value: C:\Users\Administrator\.stmcufinder\plugins\mcufinder/ => C:\Users\Administrator\.stmcufinder\plugins\mcufinder
2025-07-15 10:06:04,650 [INFO] ApiDb:250 - Set database path to: C:\Users\Administrator\.stmcufinder\plugins\mcufinder//mcu/
2025-07-15 10:06:04,650 [WARN] DbFile:41 - Overriding database path with different value: C:\Users\Administrator\.stmcufinder\plugins\mcufinder/ => C:\Users\Administrator\.stmcufinder\plugins\mcufinder
2025-07-15 10:06:04,650 [INFO] DbMcusAds:125 - Set database path to: C:\Users\Administrator\.stmcufinder\plugins\mcufinder//mcu/
2025-07-15 10:06:04,650 [WARN] DbFile:41 - Overriding database path with different value: C:\Users\Administrator\.stmcufinder\plugins\mcufinder/ => C:\Users\Administrator\.stmcufinder\plugins\mcufinder
2025-07-15 10:06:04,650 [WARN] DbFile:41 - Overriding database path with different value: C:\Users\Administrator\.stmcufinder\plugins\mcufinder/ => C:\Users\Administrator\.stmcufinder\plugins\mcufinder
2025-07-15 10:06:04,651 [INFO] CrossReferenceDbSqlite:203 - Set database path to: C:\Users\Administrator\.stmcufinder\plugins\mcufinder//mcu/cs/
2025-07-15 10:06:04,680 [INFO] ApplicationProperties:184 - Using Application install path: C:\ST\STM32CubeIDE_1.19.0\STM32CubeIDE\plugins\com.st.stm32cube.common.mx_6.15.0.202507011659
2025-07-15 10:06:04,681 [INFO] PluginManage:196 - Search for loadable plugins [exclusion list=, ]
2025-07-15 10:06:04,684 [INFO] PluginManage:310 - Check plugin analytics
2025-07-15 10:06:04,896 [INFO] AnalyticsPlugin:253 - Accepted Software Licenses: STM32CubeMX.6.15.0
2025-07-15 10:06:04,897 [INFO] AnalyticsPlugin:255 - Accepted CMSIS Pack Licenses: 
2025-07-15 10:06:04,897 [INFO] AnalyticsPlugin:257 - Accepted Firmware Licenses: FW.F4.1.28.0
2025-07-15 10:06:04,900 [INFO] PluginManage:359 - Loaded plugin analytics (category:tool,tabindex:-1)
2025-07-15 10:06:04,900 [INFO] PluginManage:310 - Check plugin cadmodel
2025-07-15 10:06:04,904 [INFO] CADModel:105 - Init CAD model plugin
2025-07-15 10:06:04,905 [INFO] PluginManage:359 - Loaded plugin cadmodel (category:power,tabindex:5)
2025-07-15 10:06:04,905 [INFO] PluginManage:310 - Check plugin clock
2025-07-15 10:06:04,914 [INFO] PluginManage:359 - Loaded plugin clock (category:base,tabindex:2)
2025-07-15 10:06:04,915 [INFO] PluginManage:310 - Check plugin ddr
2025-07-15 10:06:04,917 [INFO] PluginManage:359 - Loaded plugin ddr (category:tool,tabindex:6)
2025-07-15 10:06:04,917 [INFO] PluginManage:310 - Check plugin filemanager
2025-07-15 10:06:05,085 [INFO] PluginManage:359 - Loaded plugin filemanager (category:base,tabindex:10)
2025-07-15 10:06:05,085 [INFO] PluginManage:310 - Check plugin ipmanager
2025-07-15 10:06:05,094 [INFO] PluginManage:359 - Loaded plugin ipmanager (category:base,tabindex:5)
2025-07-15 10:06:05,094 [INFO] PluginManage:310 - Check plugin lpbam
2025-07-15 10:06:05,102 [INFO] PluginManage:359 - Loaded plugin lpbam (category:base,tabindex:0)
2025-07-15 10:06:05,102 [INFO] PluginManage:310 - Check plugin memorymap
2025-07-15 10:06:05,116 [INFO] PluginManage:359 - Loaded plugin memorymap (category:base,tabindex:4)
2025-07-15 10:06:05,117 [INFO] PluginManage:310 - Check plugin pinoutandconfiguration
2025-07-15 10:06:05,126 [INFO] PluginManage:359 - Loaded plugin pinoutandconfiguration (category:base,tabindex:1)
2025-07-15 10:06:05,126 [INFO] PluginManage:310 - Check plugin pinoutconfig
2025-07-15 10:06:05,237 [WARN] SupportedApi:132 - Cannot load RTOS API schema: s4s-elt-must-match.1: The content of 'definitions' must match (annotation?, (simpleType | complexType)?, (unique | key | keyref)*)). A problem was found starting at: attribute.
2025-07-15 10:06:05,398 [INFO] PluginManage:359 - Loaded plugin pinoutconfig (category:base,tabindex:0)
2025-07-15 10:06:05,398 [INFO] PluginManage:310 - Check plugin power
2025-07-15 10:06:05,406 [INFO] PluginManage:359 - Loaded plugin power (category:power,tabindex:4)
2025-07-15 10:06:05,407 [INFO] PluginManage:310 - Check plugin projectmanager
2025-07-15 10:06:05,426 [INFO] PluginManage:359 - Loaded plugin projectmanager (category:projectmanager,tabindex:4)
2025-07-15 10:06:05,427 [INFO] PluginManage:310 - Check plugin rif
2025-07-15 10:06:05,435 [INFO] PluginManage:359 - Loaded plugin rif (category:base,tabindex:3)
2025-07-15 10:06:05,436 [INFO] PluginManage:310 - Check plugin thirdparty
2025-07-15 10:06:05,588 [INFO] PluginManage:359 - Loaded plugin thirdparty (category:base,tabindex:-1)
2025-07-15 10:06:05,588 [WARN] IntegrityCheckThread:84 - waiting for thirdparty lock release [integrity check]
2025-07-15 10:06:05,588 [INFO] PluginManage:310 - Check plugin tools
2025-07-15 10:06:05,588 [INFO] IntegrityCheckThread:86 - entering critical section [integrity check]
2025-07-15 10:06:05,589 [INFO] ThirdPartyUpdaterWithRetryManager:70 - Updater plugin not ready yet. [1/15]
2025-07-15 10:06:05,591 [INFO] PluginManage:359 - Loaded plugin tools (category:base,tabindex:7)
2025-07-15 10:06:05,591 [INFO] PluginManage:310 - Check plugin tutovideos
2025-07-15 10:06:05,868 [INFO] PluginManage:359 - Loaded plugin tutovideos (category:base,tabindex:-1)
2025-07-15 10:06:05,868 [INFO] PluginManage:310 - Check plugin updater
2025-07-15 10:06:05,897 [INFO] PluginManage:359 - Loaded plugin updater (category:base,tabindex:12)
2025-07-15 10:06:05,897 [INFO] PluginManage:310 - Check plugin userauth
2025-07-15 10:06:05,901 [INFO] UserAuth:118 - Init User Auth plugin
2025-07-15 10:06:05,902 [INFO] PluginManage:359 - Loaded plugin userauth (category:base,tabindex:14)
2025-07-15 10:06:05,903 [INFO] PluginManage:283 - PluginManage : Loaded plugins [18]
2025-07-15 10:06:06,163 [INFO] PinOutPanel:1589 - setPackage(No Configuration,No Configuration)
2025-07-15 10:06:06,299 [INFO] CADModel:165 - CPN selected for project level
2025-07-15 10:06:06,299 [INFO] CADModel:114 - Register for checkConnection events
2025-07-15 10:06:06,320 [INFO] IPUIPlugin:80 - create IPUIPlugin
2025-07-15 10:06:06,320 [INFO] PluginManager:220 - loadIPPluginJar : add adc
2025-07-15 10:06:06,324 [INFO] IPUIPlugin:80 - create IPUIPlugin
2025-07-15 10:06:06,324 [INFO] PluginManager:220 - loadIPPluginJar : add aes
2025-07-15 10:06:06,327 [INFO] IPUIPlugin:80 - create IPUIPlugin
2025-07-15 10:06:06,328 [INFO] PluginManager:220 - loadIPPluginJar : add can
2025-07-15 10:06:06,332 [INFO] IPUIPlugin:80 - create IPUIPlugin
2025-07-15 10:06:06,333 [INFO] PluginManager:220 - loadIPPluginJar : add comp
2025-07-15 10:06:06,337 [INFO] IPUIPlugin:80 - create IPUIPlugin
2025-07-15 10:06:06,337 [INFO] PluginManager:220 - loadIPPluginJar : add cryp
2025-07-15 10:06:06,340 [INFO] IPUIPlugin:80 - create IPUIPlugin
2025-07-15 10:06:06,341 [INFO] PluginManager:220 - loadIPPluginJar : add ddr_ctrl_phy
2025-07-15 10:06:06,344 [INFO] IPUIPlugin:80 - create IPUIPlugin
2025-07-15 10:06:06,344 [INFO] PluginManager:220 - loadIPPluginJar : add dfsdm
2025-07-15 10:06:06,350 [INFO] IPUIPlugin:80 - create IPUIPlugin
2025-07-15 10:06:06,350 [INFO] PluginManager:220 - loadIPPluginJar : add dma
2025-07-15 10:06:06,354 [INFO] IPUIPlugin:80 - create IPUIPlugin
2025-07-15 10:06:06,354 [INFO] PluginManager:220 - loadIPPluginJar : add dma3
2025-07-15 10:06:06,358 [INFO] IPUIPlugin:80 - create IPUIPlugin
2025-07-15 10:06:06,358 [INFO] PluginManager:220 - loadIPPluginJar : add extmemmanager
2025-07-15 10:06:06,361 [INFO] IPUIPlugin:80 - create IPUIPlugin
2025-07-15 10:06:06,361 [INFO] PluginManager:220 - loadIPPluginJar : add fatfs
2025-07-15 10:06:06,366 [INFO] IPUIPlugin:80 - create IPUIPlugin
2025-07-15 10:06:06,366 [INFO] PluginManager:220 - loadIPPluginJar : add fmc
2025-07-15 10:06:06,374 [INFO] IPUIPlugin:80 - create IPUIPlugin
2025-07-15 10:06:06,375 [INFO] PluginManager:220 - loadIPPluginJar : add freertos
2025-07-15 10:06:06,376 [INFO] IPUIPlugin:80 - create IPUIPlugin
2025-07-15 10:06:06,376 [INFO] PluginManager:220 - loadIPPluginJar : add genericplugin
2025-07-15 10:06:06,379 [INFO] IPUIPlugin:80 - create IPUIPlugin
2025-07-15 10:06:06,379 [INFO] PluginManager:220 - loadIPPluginJar : add gfxmmu
2025-07-15 10:06:06,383 [INFO] IPUIPlugin:80 - create IPUIPlugin
2025-07-15 10:06:06,384 [INFO] PluginManager:220 - loadIPPluginJar : add gic
2025-07-15 10:06:06,388 [INFO] IPUIPlugin:80 - create IPUIPlugin
2025-07-15 10:06:06,389 [INFO] PluginManager:220 - loadIPPluginJar : add gpio
2025-07-15 10:06:06,392 [INFO] IPUIPlugin:80 - create IPUIPlugin
2025-07-15 10:06:06,392 [INFO] PluginManager:220 - loadIPPluginJar : add gtzc
2025-07-15 10:06:06,394 [INFO] IPUIPlugin:80 - create IPUIPlugin
2025-07-15 10:06:06,394 [INFO] PluginManager:220 - loadIPPluginJar : add hash
2025-07-15 10:06:06,398 [INFO] IPUIPlugin:80 - create IPUIPlugin
2025-07-15 10:06:06,398 [INFO] PluginManager:220 - loadIPPluginJar : add i2c
2025-07-15 10:06:06,401 [INFO] IPUIPlugin:80 - create IPUIPlugin
2025-07-15 10:06:06,401 [INFO] PluginManager:220 - loadIPPluginJar : add i2s
2025-07-15 10:06:06,405 [INFO] IPUIPlugin:80 - create IPUIPlugin
2025-07-15 10:06:06,405 [INFO] PluginManager:220 - loadIPPluginJar : add i3c
2025-07-15 10:06:06,410 [INFO] IPUIPlugin:80 - create IPUIPlugin
2025-07-15 10:06:06,410 [INFO] PluginManager:220 - loadIPPluginJar : add ipddr
2025-07-15 10:06:06,418 [INFO] IPUIPlugin:80 - create IPUIPlugin
2025-07-15 10:06:06,418 [INFO] PluginManager:220 - loadIPPluginJar : add linkedlist
2025-07-15 10:06:06,422 [INFO] IPUIPlugin:80 - create IPUIPlugin
2025-07-15 10:06:06,422 [INFO] PluginManager:220 - loadIPPluginJar : add lorawan
2025-07-15 10:06:06,424 [INFO] IPUIPlugin:80 - create IPUIPlugin
2025-07-15 10:06:06,424 [INFO] PluginManager:220 - loadIPPluginJar : add ltdc
2025-07-15 10:06:06,431 [INFO] IPUIPlugin:80 - create IPUIPlugin
2025-07-15 10:06:06,431 [INFO] PluginManager:220 - loadIPPluginJar : add mdma
2025-07-15 10:06:06,435 [INFO] IPUIPlugin:80 - create IPUIPlugin
2025-07-15 10:06:06,435 [INFO] PluginManager:220 - loadIPPluginJar : add nvic
2025-07-15 10:06:06,439 [INFO] IPUIPlugin:80 - create IPUIPlugin
2025-07-15 10:06:06,439 [INFO] PluginManager:220 - loadIPPluginJar : add opamp
2025-07-15 10:06:06,442 [INFO] IPUIPlugin:80 - create IPUIPlugin
2025-07-15 10:06:06,442 [INFO] PluginManager:220 - loadIPPluginJar : add openamp
2025-07-15 10:06:06,445 [INFO] IPUIPlugin:80 - create IPUIPlugin
2025-07-15 10:06:06,446 [INFO] PluginManager:220 - loadIPPluginJar : add pdm2pcm
2025-07-15 10:06:06,452 [INFO] IPUIPlugin:80 - create IPUIPlugin
2025-07-15 10:06:06,455 [INFO] PluginManager:220 - loadIPPluginJar : add plateformsettings
2025-07-15 10:06:06,457 [INFO] IPUIPlugin:80 - create IPUIPlugin
2025-07-15 10:06:06,457 [INFO] PluginManager:220 - loadIPPluginJar : add quadspi
2025-07-15 10:06:06,458 [INFO] IPUIPlugin:80 - create IPUIPlugin
2025-07-15 10:06:06,459 [INFO] PluginManager:220 - loadIPPluginJar : add radio
2025-07-15 10:06:06,462 [INFO] IPUIPlugin:80 - create IPUIPlugin
2025-07-15 10:06:06,462 [INFO] PluginManager:220 - loadIPPluginJar : add resmgrutility
2025-07-15 10:06:06,466 [INFO] IPUIPlugin:80 - create IPUIPlugin
2025-07-15 10:06:06,466 [INFO] PluginManager:220 - loadIPPluginJar : add sai
2025-07-15 10:06:06,469 [INFO] IPUIPlugin:80 - create IPUIPlugin
2025-07-15 10:06:06,469 [INFO] PluginManager:220 - loadIPPluginJar : add spi
2025-07-15 10:06:06,475 [INFO] IPUIPlugin:80 - create IPUIPlugin
2025-07-15 10:06:06,475 [INFO] PluginManager:220 - loadIPPluginJar : add stm32_wpan
2025-07-15 10:06:06,477 [INFO] IPUIPlugin:80 - create IPUIPlugin
2025-07-15 10:06:06,477 [INFO] PluginManager:220 - loadIPPluginJar : add tim
2025-07-15 10:06:06,480 [INFO] IPUIPlugin:80 - create IPUIPlugin
2025-07-15 10:06:06,480 [INFO] PluginManager:220 - loadIPPluginJar : add touchsensing
2025-07-15 10:06:06,482 [INFO] IPUIPlugin:80 - create IPUIPlugin
2025-07-15 10:06:06,482 [INFO] PluginManager:220 - loadIPPluginJar : add tracer_emb
2025-07-15 10:06:06,484 [INFO] IPUIPlugin:80 - create IPUIPlugin
2025-07-15 10:06:06,484 [INFO] PluginManager:220 - loadIPPluginJar : add ts
2025-07-15 10:06:06,486 [INFO] IPUIPlugin:80 - create IPUIPlugin
2025-07-15 10:06:06,486 [INFO] PluginManager:220 - loadIPPluginJar : add tsc
2025-07-15 10:06:06,489 [INFO] IPUIPlugin:80 - create IPUIPlugin
2025-07-15 10:06:06,489 [INFO] PluginManager:220 - loadIPPluginJar : add ucpd
2025-07-15 10:06:06,493 [INFO] IPUIPlugin:80 - create IPUIPlugin
2025-07-15 10:06:06,493 [INFO] PluginManager:220 - loadIPPluginJar : add usart
2025-07-15 10:06:06,496 [INFO] IPUIPlugin:80 - create IPUIPlugin
2025-07-15 10:06:06,496 [INFO] PluginManager:220 - loadIPPluginJar : add usbx
2025-07-15 10:06:06,640 [FATAL] Updater:351 - Updater called before beeing initialized
2025-07-15 10:06:06,704 [INFO] RulesReader:64 - Compatibility file has been processed (317 Rules)
2025-07-15 10:06:06,734 [INFO] RulesReader:64 - Compatibility file has been processed (317 Rules)
2025-07-15 10:06:06,748 [INFO] CADModel:165 - CPN selected for project level
2025-07-15 10:06:06,749 [INFO] CADModel:114 - Register for checkConnection events
2025-07-15 10:06:06,749 [FATAL] Updater:351 - Updater called before beeing initialized
2025-07-15 10:06:06,749 [ERROR] CADModel:125 - Updater not yet initialized, retry later 
2025-07-15 10:06:07,023 [FATAL] Updater:351 - Updater called before beeing initialized
2025-07-15 10:06:07,025 [INFO] CADModel:165 - CPN selected for project level
2025-07-15 10:06:07,026 [INFO] CADModel:114 - Register for checkConnection events
2025-07-15 10:06:07,026 [FATAL] Updater:351 - Updater called before beeing initialized
2025-07-15 10:06:07,026 [ERROR] CADModel:125 - Updater not yet initialized, retry later 
2025-07-15 10:06:07,032 [FATAL] Updater:351 - Updater called before beeing initialized
2025-07-15 10:06:07,293 [FATAL] Updater:351 - Updater called before beeing initialized
2025-07-15 10:06:07,316 [INFO] DbMcusAds:53 - JSON generation date=Tue Jul 08 15:14:23 ICT 2025 (1751962463582)
2025-07-15 10:06:07,317 [FATAL] Updater:351 - Updater called before beeing initialized
2025-07-15 10:06:07,397 [WARN] DetailPanel:346 - Failed to get advertising image, set to default
2025-07-15 10:06:07,635 [FATAL] Updater:351 - Updater called before beeing initialized
2025-07-15 10:06:07,644 [FATAL] Updater:351 - Updater called before beeing initialized
2025-07-15 10:06:07,644 [FATAL] Updater:351 - Updater called before beeing initialized
2025-07-15 10:06:07,644 [WARN] DetailPanel:346 - Failed to get advertising image, set to default
2025-07-15 10:06:07,646 [FATAL] Updater:351 - Updater called before beeing initialized
2025-07-15 10:06:07,751 [ERROR] Updater:1198 - MainUpdater not yet initialized. External WinMGr cannot be set.
2025-07-15 10:06:07,761 [INFO] Updater:1134 - Updater Version found : 6.15.0
2025-07-15 10:06:07,795 [INFO] ApplicationProperties:184 - Using Application install path: C:\ST\STM32CubeIDE_1.19.0\STM32CubeIDE\plugins\com.st.stm32cube.common.mx_6.15.0.202507011659
2025-07-15 10:06:08,489 [INFO] MainUpdater:2872 - connection check result : 10
2025-07-15 10:06:08,490 [INFO] MainUpdater:289 - Updater Check For Update Now.
2025-07-15 10:06:08,490 [INFO] MicroXplorer:498 - Change Database Version : DB.6.0.150
2025-07-15 10:06:08,501 [INFO] McuFinderGlobals:63 - Set McuFinder mode to 2 (CubeIDE integrated)
2025-07-15 10:06:08,503 [INFO] UserAuth:487 - Internet connection configuration mode: 1
2025-07-15 10:06:08,545 [INFO] JxBrowserEngine:152 - Initiate JxBrowser Engine with user profile folder
2025-07-15 10:06:08,592 [WARN] MainUpdater:1193 - Updater busy. Cannot search thirdparties
2025-07-15 10:06:08,592 [INFO] ThirdPartyUpdaterWithRetryManager:96 - Updater plugin is busy. [1/15]
2025-07-15 10:06:08,795 [INFO] CheckServerUpdateThread:120 - End of CheckServer Thread
2025-07-15 10:06:09,585 [INFO] WebApp:169 - Instantiating new browser for Auth
2025-07-15 10:06:10,439 [INFO] WebApp:463 - Apply proxy settings
2025-07-15 10:06:10,440 [INFO] WebApp:548 - Chromium requires no authentication
2025-07-15 10:06:10,447 [INFO] WebApp:491 - Direct internet connection detected
2025-07-15 10:06:10,471 [INFO] WebApp:900 - Register for checkConnection events
2025-07-15 10:06:10,471 [INFO] WebApp:463 - Apply proxy settings
2025-07-15 10:06:10,471 [INFO] WebApp:548 - Chromium requires no authentication
2025-07-15 10:06:10,471 [INFO] WebApp:491 - Direct internet connection detected
2025-07-15 10:06:10,652 [INFO] WebApp:225 - Starting web application
2025-07-15 10:06:10,653 [INFO] WebApp:593 - Web application path used C:\ST\STM32CubeIDE_1.19.0\STM32CubeIDE\plugins\com.st.stm32cube.common.mx_6.15.0.202507011659\db\plugins\mcufinder\reactClient1\index.html
2025-07-15 10:06:10,758 [INFO] UserAuth:487 - Internet connection configuration mode: 1
2025-07-15 10:06:10,805 [INFO] WebApp:191 - Connection restablished
2025-07-15 10:06:11,904 [WARN] PackLoader:240 - Cannot read IP mode file for STMicroelectronics.FP-SNS-MOTENVWB1.1.4.0
2025-07-15 10:06:11,915 [WARN] PackLoader:240 - Cannot read IP mode file for STMicroelectronics.FP-ATR-ASTRA1.2.0.2
2025-07-15 10:06:11,927 [WARN] PackLoader:240 - Cannot read IP mode file for STMicroelectronics.X-CUBE-SMBUS.2.1.0
2025-07-15 10:06:11,933 [WARN] PackLoader:240 - Cannot read IP mode file for STMicroelectronics.X-CUBE-ST60.1.0.0
2025-07-15 10:06:11,976 [WARN] PackLoader:240 - Cannot read IP mode file for STMicroelectronics.X-CUBE-AZRTOS-F7.1.1.0
2025-07-15 10:06:12,028 [WARN] PackLoader:240 - Cannot read IP mode file for Infineon.AIROC-Wi-Fi-Bluetooth-STM32.1.7.1
2025-07-15 10:06:12,097 [WARN] PackLoader:240 - Cannot read IP mode file for STMicroelectronics.X-CUBE-AZRTOS-H7.3.4.0
2025-07-15 10:06:12,120 [WARN] PackLoader:240 - Cannot read IP mode file for STMicroelectronics.X-CUBE-DISPLAY.3.0.0
2025-07-15 10:06:12,161 [WARN] PackLoader:240 - Cannot read IP mode file for STMicroelectronics.X-CUBE-NFC10.1.0.0
2025-07-15 10:06:12,192 [WARN] PackLoader:240 - Cannot read IP mode file for STMicroelectronics.X-CUBE-BLEMGR.4.0.0
2025-07-15 10:06:12,205 [WARN] PackLoader:240 - Cannot read IP mode file for emotas.I-CUBE-CANOPEN.1.3.0
2025-07-15 10:06:12,211 [WARN] ConditionMgr:438 - getConditionDescription Invalid condition id : Cortex-A Device cause : null
2025-07-15 10:06:12,230 [WARN] ConditionMgr:1044 - genDependencies : Invalid condition id : Cortex-A Device cause : null
2025-07-15 10:06:12,230 [WARN] ConditionMgr:1044 - genDependencies : Invalid condition id : Cortex-A Device cause : null
2025-07-15 10:06:12,230 [WARN] ConditionMgr:1044 - genDependencies : Invalid condition id : Cortex-A Device cause : null
2025-07-15 10:06:12,235 [WARN] PackLoader:240 - Cannot read IP mode file for STMicroelectronics.FP-SNS-SMARTAG2.1.2.0
2025-07-15 10:06:12,242 [WARN] PackLoader:240 - Cannot read IP mode file for STMicroelectronics.FP-SNS-FLIGHT1.5.1.0
2025-07-15 10:06:12,254 [INFO] LogOutputStream:77 - [STDOUT_REDIRECT] 1 : Invalid condition id : UX_CORESTACK_Condition cause : null
2025-07-15 10:06:12,255 [INFO] LogOutputStream:77 - [STDOUT_REDIRECT] 1 : Invalid condition id : UX_CORESTACK_Condition cause : null
2025-07-15 10:06:12,256 [INFO] LogOutputStream:77 - [STDOUT_REDIRECT] 1 : Invalid condition id : UX_CORESTACK_Condition cause : null
2025-07-15 10:06:12,259 [INFO] LogOutputStream:77 - [STDOUT_REDIRECT] 1 : Invalid condition id : UX_CORESTACK_Condition cause : null
2025-07-15 10:06:12,261 [INFO] LogOutputStream:77 - [STDOUT_REDIRECT] 1 : Invalid condition id : UX_CORESTACK_Condition cause : null
2025-07-15 10:06:12,266 [WARN] PackLoader:240 - Cannot read IP mode file for STMicroelectronics.X-CUBE-AZRTOS-WL.2.0.0
2025-07-15 10:06:12,274 [WARN] PackLoader:240 - Cannot read IP mode file for STMicroelectronics.FP-SNS-MOTENV1.5.0.0
2025-07-15 10:06:12,286 [WARN] PackLoader:240 - Cannot read IP mode file for WES.I-CUBE-Cesium.1.3.0
2025-07-15 10:06:12,298 [WARN] PackLoader:240 - Cannot read IP mode file for STMicroelectronics.X-CUBE-BLE2.3.3.0
2025-07-15 10:06:12,308 [WARN] PackLoader:240 - Cannot read IP mode file for STMicroelectronics.X-CUBE-NFC9.1.0.0
2025-07-15 10:06:12,317 [WARN] PackLoader:240 - Cannot read IP mode file for wolfSSL.I-CUBE-wolfSSL.5.8.0
2025-07-15 10:06:12,323 [WARN] PackLoader:240 - Cannot read IP mode file for STMicroelectronics.X-CUBE-BLE1.7.1.0
2025-07-15 10:06:12,327 [WARN] PackLoader:240 - Cannot read IP mode file for wolfSSL.I-CUBE-wolfMQTT.1.19.2
2025-07-15 10:06:12,337 [WARN] PackLoader:240 - Cannot read IP mode file for STMicroelectronics.X-CUBE-EEPRMA1.5.2.0
2025-07-15 10:06:12,344 [WARN] PackLoader:240 - Cannot read IP mode file for STMicroelectronics.X-CUBE-AI.10.1.0
2025-07-15 10:06:12,372 [WARN] PackLoader:240 - Cannot read IP mode file for STMicroelectronics.X-CUBE-AZRTOS-G0.1.1.0
2025-07-15 10:06:12,383 [WARN] PackLoader:240 - Cannot read IP mode file for STMicroelectronics.X-CUBE-SAFEA1.1.2.2
2025-07-15 10:06:12,392 [WARN] PackLoader:240 - Cannot read IP mode file for STMicroelectronics.X-CUBE-NFC4.3.0.0
2025-07-15 10:06:12,403 [WARN] PackLoader:240 - Cannot read IP mode file for EmbeddedOffice.I-CUBE-FS-RTOS.1.0.1
2025-07-15 10:06:12,410 [WARN] PackLoader:240 - Cannot read IP mode file for STMicroelectronics.X-CUBE-WB05N.2.0.0
2025-07-15 10:06:12,417 [WARN] PackLoader:240 - Cannot read IP mode file for wolfSSL.I-CUBE-wolfTPM.3.8.0
2025-07-15 10:06:12,423 [WARN] PackLoader:240 - Cannot read IP mode file for STMicroelectronics.X-CUBE-TCPP.4.2.0
2025-07-15 10:06:12,432 [WARN] PackLoader:240 - Cannot read IP mode file for RealThread.X-CUBE-RT-Thread_Nano.4.1.1
2025-07-15 10:06:12,438 [WARN] PackLoader:240 - Cannot read IP mode file for STMicroelectronics.FP-ATR-SIGFOX1.3.2.0
2025-07-15 10:06:12,445 [WARN] PackLoader:240 - Cannot read IP mode file for STMicroelectronics.X-CUBE-EEPRMA1.5.1.0
2025-07-15 10:06:12,455 [WARN] PackLoader:240 - Cannot read IP mode file for ITTIA_DB.I-CUBE-ITTIADB.8.9.0
2025-07-15 10:06:12,463 [WARN] PackLoader:240 - Cannot read IP mode file for STMicroelectronics.X-CUBE-ST67W61.1.0.0
2025-07-15 10:06:12,505 [WARN] PackLoader:240 - Cannot read IP mode file for SEGGER.I-CUBE-embOS.1.3.1
2025-07-15 10:06:12,559 [WARN] PackLoader:240 - Cannot read IP mode file for STMicroelectronics.X-CUBE-ALGOBUILD.1.4.0
2025-07-15 10:06:12,615 [WARN] PackLoader:240 - Cannot read IP mode file for STMicroelectronics.X-CUBE-MEMS1.11.3.0
2025-07-15 10:06:12,762 [WARN] PackLoader:240 - Cannot read IP mode file for STMicroelectronics.X-CUBE-PM33A1.1.0.0
2025-07-15 10:06:12,779 [WARN] PackLoader:240 - Cannot read IP mode file for STMicroelectronics.X-CUBE-AZRTOS-F4.1.1.0
2025-07-15 10:06:12,790 [WARN] PackLoader:240 - Cannot read IP mode file for STMicroelectronics.X-CUBE-ISPU.2.1.0
2025-07-15 10:06:12,798 [WARN] PackLoader:240 - Cannot read IP mode file for STMicroelectronics.X-CUBE-NFC12.1.0.0
2025-07-15 10:06:12,817 [WARN] PackLoader:240 - Cannot read IP mode file for STMicroelectronics.X-CUBE-AZRTOS-L5.2.0.0
2025-07-15 10:06:12,830 [WARN] PackLoader:240 - Cannot read IP mode file for STMicroelectronics.X-CUBE-NFC6.3.1.0
2025-07-15 10:06:12,841 [WARN] PackLoader:240 - Cannot read IP mode file for STMicroelectronics.X-CUBE-FREERTOS.1.3.1
2025-07-15 10:06:12,848 [WARN] PackLoader:240 - Cannot read IP mode file for STMicroelectronics.FP-SNS-STAIOTCFT.1.0.0
2025-07-15 10:06:12,855 [WARN] PackLoader:240 - Cannot read IP mode file for STMicroelectronics.X-CUBE-DPower.1.3.0
2025-07-15 10:06:12,874 [WARN] ConditionMgr:438 - getConditionDescription Invalid condition id : LAN8742 Phy interface Condition cause : null
2025-07-15 10:06:12,875 [WARN] PackLoader:240 - Cannot read IP mode file for STMicroelectronics.X-CUBE-AZRTOS-L4.2.0.0
2025-07-15 10:06:12,876 [WARN] ConditionMgr:1044 - genDependencies : Invalid condition id : LAN8742 Phy interface Condition cause : null
2025-07-15 10:06:12,877 [WARN] ConditionMgr:1044 - genDependencies : Invalid condition id : LAN8742 Phy interface Condition cause : null
2025-07-15 10:06:12,877 [WARN] ConditionMgr:1044 - genDependencies : Invalid condition id : LAN8742 Phy interface Condition cause : null
2025-07-15 10:06:12,887 [WARN] PackLoader:240 - Cannot read IP mode file for STMicroelectronics.X-CUBE-SFXS2LP1.4.0.0
2025-07-15 10:06:12,902 [WARN] ConditionMgr:438 - getConditionDescription Invalid condition id : UX DEVICE CLASS RTOS Condition cause : null
2025-07-15 10:06:12,902 [WARN] ConditionMgr:438 - getConditionDescription Invalid condition id : UX DEVICE CLASS RTOS Condition cause : null
2025-07-15 10:06:12,904 [WARN] PackLoader:240 - Cannot read IP mode file for STMicroelectronics.X-CUBE-AZRTOS-WB.2.0.0
2025-07-15 10:06:12,905 [WARN] ConditionMgr:1044 - genDependencies : Invalid condition id : UX DEVICE CLASS RTOS Condition cause : null
2025-07-15 10:06:12,905 [WARN] ConditionMgr:1044 - genDependencies : Invalid condition id : UX DEVICE CLASS RTOS Condition cause : null
2025-07-15 10:06:12,906 [WARN] ConditionMgr:1044 - genDependencies : Invalid condition id : UX DEVICE CLASS RTOS Condition cause : null
2025-07-15 10:06:12,906 [WARN] ConditionMgr:1044 - genDependencies : Invalid condition id : UX DEVICE CLASS RTOS Condition cause : null
2025-07-15 10:06:12,906 [WARN] ConditionMgr:1044 - genDependencies : Invalid condition id : UX DEVICE CLASS RTOS Condition cause : null
2025-07-15 10:06:12,913 [WARN] PackLoader:240 - Cannot read IP mode file for STMicroelectronics.X-CUBE-GNSS1.7.0.1
2025-07-15 10:06:12,920 [WARN] PackLoader:240 - Cannot read IP mode file for STMicroelectronics.X-CUBE-TOUCHGFX.4.25.0
2025-07-15 10:06:12,926 [WARN] PackLoader:240 - Cannot read IP mode file for STMicroelectronics.FP-SNS-STBOX1.2.0.0
2025-07-15 10:06:12,940 [WARN] PackLoader:240 - Cannot read IP mode file for STMicroelectronics.X-CUBE-SUBG2.5.0.0
2025-07-15 10:06:12,965 [WARN] PackLoader:240 - Cannot read IP mode file for STMicroelectronics.X-CUBE-AZRTOS-H7RS.1.1.0
2025-07-15 10:06:12,973 [WARN] PackLoader:240 - Cannot read IP mode file for Cesanta.I-CUBE-Mongoose.7.13.0
2025-07-15 10:06:12,992 [WARN] PackLoader:240 - Cannot read IP mode file for STMicroelectronics.X-CUBE-AZRTOS-G4.2.0.0
2025-07-15 10:06:13,001 [WARN] PackLoader:240 - Cannot read IP mode file for wolfSSL.I-CUBE-wolfSSH.1.4.20
2025-07-15 10:06:13,008 [WARN] PackLoader:240 - Cannot read IP mode file for STMicroelectronics.X-CUBE-NFC7.2.0.0
2025-07-15 10:06:13,029 [WARN] PackLoader:240 - Cannot read IP mode file for STMicroelectronics.X-CUBE-IPS.3.1.0
2025-07-15 10:06:13,046 [WARN] PackLoader:240 - Cannot read IP mode file for STMicroelectronics.X-CUBE-ALS.1.0.2
2025-07-15 10:06:13,064 [WARN] PackLoader:240 - Cannot read IP mode file for portGmbH.I-Cube-SoM-uGOAL.1.1.0
2025-07-15 10:06:13,080 [WARN] PackLoader:240 - Cannot read IP mode file for STMicroelectronics.X-CUBE-TOF1.3.4.3
2025-07-15 10:06:13,094 [INFO] ThirdParty:978 - Integrity check success = true
2025-07-15 10:06:13,094 [INFO] IntegrityCheckThread:100 - exiting critical section [integrity check]
2025-07-15 10:06:13,094 [INFO] IntegrityCheckThread:103 - End integrity checks thread
2025-07-15 11:30:49,314 [ERROR] ConfigurationRetriever:142 - IOException on connection: Read timed out
2025-07-15 11:36:51,659 [ERROR] LogOutputStream:75 - [STDERR_REDIRECT] 
2025-07-15 19:44:14,614 [INFO] Activator:176 - 


2025-07-15 19:44:14,616 [INFO] Activator:177 - !SESSION log4j initialized
2025-07-15 19:44:20,963 [INFO] LogOutputStream:77 - [STDOUT_REDIRECT] 
2025-07-15 19:44:22,169 [INFO] ApplicationProperties:184 - Using Application install path: C:\ST\STM32CubeIDE_1.19.0\STM32CubeIDE\plugins\com.st.stm32cube.common.mx_6.15.0.202507011659
2025-07-15 19:44:22,194 [INFO] DbMcusXml:78 - Set database path to: C:\ST\STM32CubeIDE_1.19.0\STM32CubeIDE\plugins\com.st.stm32cube.common.mx_6.15.0.202507011659\\db\/mcu/
2025-07-15 19:44:22,194 [INFO] ApiDb:274 - Set plugin database path to: C:\ST\STM32CubeIDE_1.19.0\STM32CubeIDE\plugins\com.st.stm32cube.common.mx_6.15.0.202507011659\\db\/plugins/boardmanager/
2025-07-15 19:44:22,194 [WARN] ApiDb:259 - Overriding images path with different value:  => C:\ST\STM32CubeIDE_1.19.0\STM32CubeIDE\plugins\com.st.stm32cube.common.mx_6.15.0.202507011659\\db\/plugins/mcufinder/images/
2025-07-15 19:44:22,205 [INFO] ApiDb:250 - Set database path to: C:\Users\Administrator\.stmcufinder\plugins\mcufinder//mcu/
2025-07-15 19:44:22,207 [INFO] DbMcusAds:125 - Set database path to: C:\Users\Administrator\.stmcufinder\plugins\mcufinder//mcu/
2025-07-15 19:44:22,211 [INFO] CrossReferenceDbSqlite:203 - Set database path to: C:\Users\Administrator\.stmcufinder\plugins\mcufinder//mcu/cs/
2025-07-15 19:44:22,355 [INFO] RulesReader:64 - Compatibility file has been processed (317 Rules)
2025-07-15 19:44:22,453 [INFO] DbMcusXml:78 - Set database path to: C:\ST\STM32CubeIDE_1.19.0\STM32CubeIDE\plugins\com.st.stm32cube.common.mx_6.15.0.202507011659\\db\/mcu/
2025-07-15 19:44:22,453 [INFO] ApiDb:274 - Set plugin database path to: C:\ST\STM32CubeIDE_1.19.0\STM32CubeIDE\plugins\com.st.stm32cube.common.mx_6.15.0.202507011659\\db\/plugins/boardmanager/
2025-07-15 19:44:22,453 [INFO] ApiDb:261 - Set plugin images path to: C:\ST\STM32CubeIDE_1.19.0\STM32CubeIDE\plugins\com.st.stm32cube.common.mx_6.15.0.202507011659\\db\/plugins/mcufinder/images/
2025-07-15 19:44:22,454 [WARN] DbFile:41 - Overriding database path with different value: C:\Users\Administrator\.stmcufinder\plugins\mcufinder/ => C:\Users\Administrator\.stmcufinder\plugins\mcufinder
2025-07-15 19:44:22,454 [INFO] ApiDb:250 - Set database path to: C:\Users\Administrator\.stmcufinder\plugins\mcufinder//mcu/
2025-07-15 19:44:22,454 [WARN] DbFile:41 - Overriding database path with different value: C:\Users\Administrator\.stmcufinder\plugins\mcufinder/ => C:\Users\Administrator\.stmcufinder\plugins\mcufinder
2025-07-15 19:44:22,454 [INFO] DbMcusAds:125 - Set database path to: C:\Users\Administrator\.stmcufinder\plugins\mcufinder//mcu/
2025-07-15 19:44:22,454 [WARN] DbFile:41 - Overriding database path with different value: C:\Users\Administrator\.stmcufinder\plugins\mcufinder/ => C:\Users\Administrator\.stmcufinder\plugins\mcufinder
2025-07-15 19:44:22,454 [WARN] DbFile:41 - Overriding database path with different value: C:\Users\Administrator\.stmcufinder\plugins\mcufinder/ => C:\Users\Administrator\.stmcufinder\plugins\mcufinder
2025-07-15 19:44:22,455 [INFO] CrossReferenceDbSqlite:203 - Set database path to: C:\Users\Administrator\.stmcufinder\plugins\mcufinder//mcu/cs/
2025-07-15 19:44:22,546 [INFO] MainPanel:274 - HeapMemory: 268435456
2025-07-15 19:44:22,683 [INFO] DbMcusXml:78 - Set database path to: C:\ST\STM32CubeIDE_1.19.0\STM32CubeIDE\plugins\com.st.stm32cube.common.mx_6.15.0.202507011659\\db\/mcu/
2025-07-15 19:44:22,683 [INFO] ApiDb:274 - Set plugin database path to: C:\ST\STM32CubeIDE_1.19.0\STM32CubeIDE\plugins\com.st.stm32cube.common.mx_6.15.0.202507011659\\db\/plugins/boardmanager/
2025-07-15 19:44:22,683 [INFO] ApiDb:261 - Set plugin images path to: C:\ST\STM32CubeIDE_1.19.0\STM32CubeIDE\plugins\com.st.stm32cube.common.mx_6.15.0.202507011659\\db\/plugins/mcufinder/images/
2025-07-15 19:44:22,683 [WARN] DbFile:41 - Overriding database path with different value: C:\Users\Administrator\.stmcufinder\plugins\mcufinder/ => C:\Users\Administrator\.stmcufinder\plugins\mcufinder
2025-07-15 19:44:22,684 [INFO] ApiDb:250 - Set database path to: C:\Users\Administrator\.stmcufinder\plugins\mcufinder//mcu/
2025-07-15 19:44:22,684 [WARN] DbFile:41 - Overriding database path with different value: C:\Users\Administrator\.stmcufinder\plugins\mcufinder/ => C:\Users\Administrator\.stmcufinder\plugins\mcufinder
2025-07-15 19:44:22,684 [INFO] DbMcusAds:125 - Set database path to: C:\Users\Administrator\.stmcufinder\plugins\mcufinder//mcu/
2025-07-15 19:44:22,684 [WARN] DbFile:41 - Overriding database path with different value: C:\Users\Administrator\.stmcufinder\plugins\mcufinder/ => C:\Users\Administrator\.stmcufinder\plugins\mcufinder
2025-07-15 19:44:22,684 [WARN] DbFile:41 - Overriding database path with different value: C:\Users\Administrator\.stmcufinder\plugins\mcufinder/ => C:\Users\Administrator\.stmcufinder\plugins\mcufinder
2025-07-15 19:44:22,684 [INFO] CrossReferenceDbSqlite:203 - Set database path to: C:\Users\Administrator\.stmcufinder\plugins\mcufinder//mcu/cs/
2025-07-15 19:44:22,707 [INFO] ApplicationProperties:184 - Using Application install path: C:\ST\STM32CubeIDE_1.19.0\STM32CubeIDE\plugins\com.st.stm32cube.common.mx_6.15.0.202507011659
2025-07-15 19:44:22,709 [INFO] PluginManage:196 - Search for loadable plugins [exclusion list=, ]
2025-07-15 19:44:22,710 [INFO] PluginManage:310 - Check plugin analytics
2025-07-15 19:44:22,920 [INFO] AnalyticsPlugin:253 - Accepted Software Licenses: STM32CubeMX.6.15.0
2025-07-15 19:44:22,920 [INFO] AnalyticsPlugin:255 - Accepted CMSIS Pack Licenses: 
2025-07-15 19:44:22,920 [INFO] AnalyticsPlugin:257 - Accepted Firmware Licenses: FW.F4.1.28.0
2025-07-15 19:44:22,923 [INFO] PluginManage:359 - Loaded plugin analytics (category:tool,tabindex:-1)
2025-07-15 19:44:22,924 [INFO] PluginManage:310 - Check plugin cadmodel
2025-07-15 19:44:22,930 [INFO] CADModel:105 - Init CAD model plugin
2025-07-15 19:44:22,931 [INFO] PluginManage:359 - Loaded plugin cadmodel (category:power,tabindex:5)
2025-07-15 19:44:22,931 [INFO] PluginManage:310 - Check plugin clock
2025-07-15 19:44:22,942 [INFO] PluginManage:359 - Loaded plugin clock (category:base,tabindex:2)
2025-07-15 19:44:22,942 [INFO] PluginManage:310 - Check plugin ddr
2025-07-15 19:44:22,945 [INFO] PluginManage:359 - Loaded plugin ddr (category:tool,tabindex:6)
2025-07-15 19:44:22,945 [INFO] PluginManage:310 - Check plugin filemanager
2025-07-15 19:44:23,133 [INFO] PluginManage:359 - Loaded plugin filemanager (category:base,tabindex:10)
2025-07-15 19:44:23,133 [INFO] PluginManage:310 - Check plugin ipmanager
2025-07-15 19:44:23,141 [INFO] PluginManage:359 - Loaded plugin ipmanager (category:base,tabindex:5)
2025-07-15 19:44:23,142 [INFO] PluginManage:310 - Check plugin lpbam
2025-07-15 19:44:23,151 [INFO] PluginManage:359 - Loaded plugin lpbam (category:base,tabindex:0)
2025-07-15 19:44:23,152 [INFO] PluginManage:310 - Check plugin memorymap
2025-07-15 19:44:23,168 [INFO] PluginManage:359 - Loaded plugin memorymap (category:base,tabindex:4)
2025-07-15 19:44:23,168 [INFO] PluginManage:310 - Check plugin pinoutandconfiguration
2025-07-15 19:44:23,179 [INFO] PluginManage:359 - Loaded plugin pinoutandconfiguration (category:base,tabindex:1)
2025-07-15 19:44:23,179 [INFO] PluginManage:310 - Check plugin pinoutconfig
2025-07-15 19:44:23,284 [WARN] SupportedApi:132 - Cannot load RTOS API schema: s4s-elt-must-match.1: The content of 'definitions' must match (annotation?, (simpleType | complexType)?, (unique | key | keyref)*)). A problem was found starting at: attribute.
2025-07-15 19:44:23,468 [INFO] PluginManage:359 - Loaded plugin pinoutconfig (category:base,tabindex:0)
2025-07-15 19:44:23,468 [INFO] PluginManage:310 - Check plugin power
2025-07-15 19:44:23,480 [INFO] PluginManage:359 - Loaded plugin power (category:power,tabindex:4)
2025-07-15 19:44:23,480 [INFO] PluginManage:310 - Check plugin projectmanager
2025-07-15 19:44:23,499 [INFO] PluginManage:359 - Loaded plugin projectmanager (category:projectmanager,tabindex:4)
2025-07-15 19:44:23,499 [INFO] PluginManage:310 - Check plugin rif
2025-07-15 19:44:23,510 [INFO] PluginManage:359 - Loaded plugin rif (category:base,tabindex:3)
2025-07-15 19:44:23,510 [INFO] PluginManage:310 - Check plugin thirdparty
2025-07-15 19:44:23,678 [INFO] PluginManage:359 - Loaded plugin thirdparty (category:base,tabindex:-1)
2025-07-15 19:44:23,678 [INFO] PluginManage:310 - Check plugin tools
2025-07-15 19:44:23,678 [WARN] IntegrityCheckThread:84 - waiting for thirdparty lock release [integrity check]
2025-07-15 19:44:23,679 [INFO] IntegrityCheckThread:86 - entering critical section [integrity check]
2025-07-15 19:44:23,679 [INFO] ThirdPartyUpdaterWithRetryManager:70 - Updater plugin not ready yet. [1/15]
2025-07-15 19:44:23,682 [INFO] PluginManage:359 - Loaded plugin tools (category:base,tabindex:7)
2025-07-15 19:44:23,682 [INFO] PluginManage:310 - Check plugin tutovideos
2025-07-15 19:44:23,976 [INFO] PluginManage:359 - Loaded plugin tutovideos (category:base,tabindex:-1)
2025-07-15 19:44:23,976 [INFO] PluginManage:310 - Check plugin updater
2025-07-15 19:44:24,009 [INFO] PluginManage:359 - Loaded plugin updater (category:base,tabindex:12)
2025-07-15 19:44:24,009 [INFO] PluginManage:310 - Check plugin userauth
2025-07-15 19:44:24,015 [INFO] UserAuth:118 - Init User Auth plugin
2025-07-15 19:44:24,016 [INFO] PluginManage:359 - Loaded plugin userauth (category:base,tabindex:14)
2025-07-15 19:44:24,016 [INFO] PluginManage:283 - PluginManage : Loaded plugins [18]
2025-07-15 19:44:24,319 [INFO] PinOutPanel:1589 - setPackage(No Configuration,No Configuration)
2025-07-15 19:44:24,450 [INFO] CADModel:165 - CPN selected for project level
2025-07-15 19:44:24,450 [INFO] CADModel:114 - Register for checkConnection events
2025-07-15 19:44:24,474 [INFO] IPUIPlugin:80 - create IPUIPlugin
2025-07-15 19:44:24,475 [INFO] PluginManager:220 - loadIPPluginJar : add adc
2025-07-15 19:44:24,479 [INFO] IPUIPlugin:80 - create IPUIPlugin
2025-07-15 19:44:24,480 [INFO] PluginManager:220 - loadIPPluginJar : add aes
2025-07-15 19:44:24,484 [INFO] IPUIPlugin:80 - create IPUIPlugin
2025-07-15 19:44:24,484 [INFO] PluginManager:220 - loadIPPluginJar : add can
2025-07-15 19:44:24,486 [INFO] IPUIPlugin:80 - create IPUIPlugin
2025-07-15 19:44:24,486 [INFO] PluginManager:220 - loadIPPluginJar : add comp
2025-07-15 19:44:24,489 [INFO] IPUIPlugin:80 - create IPUIPlugin
2025-07-15 19:44:24,489 [INFO] PluginManager:220 - loadIPPluginJar : add cryp
2025-07-15 19:44:24,494 [INFO] IPUIPlugin:80 - create IPUIPlugin
2025-07-15 19:44:24,494 [INFO] PluginManager:220 - loadIPPluginJar : add ddr_ctrl_phy
2025-07-15 19:44:24,497 [INFO] IPUIPlugin:80 - create IPUIPlugin
2025-07-15 19:44:24,497 [INFO] PluginManager:220 - loadIPPluginJar : add dfsdm
2025-07-15 19:44:24,504 [INFO] IPUIPlugin:80 - create IPUIPlugin
2025-07-15 19:44:24,505 [INFO] PluginManager:220 - loadIPPluginJar : add dma
2025-07-15 19:44:24,508 [INFO] IPUIPlugin:80 - create IPUIPlugin
2025-07-15 19:44:24,509 [INFO] PluginManager:220 - loadIPPluginJar : add dma3
2025-07-15 19:44:24,513 [INFO] IPUIPlugin:80 - create IPUIPlugin
2025-07-15 19:44:24,513 [INFO] PluginManager:220 - loadIPPluginJar : add extmemmanager
2025-07-15 19:44:24,515 [INFO] IPUIPlugin:80 - create IPUIPlugin
2025-07-15 19:44:24,516 [INFO] PluginManager:220 - loadIPPluginJar : add fatfs
2025-07-15 19:44:24,522 [INFO] IPUIPlugin:80 - create IPUIPlugin
2025-07-15 19:44:24,522 [INFO] PluginManager:220 - loadIPPluginJar : add fmc
2025-07-15 19:44:24,530 [INFO] IPUIPlugin:80 - create IPUIPlugin
2025-07-15 19:44:24,531 [INFO] PluginManager:220 - loadIPPluginJar : add freertos
2025-07-15 19:44:24,533 [INFO] IPUIPlugin:80 - create IPUIPlugin
2025-07-15 19:44:24,533 [INFO] PluginManager:220 - loadIPPluginJar : add genericplugin
2025-07-15 19:44:24,536 [INFO] IPUIPlugin:80 - create IPUIPlugin
2025-07-15 19:44:24,536 [INFO] PluginManager:220 - loadIPPluginJar : add gfxmmu
2025-07-15 19:44:24,542 [INFO] IPUIPlugin:80 - create IPUIPlugin
2025-07-15 19:44:24,543 [INFO] PluginManager:220 - loadIPPluginJar : add gic
2025-07-15 19:44:24,548 [INFO] IPUIPlugin:80 - create IPUIPlugin
2025-07-15 19:44:24,548 [INFO] PluginManager:220 - loadIPPluginJar : add gpio
2025-07-15 19:44:24,552 [INFO] IPUIPlugin:80 - create IPUIPlugin
2025-07-15 19:44:24,552 [INFO] PluginManager:220 - loadIPPluginJar : add gtzc
2025-07-15 19:44:24,556 [INFO] IPUIPlugin:80 - create IPUIPlugin
2025-07-15 19:44:24,556 [INFO] PluginManager:220 - loadIPPluginJar : add hash
2025-07-15 19:44:24,559 [INFO] IPUIPlugin:80 - create IPUIPlugin
2025-07-15 19:44:24,560 [INFO] PluginManager:220 - loadIPPluginJar : add i2c
2025-07-15 19:44:24,563 [INFO] IPUIPlugin:80 - create IPUIPlugin
2025-07-15 19:44:24,563 [INFO] PluginManager:220 - loadIPPluginJar : add i2s
2025-07-15 19:44:24,567 [INFO] IPUIPlugin:80 - create IPUIPlugin
2025-07-15 19:44:24,567 [INFO] PluginManager:220 - loadIPPluginJar : add i3c
2025-07-15 19:44:24,571 [INFO] IPUIPlugin:80 - create IPUIPlugin
2025-07-15 19:44:24,571 [INFO] PluginManager:220 - loadIPPluginJar : add ipddr
2025-07-15 19:44:24,580 [INFO] IPUIPlugin:80 - create IPUIPlugin
2025-07-15 19:44:24,580 [INFO] PluginManager:220 - loadIPPluginJar : add linkedlist
2025-07-15 19:44:24,584 [INFO] IPUIPlugin:80 - create IPUIPlugin
2025-07-15 19:44:24,584 [INFO] PluginManager:220 - loadIPPluginJar : add lorawan
2025-07-15 19:44:24,586 [INFO] IPUIPlugin:80 - create IPUIPlugin
2025-07-15 19:44:24,586 [INFO] PluginManager:220 - loadIPPluginJar : add ltdc
2025-07-15 19:44:24,594 [INFO] IPUIPlugin:80 - create IPUIPlugin
2025-07-15 19:44:24,594 [INFO] PluginManager:220 - loadIPPluginJar : add mdma
2025-07-15 19:44:24,598 [INFO] IPUIPlugin:80 - create IPUIPlugin
2025-07-15 19:44:24,599 [INFO] PluginManager:220 - loadIPPluginJar : add nvic
2025-07-15 19:44:24,602 [INFO] IPUIPlugin:80 - create IPUIPlugin
2025-07-15 19:44:24,603 [INFO] PluginManager:220 - loadIPPluginJar : add opamp
2025-07-15 19:44:24,606 [INFO] IPUIPlugin:80 - create IPUIPlugin
2025-07-15 19:44:24,607 [INFO] PluginManager:220 - loadIPPluginJar : add openamp
2025-07-15 19:44:24,610 [INFO] IPUIPlugin:80 - create IPUIPlugin
2025-07-15 19:44:24,611 [INFO] PluginManager:220 - loadIPPluginJar : add pdm2pcm
2025-07-15 19:44:24,618 [INFO] IPUIPlugin:80 - create IPUIPlugin
2025-07-15 19:44:24,621 [INFO] PluginManager:220 - loadIPPluginJar : add plateformsettings
2025-07-15 19:44:24,623 [INFO] IPUIPlugin:80 - create IPUIPlugin
2025-07-15 19:44:24,624 [INFO] PluginManager:220 - loadIPPluginJar : add quadspi
2025-07-15 19:44:24,626 [INFO] IPUIPlugin:80 - create IPUIPlugin
2025-07-15 19:44:24,627 [INFO] PluginManager:220 - loadIPPluginJar : add radio
2025-07-15 19:44:24,632 [INFO] IPUIPlugin:80 - create IPUIPlugin
2025-07-15 19:44:24,632 [INFO] PluginManager:220 - loadIPPluginJar : add resmgrutility
2025-07-15 19:44:24,638 [INFO] IPUIPlugin:80 - create IPUIPlugin
2025-07-15 19:44:24,638 [INFO] PluginManager:220 - loadIPPluginJar : add sai
2025-07-15 19:44:24,641 [INFO] IPUIPlugin:80 - create IPUIPlugin
2025-07-15 19:44:24,641 [INFO] PluginManager:220 - loadIPPluginJar : add spi
2025-07-15 19:44:24,649 [INFO] IPUIPlugin:80 - create IPUIPlugin
2025-07-15 19:44:24,649 [INFO] PluginManager:220 - loadIPPluginJar : add stm32_wpan
2025-07-15 19:44:24,651 [INFO] IPUIPlugin:80 - create IPUIPlugin
2025-07-15 19:44:24,652 [INFO] PluginManager:220 - loadIPPluginJar : add tim
2025-07-15 19:44:24,656 [INFO] IPUIPlugin:80 - create IPUIPlugin
2025-07-15 19:44:24,656 [INFO] PluginManager:220 - loadIPPluginJar : add touchsensing
2025-07-15 19:44:24,658 [INFO] IPUIPlugin:80 - create IPUIPlugin
2025-07-15 19:44:24,659 [INFO] PluginManager:220 - loadIPPluginJar : add tracer_emb
2025-07-15 19:44:24,661 [INFO] IPUIPlugin:80 - create IPUIPlugin
2025-07-15 19:44:24,661 [INFO] PluginManager:220 - loadIPPluginJar : add ts
2025-07-15 19:44:24,663 [INFO] IPUIPlugin:80 - create IPUIPlugin
2025-07-15 19:44:24,663 [INFO] PluginManager:220 - loadIPPluginJar : add tsc
2025-07-15 19:44:24,666 [INFO] IPUIPlugin:80 - create IPUIPlugin
2025-07-15 19:44:24,666 [INFO] PluginManager:220 - loadIPPluginJar : add ucpd
2025-07-15 19:44:24,670 [INFO] IPUIPlugin:80 - create IPUIPlugin
2025-07-15 19:44:24,670 [INFO] PluginManager:220 - loadIPPluginJar : add usart
2025-07-15 19:44:24,674 [INFO] IPUIPlugin:80 - create IPUIPlugin
2025-07-15 19:44:24,674 [INFO] PluginManager:220 - loadIPPluginJar : add usbx
2025-07-15 19:44:24,835 [FATAL] Updater:351 - Updater called before beeing initialized
2025-07-15 19:44:24,887 [INFO] RulesReader:64 - Compatibility file has been processed (317 Rules)
2025-07-15 19:44:24,908 [INFO] RulesReader:64 - Compatibility file has been processed (317 Rules)
2025-07-15 19:44:24,919 [INFO] CADModel:165 - CPN selected for project level
2025-07-15 19:44:24,919 [INFO] CADModel:114 - Register for checkConnection events
2025-07-15 19:44:24,919 [FATAL] Updater:351 - Updater called before beeing initialized
2025-07-15 19:44:24,919 [ERROR] CADModel:125 - Updater not yet initialized, retry later 
2025-07-15 19:44:25,131 [FATAL] Updater:351 - Updater called before beeing initialized
2025-07-15 19:44:25,134 [INFO] CADModel:165 - CPN selected for project level
2025-07-15 19:44:25,134 [INFO] CADModel:114 - Register for checkConnection events
2025-07-15 19:44:25,134 [FATAL] Updater:351 - Updater called before beeing initialized
2025-07-15 19:44:25,135 [ERROR] CADModel:125 - Updater not yet initialized, retry later 
2025-07-15 19:44:25,139 [FATAL] Updater:351 - Updater called before beeing initialized
2025-07-15 19:44:25,321 [FATAL] Updater:351 - Updater called before beeing initialized
2025-07-15 19:44:25,326 [INFO] DbMcusAds:53 - JSON generation date=Tue Jul 08 15:14:23 ICT 2025 (1751962463582)
2025-07-15 19:44:25,327 [FATAL] Updater:351 - Updater called before beeing initialized
2025-07-15 19:44:25,389 [WARN] DetailPanel:346 - Failed to get advertising image, set to default
2025-07-15 19:44:25,528 [FATAL] Updater:351 - Updater called before beeing initialized
2025-07-15 19:44:25,531 [FATAL] Updater:351 - Updater called before beeing initialized
2025-07-15 19:44:25,531 [FATAL] Updater:351 - Updater called before beeing initialized
2025-07-15 19:44:25,531 [WARN] DetailPanel:346 - Failed to get advertising image, set to default
2025-07-15 19:44:25,533 [FATAL] Updater:351 - Updater called before beeing initialized
2025-07-15 19:44:25,605 [ERROR] Updater:1198 - MainUpdater not yet initialized. External WinMGr cannot be set.
2025-07-15 19:44:25,608 [INFO] Updater:1134 - Updater Version found : 6.15.0
2025-07-15 19:44:25,632 [INFO] ApplicationProperties:184 - Using Application install path: C:\ST\STM32CubeIDE_1.19.0\STM32CubeIDE\plugins\com.st.stm32cube.common.mx_6.15.0.202507011659
2025-07-15 19:44:26,101 [INFO] MainUpdater:2872 - connection check result : 10
2025-07-15 19:44:26,102 [INFO] MainUpdater:289 - Updater Check For Update Now.
2025-07-15 19:44:26,102 [INFO] MicroXplorer:498 - Change Database Version : DB.6.0.150
2025-07-15 19:44:26,110 [INFO] McuFinderGlobals:63 - Set McuFinder mode to 2 (CubeIDE integrated)
2025-07-15 19:44:26,111 [INFO] UserAuth:487 - Internet connection configuration mode: 1
2025-07-15 19:44:26,137 [INFO] JxBrowserEngine:152 - Initiate JxBrowser Engine with user profile folder
2025-07-15 19:44:26,341 [INFO] CheckServerUpdateThread:120 - End of CheckServer Thread
2025-07-15 19:44:27,037 [WARN] PackLoader:240 - Cannot read IP mode file for STMicroelectronics.FP-SNS-MOTENVWB1.1.4.0
2025-07-15 19:44:27,201 [WARN] PackLoader:240 - Cannot read IP mode file for STMicroelectronics.FP-ATR-ASTRA1.2.0.2
2025-07-15 19:44:27,499 [WARN] PackLoader:240 - Cannot read IP mode file for STMicroelectronics.X-CUBE-SMBUS.2.1.0
2025-07-15 19:44:27,511 [WARN] PackLoader:240 - Cannot read IP mode file for STMicroelectronics.X-CUBE-ST60.1.0.0
2025-07-15 19:44:27,562 [WARN] PackLoader:240 - Cannot read IP mode file for STMicroelectronics.X-CUBE-AZRTOS-F7.1.1.0
2025-07-15 19:44:27,615 [WARN] PackLoader:240 - Cannot read IP mode file for Infineon.AIROC-Wi-Fi-Bluetooth-STM32.1.7.1
2025-07-15 19:44:27,657 [WARN] PackLoader:240 - Cannot read IP mode file for STMicroelectronics.X-CUBE-AZRTOS-H7.3.4.0
2025-07-15 19:44:27,673 [WARN] PackLoader:240 - Cannot read IP mode file for STMicroelectronics.X-CUBE-DISPLAY.3.0.0
2025-07-15 19:44:27,691 [WARN] PackLoader:240 - Cannot read IP mode file for STMicroelectronics.X-CUBE-NFC10.1.0.0
2025-07-15 19:44:27,711 [WARN] PackLoader:240 - Cannot read IP mode file for STMicroelectronics.X-CUBE-BLEMGR.4.0.0
2025-07-15 19:44:27,727 [WARN] PackLoader:240 - Cannot read IP mode file for emotas.I-CUBE-CANOPEN.1.3.0
2025-07-15 19:44:27,734 [WARN] ConditionMgr:438 - getConditionDescription Invalid condition id : Cortex-A Device cause : null
2025-07-15 19:44:27,763 [WARN] ConditionMgr:1044 - genDependencies : Invalid condition id : Cortex-A Device cause : null
2025-07-15 19:44:27,764 [WARN] ConditionMgr:1044 - genDependencies : Invalid condition id : Cortex-A Device cause : null
2025-07-15 19:44:27,765 [WARN] ConditionMgr:1044 - genDependencies : Invalid condition id : Cortex-A Device cause : null
2025-07-15 19:44:27,780 [WARN] PackLoader:240 - Cannot read IP mode file for STMicroelectronics.FP-SNS-SMARTAG2.1.2.0
2025-07-15 19:44:27,793 [WARN] PackLoader:240 - Cannot read IP mode file for STMicroelectronics.FP-SNS-FLIGHT1.5.1.0
2025-07-15 19:44:27,814 [INFO] LogOutputStream:77 - [STDOUT_REDIRECT] 1 : Invalid condition id : UX_CORESTACK_Condition cause : null
2025-07-15 19:44:27,815 [INFO] LogOutputStream:77 - [STDOUT_REDIRECT] 1 : Invalid condition id : UX_CORESTACK_Condition cause : null
2025-07-15 19:44:27,818 [INFO] LogOutputStream:77 - [STDOUT_REDIRECT] 1 : Invalid condition id : UX_CORESTACK_Condition cause : null
2025-07-15 19:44:27,821 [INFO] LogOutputStream:77 - [STDOUT_REDIRECT] 1 : Invalid condition id : UX_CORESTACK_Condition cause : null
2025-07-15 19:44:27,824 [INFO] LogOutputStream:77 - [STDOUT_REDIRECT] 1 : Invalid condition id : UX_CORESTACK_Condition cause : null
2025-07-15 19:44:27,829 [WARN] PackLoader:240 - Cannot read IP mode file for STMicroelectronics.X-CUBE-AZRTOS-WL.2.0.0
2025-07-15 19:44:27,837 [WARN] PackLoader:240 - Cannot read IP mode file for STMicroelectronics.FP-SNS-MOTENV1.5.0.0
2025-07-15 19:44:27,849 [WARN] PackLoader:240 - Cannot read IP mode file for WES.I-CUBE-Cesium.1.3.0
2025-07-15 19:44:27,857 [WARN] PackLoader:240 - Cannot read IP mode file for STMicroelectronics.X-CUBE-BLE2.3.3.0
2025-07-15 19:44:27,867 [WARN] PackLoader:240 - Cannot read IP mode file for STMicroelectronics.X-CUBE-NFC9.1.0.0
2025-07-15 19:44:27,877 [WARN] PackLoader:240 - Cannot read IP mode file for wolfSSL.I-CUBE-wolfSSL.5.8.0
2025-07-15 19:44:27,884 [WARN] PackLoader:240 - Cannot read IP mode file for STMicroelectronics.X-CUBE-BLE1.7.1.0
2025-07-15 19:44:27,890 [WARN] PackLoader:240 - Cannot read IP mode file for wolfSSL.I-CUBE-wolfMQTT.1.19.2
2025-07-15 19:44:27,898 [WARN] PackLoader:240 - Cannot read IP mode file for STMicroelectronics.X-CUBE-EEPRMA1.5.2.0
2025-07-15 19:44:27,906 [WARN] PackLoader:240 - Cannot read IP mode file for STMicroelectronics.X-CUBE-AI.10.1.0
2025-07-15 19:44:27,925 [WARN] PackLoader:240 - Cannot read IP mode file for STMicroelectronics.X-CUBE-AZRTOS-G0.1.1.0
2025-07-15 19:44:27,935 [WARN] PackLoader:240 - Cannot read IP mode file for STMicroelectronics.X-CUBE-SAFEA1.1.2.2
2025-07-15 19:44:27,944 [WARN] PackLoader:240 - Cannot read IP mode file for STMicroelectronics.X-CUBE-NFC4.3.0.0
2025-07-15 19:44:27,956 [WARN] PackLoader:240 - Cannot read IP mode file for EmbeddedOffice.I-CUBE-FS-RTOS.1.0.1
2025-07-15 19:44:27,964 [WARN] PackLoader:240 - Cannot read IP mode file for STMicroelectronics.X-CUBE-WB05N.2.0.0
2025-07-15 19:44:27,979 [WARN] PackLoader:240 - Cannot read IP mode file for wolfSSL.I-CUBE-wolfTPM.3.8.0
2025-07-15 19:44:27,988 [WARN] PackLoader:240 - Cannot read IP mode file for STMicroelectronics.X-CUBE-TCPP.4.2.0
2025-07-15 19:44:27,996 [WARN] PackLoader:240 - Cannot read IP mode file for RealThread.X-CUBE-RT-Thread_Nano.4.1.1
2025-07-15 19:44:28,002 [WARN] PackLoader:240 - Cannot read IP mode file for STMicroelectronics.FP-ATR-SIGFOX1.3.2.0
2025-07-15 19:44:28,010 [WARN] PackLoader:240 - Cannot read IP mode file for STMicroelectronics.X-CUBE-EEPRMA1.5.1.0
2025-07-15 19:44:28,019 [WARN] PackLoader:240 - Cannot read IP mode file for ITTIA_DB.I-CUBE-ITTIADB.8.9.0
2025-07-15 19:44:28,028 [WARN] PackLoader:240 - Cannot read IP mode file for STMicroelectronics.X-CUBE-ST67W61.1.0.0
2025-07-15 19:44:28,070 [WARN] PackLoader:240 - Cannot read IP mode file for SEGGER.I-CUBE-embOS.1.3.1
2025-07-15 19:44:28,115 [INFO] WebApp:169 - Instantiating new browser for Auth
2025-07-15 19:44:28,129 [WARN] PackLoader:240 - Cannot read IP mode file for STMicroelectronics.X-CUBE-ALGOBUILD.1.4.0
2025-07-15 19:44:28,223 [WARN] PackLoader:240 - Cannot read IP mode file for STMicroelectronics.X-CUBE-MEMS1.11.3.0
2025-07-15 19:44:28,413 [WARN] PackLoader:240 - Cannot read IP mode file for STMicroelectronics.X-CUBE-PM33A1.1.0.0
2025-07-15 19:44:28,432 [WARN] PackLoader:240 - Cannot read IP mode file for STMicroelectronics.X-CUBE-AZRTOS-F4.1.1.0
2025-07-15 19:44:28,440 [WARN] PackLoader:240 - Cannot read IP mode file for STMicroelectronics.X-CUBE-ISPU.2.1.0
2025-07-15 19:44:28,452 [WARN] PackLoader:240 - Cannot read IP mode file for STMicroelectronics.X-CUBE-NFC12.1.0.0
2025-07-15 19:44:28,480 [WARN] PackLoader:240 - Cannot read IP mode file for STMicroelectronics.X-CUBE-AZRTOS-L5.2.0.0
2025-07-15 19:44:28,495 [WARN] PackLoader:240 - Cannot read IP mode file for STMicroelectronics.X-CUBE-NFC6.3.1.0
2025-07-15 19:44:28,504 [WARN] PackLoader:240 - Cannot read IP mode file for STMicroelectronics.X-CUBE-FREERTOS.1.3.1
2025-07-15 19:44:28,512 [WARN] PackLoader:240 - Cannot read IP mode file for STMicroelectronics.FP-SNS-STAIOTCFT.1.0.0
2025-07-15 19:44:28,519 [WARN] PackLoader:240 - Cannot read IP mode file for STMicroelectronics.X-CUBE-DPower.1.3.0
2025-07-15 19:44:28,539 [WARN] ConditionMgr:438 - getConditionDescription Invalid condition id : LAN8742 Phy interface Condition cause : null
2025-07-15 19:44:28,540 [WARN] PackLoader:240 - Cannot read IP mode file for STMicroelectronics.X-CUBE-AZRTOS-L4.2.0.0
2025-07-15 19:44:28,542 [WARN] ConditionMgr:1044 - genDependencies : Invalid condition id : LAN8742 Phy interface Condition cause : null
2025-07-15 19:44:28,542 [WARN] ConditionMgr:1044 - genDependencies : Invalid condition id : LAN8742 Phy interface Condition cause : null
2025-07-15 19:44:28,542 [WARN] ConditionMgr:1044 - genDependencies : Invalid condition id : LAN8742 Phy interface Condition cause : null
2025-07-15 19:44:28,552 [WARN] PackLoader:240 - Cannot read IP mode file for STMicroelectronics.X-CUBE-SFXS2LP1.4.0.0
2025-07-15 19:44:28,566 [WARN] ConditionMgr:438 - getConditionDescription Invalid condition id : UX DEVICE CLASS RTOS Condition cause : null
2025-07-15 19:44:28,566 [WARN] ConditionMgr:438 - getConditionDescription Invalid condition id : UX DEVICE CLASS RTOS Condition cause : null
2025-07-15 19:44:28,568 [WARN] PackLoader:240 - Cannot read IP mode file for STMicroelectronics.X-CUBE-AZRTOS-WB.2.0.0
2025-07-15 19:44:28,569 [WARN] ConditionMgr:1044 - genDependencies : Invalid condition id : UX DEVICE CLASS RTOS Condition cause : null
2025-07-15 19:44:28,569 [WARN] ConditionMgr:1044 - genDependencies : Invalid condition id : UX DEVICE CLASS RTOS Condition cause : null
2025-07-15 19:44:28,570 [WARN] ConditionMgr:1044 - genDependencies : Invalid condition id : UX DEVICE CLASS RTOS Condition cause : null
2025-07-15 19:44:28,570 [WARN] ConditionMgr:1044 - genDependencies : Invalid condition id : UX DEVICE CLASS RTOS Condition cause : null
2025-07-15 19:44:28,570 [WARN] ConditionMgr:1044 - genDependencies : Invalid condition id : UX DEVICE CLASS RTOS Condition cause : null
2025-07-15 19:44:28,577 [WARN] PackLoader:240 - Cannot read IP mode file for STMicroelectronics.X-CUBE-GNSS1.7.0.1
2025-07-15 19:44:28,583 [WARN] PackLoader:240 - Cannot read IP mode file for STMicroelectronics.X-CUBE-TOUCHGFX.4.25.0
2025-07-15 19:44:28,590 [WARN] PackLoader:240 - Cannot read IP mode file for STMicroelectronics.FP-SNS-STBOX1.2.0.0
2025-07-15 19:44:28,605 [WARN] PackLoader:240 - Cannot read IP mode file for STMicroelectronics.X-CUBE-SUBG2.5.0.0
2025-07-15 19:44:28,630 [WARN] PackLoader:240 - Cannot read IP mode file for STMicroelectronics.X-CUBE-AZRTOS-H7RS.1.1.0
2025-07-15 19:44:28,638 [WARN] PackLoader:240 - Cannot read IP mode file for Cesanta.I-CUBE-Mongoose.7.13.0
2025-07-15 19:44:28,653 [WARN] PackLoader:240 - Cannot read IP mode file for STMicroelectronics.X-CUBE-AZRTOS-G4.2.0.0
2025-07-15 19:44:28,660 [WARN] PackLoader:240 - Cannot read IP mode file for wolfSSL.I-CUBE-wolfSSH.1.4.20
2025-07-15 19:44:28,666 [WARN] PackLoader:240 - Cannot read IP mode file for STMicroelectronics.X-CUBE-NFC7.2.0.0
2025-07-15 19:44:28,681 [WARN] PackLoader:240 - Cannot read IP mode file for STMicroelectronics.X-CUBE-IPS.3.1.0
2025-07-15 19:44:28,692 [WARN] PackLoader:240 - Cannot read IP mode file for STMicroelectronics.X-CUBE-ALS.1.0.2
2025-07-15 19:44:28,700 [WARN] PackLoader:240 - Cannot read IP mode file for portGmbH.I-Cube-SoM-uGOAL.1.1.0
2025-07-15 19:44:28,713 [WARN] PackLoader:240 - Cannot read IP mode file for STMicroelectronics.X-CUBE-TOF1.3.4.3
2025-07-15 19:44:28,726 [INFO] ThirdParty:978 - Integrity check success = true
2025-07-15 19:44:28,726 [INFO] IntegrityCheckThread:100 - exiting critical section [integrity check]
2025-07-15 19:44:28,726 [INFO] IntegrityCheckThread:103 - End integrity checks thread
2025-07-15 19:44:29,108 [INFO] WebApp:463 - Apply proxy settings
2025-07-15 19:44:29,108 [INFO] WebApp:548 - Chromium requires no authentication
2025-07-15 19:44:29,124 [INFO] WebApp:491 - Direct internet connection detected
2025-07-15 19:44:29,151 [INFO] WebApp:900 - Register for checkConnection events
2025-07-15 19:44:29,151 [INFO] WebApp:463 - Apply proxy settings
2025-07-15 19:44:29,151 [INFO] WebApp:548 - Chromium requires no authentication
2025-07-15 19:44:29,152 [INFO] WebApp:491 - Direct internet connection detected
2025-07-15 19:44:29,366 [INFO] WebApp:225 - Starting web application
2025-07-15 19:44:29,366 [INFO] WebApp:593 - Web application path used C:\ST\STM32CubeIDE_1.19.0\STM32CubeIDE\plugins\com.st.stm32cube.common.mx_6.15.0.202507011659\db\plugins\mcufinder\reactClient1\index.html
2025-07-15 19:44:29,492 [INFO] WebApp:191 - Connection restablished
2025-07-15 19:44:29,566 [INFO] UserAuth:487 - Internet connection configuration mode: 1
2025-07-15 19:45:16,315 [ERROR] LogOutputStream:75 - [STDERR_REDIRECT] 
