2025-07-10 00:09:07,700 [INFO] Activator:176 - 


2025-07-10 00:09:07,708 [INFO] Activator:177 - !SESSION log4j initialized
2025-07-10 00:09:16,305 [INFO] LogOutputStream:77 - [STDOUT_REDIRECT] 
2025-07-10 00:09:19,060 [INFO] ApplicationProperties:184 - Using Application install path: C:\ST\STM32CubeIDE_1.19.0\STM32CubeIDE\plugins\com.st.stm32cube.common.mx_6.15.0.202507011659
2025-07-10 00:09:19,084 [INFO] DbMcusXml:78 - Set database path to: C:\ST\STM32CubeIDE_1.19.0\STM32CubeIDE\plugins\com.st.stm32cube.common.mx_6.15.0.202507011659\\db\/mcu/
2025-07-10 00:09:19,084 [INFO] ApiDb:274 - Set plugin database path to: C:\ST\STM32CubeIDE_1.19.0\STM32CubeIDE\plugins\com.st.stm32cube.common.mx_6.15.0.202507011659\\db\/plugins/boardmanager/
2025-07-10 00:09:19,085 [WARN] ApiDb:259 - Overriding images path with different value:  => C:\ST\STM32CubeIDE_1.19.0\STM32CubeIDE\plugins\com.st.stm32cube.common.mx_6.15.0.202507011659\\db\/plugins/mcufinder/images/
2025-07-10 00:09:19,108 [INFO] ApiDb:250 - Set database path to: C:\Users\Administrator\.stmcufinder\plugins\mcufinder//mcu/
2025-07-10 00:09:19,109 [INFO] DbMcusAds:125 - Set database path to: C:\Users\Administrator\.stmcufinder\plugins\mcufinder//mcu/
2025-07-10 00:09:19,113 [INFO] CrossReferenceDbSqlite:203 - Set database path to: C:\Users\Administrator\.stmcufinder\plugins\mcufinder//mcu/cs/
2025-07-10 00:09:19,316 [INFO] RulesReader:64 - Compatibility file has been processed (317 Rules)
2025-07-10 00:09:19,467 [INFO] DbMcusXml:78 - Set database path to: C:\ST\STM32CubeIDE_1.19.0\STM32CubeIDE\plugins\com.st.stm32cube.common.mx_6.15.0.202507011659\\db\/mcu/
2025-07-10 00:09:19,467 [INFO] ApiDb:274 - Set plugin database path to: C:\ST\STM32CubeIDE_1.19.0\STM32CubeIDE\plugins\com.st.stm32cube.common.mx_6.15.0.202507011659\\db\/plugins/boardmanager/
2025-07-10 00:09:19,467 [INFO] ApiDb:261 - Set plugin images path to: C:\ST\STM32CubeIDE_1.19.0\STM32CubeIDE\plugins\com.st.stm32cube.common.mx_6.15.0.202507011659\\db\/plugins/mcufinder/images/
2025-07-10 00:09:19,468 [WARN] DbFile:41 - Overriding database path with different value: C:\Users\Administrator\.stmcufinder\plugins\mcufinder/ => C:\Users\Administrator\.stmcufinder\plugins\mcufinder
2025-07-10 00:09:19,468 [INFO] ApiDb:250 - Set database path to: C:\Users\Administrator\.stmcufinder\plugins\mcufinder//mcu/
2025-07-10 00:09:19,468 [WARN] DbFile:41 - Overriding database path with different value: C:\Users\Administrator\.stmcufinder\plugins\mcufinder/ => C:\Users\Administrator\.stmcufinder\plugins\mcufinder
2025-07-10 00:09:19,468 [INFO] DbMcusAds:125 - Set database path to: C:\Users\Administrator\.stmcufinder\plugins\mcufinder//mcu/
2025-07-10 00:09:19,468 [WARN] DbFile:41 - Overriding database path with different value: C:\Users\Administrator\.stmcufinder\plugins\mcufinder/ => C:\Users\Administrator\.stmcufinder\plugins\mcufinder
2025-07-10 00:09:19,468 [WARN] DbFile:41 - Overriding database path with different value: C:\Users\Administrator\.stmcufinder\plugins\mcufinder/ => C:\Users\Administrator\.stmcufinder\plugins\mcufinder
2025-07-10 00:09:19,469 [INFO] CrossReferenceDbSqlite:203 - Set database path to: C:\Users\Administrator\.stmcufinder\plugins\mcufinder//mcu/cs/
2025-07-10 00:09:19,575 [INFO] MainPanel:274 - HeapMemory: 268435456
2025-07-10 00:09:19,723 [INFO] DbMcusXml:78 - Set database path to: C:\ST\STM32CubeIDE_1.19.0\STM32CubeIDE\plugins\com.st.stm32cube.common.mx_6.15.0.202507011659\\db\/mcu/
2025-07-10 00:09:19,723 [INFO] ApiDb:274 - Set plugin database path to: C:\ST\STM32CubeIDE_1.19.0\STM32CubeIDE\plugins\com.st.stm32cube.common.mx_6.15.0.202507011659\\db\/plugins/boardmanager/
2025-07-10 00:09:19,723 [INFO] ApiDb:261 - Set plugin images path to: C:\ST\STM32CubeIDE_1.19.0\STM32CubeIDE\plugins\com.st.stm32cube.common.mx_6.15.0.202507011659\\db\/plugins/mcufinder/images/
2025-07-10 00:09:19,724 [WARN] DbFile:41 - Overriding database path with different value: C:\Users\Administrator\.stmcufinder\plugins\mcufinder/ => C:\Users\Administrator\.stmcufinder\plugins\mcufinder
2025-07-10 00:09:19,724 [INFO] ApiDb:250 - Set database path to: C:\Users\Administrator\.stmcufinder\plugins\mcufinder//mcu/
2025-07-10 00:09:19,724 [WARN] DbFile:41 - Overriding database path with different value: C:\Users\Administrator\.stmcufinder\plugins\mcufinder/ => C:\Users\Administrator\.stmcufinder\plugins\mcufinder
2025-07-10 00:09:19,724 [INFO] DbMcusAds:125 - Set database path to: C:\Users\Administrator\.stmcufinder\plugins\mcufinder//mcu/
2025-07-10 00:09:19,725 [WARN] DbFile:41 - Overriding database path with different value: C:\Users\Administrator\.stmcufinder\plugins\mcufinder/ => C:\Users\Administrator\.stmcufinder\plugins\mcufinder
2025-07-10 00:09:19,725 [WARN] DbFile:41 - Overriding database path with different value: C:\Users\Administrator\.stmcufinder\plugins\mcufinder/ => C:\Users\Administrator\.stmcufinder\plugins\mcufinder
2025-07-10 00:09:19,725 [INFO] CrossReferenceDbSqlite:203 - Set database path to: C:\Users\Administrator\.stmcufinder\plugins\mcufinder//mcu/cs/
2025-07-10 00:09:19,753 [INFO] ApplicationProperties:184 - Using Application install path: C:\ST\STM32CubeIDE_1.19.0\STM32CubeIDE\plugins\com.st.stm32cube.common.mx_6.15.0.202507011659
2025-07-10 00:09:19,754 [INFO] PluginManage:196 - Search for loadable plugins [exclusion list=, ]
2025-07-10 00:09:19,757 [INFO] PluginManage:310 - Check plugin analytics
2025-07-10 00:09:19,991 [INFO] AnalyticsPlugin:253 - Accepted Software Licenses: STM32CubeMX.6.15.0
2025-07-10 00:09:19,991 [INFO] AnalyticsPlugin:255 - Accepted CMSIS Pack Licenses: 
2025-07-10 00:09:19,991 [INFO] AnalyticsPlugin:257 - Accepted Firmware Licenses: 
2025-07-10 00:09:19,995 [INFO] PluginManage:359 - Loaded plugin analytics (category:tool,tabindex:-1)
2025-07-10 00:09:19,995 [INFO] PluginManage:310 - Check plugin cadmodel
2025-07-10 00:09:20,023 [INFO] CADModel:105 - Init CAD model plugin
2025-07-10 00:09:20,023 [INFO] PluginManage:359 - Loaded plugin cadmodel (category:power,tabindex:5)
2025-07-10 00:09:20,024 [INFO] PluginManage:310 - Check plugin clock
2025-07-10 00:09:20,054 [INFO] PluginManage:359 - Loaded plugin clock (category:base,tabindex:2)
2025-07-10 00:09:20,055 [INFO] PluginManage:310 - Check plugin ddr
2025-07-10 00:09:20,058 [INFO] PluginManage:359 - Loaded plugin ddr (category:tool,tabindex:6)
2025-07-10 00:09:20,058 [INFO] PluginManage:310 - Check plugin filemanager
2025-07-10 00:09:20,259 [INFO] PluginManage:359 - Loaded plugin filemanager (category:base,tabindex:10)
2025-07-10 00:09:20,259 [INFO] PluginManage:310 - Check plugin ipmanager
2025-07-10 00:09:20,268 [INFO] PluginManage:359 - Loaded plugin ipmanager (category:base,tabindex:5)
2025-07-10 00:09:20,268 [INFO] PluginManage:310 - Check plugin lpbam
2025-07-10 00:09:20,309 [INFO] PluginManage:359 - Loaded plugin lpbam (category:base,tabindex:0)
2025-07-10 00:09:20,310 [INFO] PluginManage:310 - Check plugin memorymap
2025-07-10 00:09:20,346 [INFO] PluginManage:359 - Loaded plugin memorymap (category:base,tabindex:4)
2025-07-10 00:09:20,346 [INFO] PluginManage:310 - Check plugin pinoutandconfiguration
2025-07-10 00:09:20,375 [INFO] PluginManage:359 - Loaded plugin pinoutandconfiguration (category:base,tabindex:1)
2025-07-10 00:09:20,375 [INFO] PluginManage:310 - Check plugin pinoutconfig
2025-07-10 00:09:20,519 [WARN] SupportedApi:132 - Cannot load RTOS API schema: s4s-elt-must-match.1: The content of 'definitions' must match (annotation?, (simpleType | complexType)?, (unique | key | keyref)*)). A problem was found starting at: attribute.
2025-07-10 00:09:20,708 [INFO] PluginManage:359 - Loaded plugin pinoutconfig (category:base,tabindex:0)
2025-07-10 00:09:20,709 [INFO] PluginManage:310 - Check plugin power
2025-07-10 00:09:20,766 [INFO] PluginManage:359 - Loaded plugin power (category:power,tabindex:4)
2025-07-10 00:09:20,766 [INFO] PluginManage:310 - Check plugin projectmanager
2025-07-10 00:09:20,792 [INFO] PluginManage:359 - Loaded plugin projectmanager (category:projectmanager,tabindex:4)
2025-07-10 00:09:20,793 [INFO] PluginManage:310 - Check plugin rif
2025-07-10 00:09:20,824 [INFO] PluginManage:359 - Loaded plugin rif (category:base,tabindex:3)
2025-07-10 00:09:20,825 [INFO] PluginManage:310 - Check plugin thirdparty
2025-07-10 00:09:21,258 [INFO] PluginManage:359 - Loaded plugin thirdparty (category:base,tabindex:-1)
2025-07-10 00:09:21,258 [WARN] IntegrityCheckThread:84 - waiting for thirdparty lock release [integrity check]
2025-07-10 00:09:21,258 [INFO] PluginManage:310 - Check plugin tools
2025-07-10 00:09:21,258 [INFO] IntegrityCheckThread:86 - entering critical section [integrity check]
2025-07-10 00:09:21,259 [INFO] ThirdPartyUpdaterWithRetryManager:70 - Updater plugin not ready yet. [1/15]
2025-07-10 00:09:21,327 [INFO] PluginManage:359 - Loaded plugin tools (category:base,tabindex:7)
2025-07-10 00:09:21,327 [INFO] PluginManage:310 - Check plugin tutovideos
2025-07-10 00:09:21,645 [INFO] PluginManage:359 - Loaded plugin tutovideos (category:base,tabindex:-1)
2025-07-10 00:09:21,645 [INFO] PluginManage:310 - Check plugin updater
2025-07-10 00:09:21,675 [INFO] PluginManage:359 - Loaded plugin updater (category:base,tabindex:12)
2025-07-10 00:09:21,675 [INFO] PluginManage:310 - Check plugin userauth
2025-07-10 00:09:21,681 [INFO] UserAuth:118 - Init User Auth plugin
2025-07-10 00:09:21,682 [INFO] PluginManage:359 - Loaded plugin userauth (category:base,tabindex:14)
2025-07-10 00:09:21,682 [INFO] PluginManage:283 - PluginManage : Loaded plugins [18]
2025-07-10 00:09:21,970 [INFO] PinOutPanel:1589 - setPackage(No Configuration,No Configuration)
2025-07-10 00:09:22,094 [INFO] CADModel:165 - CPN selected for project level
2025-07-10 00:09:22,094 [INFO] CADModel:114 - Register for checkConnection events
2025-07-10 00:09:22,137 [INFO] IPUIPlugin:80 - create IPUIPlugin
2025-07-10 00:09:22,137 [INFO] PluginManager:220 - loadIPPluginJar : add adc
2025-07-10 00:09:22,213 [INFO] IPUIPlugin:80 - create IPUIPlugin
2025-07-10 00:09:22,213 [INFO] PluginManager:220 - loadIPPluginJar : add aes
2025-07-10 00:09:22,296 [INFO] IPUIPlugin:80 - create IPUIPlugin
2025-07-10 00:09:22,296 [INFO] PluginManager:220 - loadIPPluginJar : add can
2025-07-10 00:09:22,344 [INFO] IPUIPlugin:80 - create IPUIPlugin
2025-07-10 00:09:22,344 [INFO] PluginManager:220 - loadIPPluginJar : add comp
2025-07-10 00:09:22,410 [INFO] IPUIPlugin:80 - create IPUIPlugin
2025-07-10 00:09:22,410 [INFO] PluginManager:220 - loadIPPluginJar : add cryp
2025-07-10 00:09:22,436 [INFO] IPUIPlugin:80 - create IPUIPlugin
2025-07-10 00:09:22,436 [INFO] PluginManager:220 - loadIPPluginJar : add ddr_ctrl_phy
2025-07-10 00:09:22,494 [INFO] IPUIPlugin:80 - create IPUIPlugin
2025-07-10 00:09:22,494 [INFO] PluginManager:220 - loadIPPluginJar : add dfsdm
2025-07-10 00:09:22,516 [INFO] IPUIPlugin:80 - create IPUIPlugin
2025-07-10 00:09:22,517 [INFO] PluginManager:220 - loadIPPluginJar : add dma
2025-07-10 00:09:22,590 [INFO] IPUIPlugin:80 - create IPUIPlugin
2025-07-10 00:09:22,590 [INFO] PluginManager:220 - loadIPPluginJar : add dma3
2025-07-10 00:09:22,675 [INFO] IPUIPlugin:80 - create IPUIPlugin
2025-07-10 00:09:22,675 [INFO] PluginManager:220 - loadIPPluginJar : add extmemmanager
2025-07-10 00:09:22,713 [INFO] IPUIPlugin:80 - create IPUIPlugin
2025-07-10 00:09:22,713 [INFO] PluginManager:220 - loadIPPluginJar : add fatfs
2025-07-10 00:09:22,800 [INFO] IPUIPlugin:80 - create IPUIPlugin
2025-07-10 00:09:22,800 [INFO] PluginManager:220 - loadIPPluginJar : add fmc
2025-07-10 00:09:22,826 [INFO] IPUIPlugin:80 - create IPUIPlugin
2025-07-10 00:09:22,826 [INFO] PluginManager:220 - loadIPPluginJar : add freertos
2025-07-10 00:09:22,868 [INFO] IPUIPlugin:80 - create IPUIPlugin
2025-07-10 00:09:22,868 [INFO] PluginManager:220 - loadIPPluginJar : add genericplugin
2025-07-10 00:09:23,065 [INFO] IPUIPlugin:80 - create IPUIPlugin
2025-07-10 00:09:23,065 [INFO] PluginManager:220 - loadIPPluginJar : add gfxmmu
2025-07-10 00:09:23,313 [INFO] IPUIPlugin:80 - create IPUIPlugin
2025-07-10 00:09:23,313 [INFO] PluginManager:220 - loadIPPluginJar : add gic
2025-07-10 00:09:23,335 [INFO] IPUIPlugin:80 - create IPUIPlugin
2025-07-10 00:09:23,336 [INFO] PluginManager:220 - loadIPPluginJar : add gpio
2025-07-10 00:09:23,507 [INFO] IPUIPlugin:80 - create IPUIPlugin
2025-07-10 00:09:23,507 [INFO] PluginManager:220 - loadIPPluginJar : add gtzc
2025-07-10 00:09:23,569 [INFO] IPUIPlugin:80 - create IPUIPlugin
2025-07-10 00:09:23,569 [INFO] PluginManager:220 - loadIPPluginJar : add hash
2025-07-10 00:09:23,666 [INFO] IPUIPlugin:80 - create IPUIPlugin
2025-07-10 00:09:23,666 [INFO] PluginManager:220 - loadIPPluginJar : add i2c
2025-07-10 00:09:23,741 [INFO] IPUIPlugin:80 - create IPUIPlugin
2025-07-10 00:09:23,741 [INFO] PluginManager:220 - loadIPPluginJar : add i2s
2025-07-10 00:09:23,819 [INFO] IPUIPlugin:80 - create IPUIPlugin
2025-07-10 00:09:23,820 [INFO] PluginManager:220 - loadIPPluginJar : add i3c
2025-07-10 00:09:24,012 [INFO] IPUIPlugin:80 - create IPUIPlugin
2025-07-10 00:09:24,012 [INFO] PluginManager:220 - loadIPPluginJar : add ipddr
2025-07-10 00:09:24,187 [INFO] IPUIPlugin:80 - create IPUIPlugin
2025-07-10 00:09:24,188 [INFO] PluginManager:220 - loadIPPluginJar : add linkedlist
2025-07-10 00:09:24,256 [INFO] IPUIPlugin:80 - create IPUIPlugin
2025-07-10 00:09:24,256 [INFO] PluginManager:220 - loadIPPluginJar : add lorawan
2025-07-10 00:09:24,259 [INFO] ThirdPartyUpdaterWithRetryManager:70 - Updater plugin not ready yet. [2/15]
2025-07-10 00:09:24,323 [INFO] IPUIPlugin:80 - create IPUIPlugin
2025-07-10 00:09:24,324 [INFO] PluginManager:220 - loadIPPluginJar : add ltdc
2025-07-10 00:09:24,347 [INFO] IPUIPlugin:80 - create IPUIPlugin
2025-07-10 00:09:24,347 [INFO] PluginManager:220 - loadIPPluginJar : add mdma
2025-07-10 00:09:24,367 [INFO] IPUIPlugin:80 - create IPUIPlugin
2025-07-10 00:09:24,367 [INFO] PluginManager:220 - loadIPPluginJar : add nvic
2025-07-10 00:09:24,435 [INFO] IPUIPlugin:80 - create IPUIPlugin
2025-07-10 00:09:24,435 [INFO] PluginManager:220 - loadIPPluginJar : add opamp
2025-07-10 00:09:24,551 [INFO] IPUIPlugin:80 - create IPUIPlugin
2025-07-10 00:09:24,552 [INFO] PluginManager:220 - loadIPPluginJar : add openamp
2025-07-10 00:09:24,634 [INFO] IPUIPlugin:80 - create IPUIPlugin
2025-07-10 00:09:24,634 [INFO] PluginManager:220 - loadIPPluginJar : add pdm2pcm
2025-07-10 00:09:24,657 [INFO] IPUIPlugin:80 - create IPUIPlugin
2025-07-10 00:09:24,660 [INFO] PluginManager:220 - loadIPPluginJar : add plateformsettings
2025-07-10 00:09:24,702 [INFO] IPUIPlugin:80 - create IPUIPlugin
2025-07-10 00:09:24,702 [INFO] PluginManager:220 - loadIPPluginJar : add quadspi
2025-07-10 00:09:24,751 [INFO] IPUIPlugin:80 - create IPUIPlugin
2025-07-10 00:09:24,753 [INFO] PluginManager:220 - loadIPPluginJar : add radio
2025-07-10 00:09:24,773 [INFO] IPUIPlugin:80 - create IPUIPlugin
2025-07-10 00:09:24,773 [INFO] PluginManager:220 - loadIPPluginJar : add resmgrutility
2025-07-10 00:09:24,863 [INFO] IPUIPlugin:80 - create IPUIPlugin
2025-07-10 00:09:24,863 [INFO] PluginManager:220 - loadIPPluginJar : add sai
2025-07-10 00:09:24,932 [INFO] IPUIPlugin:80 - create IPUIPlugin
2025-07-10 00:09:24,932 [INFO] PluginManager:220 - loadIPPluginJar : add spi
2025-07-10 00:09:25,086 [INFO] IPUIPlugin:80 - create IPUIPlugin
2025-07-10 00:09:25,086 [INFO] PluginManager:220 - loadIPPluginJar : add stm32_wpan
2025-07-10 00:09:25,133 [INFO] IPUIPlugin:80 - create IPUIPlugin
2025-07-10 00:09:25,133 [INFO] PluginManager:220 - loadIPPluginJar : add tim
2025-07-10 00:09:25,258 [INFO] IPUIPlugin:80 - create IPUIPlugin
2025-07-10 00:09:25,258 [INFO] PluginManager:220 - loadIPPluginJar : add touchsensing
2025-07-10 00:09:25,307 [INFO] IPUIPlugin:80 - create IPUIPlugin
2025-07-10 00:09:25,308 [INFO] PluginManager:220 - loadIPPluginJar : add tracer_emb
2025-07-10 00:09:25,352 [INFO] IPUIPlugin:80 - create IPUIPlugin
2025-07-10 00:09:25,352 [INFO] PluginManager:220 - loadIPPluginJar : add ts
2025-07-10 00:09:25,395 [INFO] IPUIPlugin:80 - create IPUIPlugin
2025-07-10 00:09:25,395 [INFO] PluginManager:220 - loadIPPluginJar : add tsc
2025-07-10 00:09:25,449 [INFO] IPUIPlugin:80 - create IPUIPlugin
2025-07-10 00:09:25,449 [INFO] PluginManager:220 - loadIPPluginJar : add ucpd
2025-07-10 00:09:25,533 [INFO] IPUIPlugin:80 - create IPUIPlugin
2025-07-10 00:09:25,534 [INFO] PluginManager:220 - loadIPPluginJar : add usart
2025-07-10 00:09:25,620 [INFO] IPUIPlugin:80 - create IPUIPlugin
2025-07-10 00:09:25,620 [INFO] PluginManager:220 - loadIPPluginJar : add usbx
2025-07-10 00:09:25,782 [FATAL] Updater:351 - Updater called before beeing initialized
2025-07-10 00:09:25,851 [INFO] RulesReader:64 - Compatibility file has been processed (317 Rules)
2025-07-10 00:09:25,870 [INFO] RulesReader:64 - Compatibility file has been processed (317 Rules)
2025-07-10 00:09:25,881 [INFO] CADModel:165 - CPN selected for project level
2025-07-10 00:09:25,881 [INFO] CADModel:114 - Register for checkConnection events
2025-07-10 00:09:25,882 [FATAL] Updater:351 - Updater called before beeing initialized
2025-07-10 00:09:25,882 [ERROR] CADModel:125 - Updater not yet initialized, retry later 
2025-07-10 00:09:26,076 [FATAL] Updater:351 - Updater called before beeing initialized
2025-07-10 00:09:26,079 [INFO] CADModel:165 - CPN selected for project level
2025-07-10 00:09:26,079 [INFO] CADModel:114 - Register for checkConnection events
2025-07-10 00:09:26,079 [FATAL] Updater:351 - Updater called before beeing initialized
2025-07-10 00:09:26,079 [ERROR] CADModel:125 - Updater not yet initialized, retry later 
2025-07-10 00:09:26,083 [FATAL] Updater:351 - Updater called before beeing initialized
2025-07-10 00:09:26,259 [FATAL] Updater:351 - Updater called before beeing initialized
2025-07-10 00:09:26,276 [INFO] DbMcusAds:53 - JSON generation date=Thu Jun 19 15:32:37 ICT 2025 (1750321957418)
2025-07-10 00:09:26,277 [FATAL] Updater:351 - Updater called before beeing initialized
2025-07-10 00:09:26,355 [WARN] DetailPanel:346 - Failed to get advertising image, set to default
2025-07-10 00:09:26,495 [FATAL] Updater:351 - Updater called before beeing initialized
2025-07-10 00:09:26,497 [FATAL] Updater:351 - Updater called before beeing initialized
2025-07-10 00:09:26,497 [FATAL] Updater:351 - Updater called before beeing initialized
2025-07-10 00:09:26,497 [WARN] DetailPanel:346 - Failed to get advertising image, set to default
2025-07-10 00:09:26,499 [FATAL] Updater:351 - Updater called before beeing initialized
2025-07-10 00:09:26,595 [ERROR] Updater:1198 - MainUpdater not yet initialized. External WinMGr cannot be set.
2025-07-10 00:09:26,611 [INFO] Updater:1134 - Updater Version found : 6.15.0
2025-07-10 00:09:26,633 [INFO] ApplicationProperties:184 - Using Application install path: C:\ST\STM32CubeIDE_1.19.0\STM32CubeIDE\plugins\com.st.stm32cube.common.mx_6.15.0.202507011659
2025-07-10 00:09:27,066 [INFO] MainUpdater:2872 - connection check result : 10
2025-07-10 00:09:27,067 [INFO] MainUpdater:289 - Updater Check For Update Now.
2025-07-10 00:09:27,067 [INFO] MicroXplorer:498 - Change Database Version : DB.6.0.150
2025-07-10 00:09:27,090 [INFO] McuFinderGlobals:63 - Set McuFinder mode to 2 (CubeIDE integrated)
2025-07-10 00:09:27,091 [INFO] UserAuth:171 - activating auth plugin
2025-07-10 00:09:27,095 [INFO] UserAuth:487 - Internet connection configuration mode: 1
2025-07-10 00:09:27,135 [INFO] JxBrowserEngine:152 - Initiate JxBrowser Engine with user profile folder
2025-07-10 00:09:27,261 [WARN] MainUpdater:1193 - Updater busy. Cannot search thirdparties
2025-07-10 00:09:27,261 [INFO] ThirdPartyUpdaterWithRetryManager:96 - Updater plugin is busy. [1/15]
2025-07-10 00:09:27,351 [INFO] CheckServerUpdateThread:120 - End of CheckServer Thread
2025-07-10 00:09:29,030 [INFO] WebApp:169 - Instantiating new browser for Auth
2025-07-10 00:09:29,921 [INFO] WebApp:463 - Apply proxy settings
2025-07-10 00:09:29,921 [INFO] WebApp:548 - Chromium requires no authentication
2025-07-10 00:09:29,937 [INFO] WebApp:491 - Direct internet connection detected
2025-07-10 00:09:29,965 [INFO] WebApp:900 - Register for checkConnection events
2025-07-10 00:09:29,966 [INFO] WebApp:463 - Apply proxy settings
2025-07-10 00:09:29,966 [INFO] WebApp:548 - Chromium requires no authentication
2025-07-10 00:09:29,966 [INFO] WebApp:491 - Direct internet connection detected
2025-07-10 00:09:30,164 [INFO] WebApp:191 - Connection restablished
2025-07-10 00:09:30,205 [INFO] WebApp:225 - Starting web application
2025-07-10 00:09:30,205 [INFO] WebApp:593 - Web application path used C:\ST\STM32CubeIDE_1.19.0\STM32CubeIDE\plugins\com.st.stm32cube.common.mx_6.15.0.202507011659\db\plugins\mcufinder\reactClient1\index.html
2025-07-10 00:09:30,652 [WARN] PackLoader:240 - Cannot read IP mode file for STMicroelectronics.FP-SNS-MOTENVWB1.1.4.0
2025-07-10 00:09:30,678 [WARN] PackLoader:240 - Cannot read IP mode file for STMicroelectronics.FP-ATR-ASTRA1.2.0.2
2025-07-10 00:09:30,710 [WARN] PackLoader:240 - Cannot read IP mode file for STMicroelectronics.X-CUBE-SMBUS.2.1.0
2025-07-10 00:09:30,736 [WARN] PackLoader:240 - Cannot read IP mode file for STMicroelectronics.X-CUBE-ST60.1.0.0
2025-07-10 00:09:30,807 [WARN] PackLoader:240 - Cannot read IP mode file for STMicroelectronics.X-CUBE-AZRTOS-F7.1.1.0
2025-07-10 00:09:30,873 [WARN] PackLoader:240 - Cannot read IP mode file for Infineon.AIROC-Wi-Fi-Bluetooth-STM32.1.7.1
2025-07-10 00:09:30,940 [WARN] PackLoader:240 - Cannot read IP mode file for STMicroelectronics.X-CUBE-AZRTOS-H7.3.4.0
2025-07-10 00:09:30,971 [WARN] PackLoader:240 - Cannot read IP mode file for STMicroelectronics.X-CUBE-DISPLAY.3.0.0
2025-07-10 00:09:31,002 [WARN] PackLoader:240 - Cannot read IP mode file for STMicroelectronics.X-CUBE-NFC10.1.0.0
2025-07-10 00:09:31,032 [WARN] PackLoader:240 - Cannot read IP mode file for STMicroelectronics.X-CUBE-BLEMGR.4.0.0
2025-07-10 00:09:31,058 [WARN] PackLoader:240 - Cannot read IP mode file for emotas.I-CUBE-CANOPEN.1.3.0
2025-07-10 00:09:31,078 [WARN] ConditionMgr:438 - getConditionDescription Invalid condition id : Cortex-A Device cause : null
2025-07-10 00:09:31,106 [WARN] ConditionMgr:1044 - genDependencies : Invalid condition id : Cortex-A Device cause : null
2025-07-10 00:09:31,106 [WARN] ConditionMgr:1044 - genDependencies : Invalid condition id : Cortex-A Device cause : null
2025-07-10 00:09:31,106 [WARN] ConditionMgr:1044 - genDependencies : Invalid condition id : Cortex-A Device cause : null
2025-07-10 00:09:31,127 [WARN] PackLoader:240 - Cannot read IP mode file for STMicroelectronics.FP-SNS-SMARTAG2.1.2.0
2025-07-10 00:09:31,146 [WARN] PackLoader:240 - Cannot read IP mode file for STMicroelectronics.FP-SNS-FLIGHT1.5.1.0
2025-07-10 00:09:31,173 [INFO] LogOutputStream:77 - [STDOUT_REDIRECT] 1 : Invalid condition id : UX_CORESTACK_Condition cause : null
2025-07-10 00:09:31,174 [INFO] LogOutputStream:77 - [STDOUT_REDIRECT] 1 : Invalid condition id : UX_CORESTACK_Condition cause : null
2025-07-10 00:09:31,175 [INFO] LogOutputStream:77 - [STDOUT_REDIRECT] 1 : Invalid condition id : UX_CORESTACK_Condition cause : null
2025-07-10 00:09:31,177 [INFO] LogOutputStream:77 - [STDOUT_REDIRECT] 1 : Invalid condition id : UX_CORESTACK_Condition cause : null
2025-07-10 00:09:31,179 [INFO] LogOutputStream:77 - [STDOUT_REDIRECT] 1 : Invalid condition id : UX_CORESTACK_Condition cause : null
2025-07-10 00:09:31,183 [WARN] PackLoader:240 - Cannot read IP mode file for STMicroelectronics.X-CUBE-AZRTOS-WL.2.0.0
2025-07-10 00:09:31,211 [WARN] PackLoader:240 - Cannot read IP mode file for STMicroelectronics.FP-SNS-MOTENV1.5.0.0
2025-07-10 00:09:31,237 [WARN] PackLoader:240 - Cannot read IP mode file for WES.I-CUBE-Cesium.1.3.0
2025-07-10 00:09:31,257 [WARN] PackLoader:240 - Cannot read IP mode file for STMicroelectronics.X-CUBE-BLE2.3.3.0
2025-07-10 00:09:31,278 [WARN] PackLoader:240 - Cannot read IP mode file for STMicroelectronics.X-CUBE-NFC9.1.0.0
2025-07-10 00:09:31,298 [WARN] PackLoader:240 - Cannot read IP mode file for wolfSSL.I-CUBE-wolfSSL.5.8.0
2025-07-10 00:09:31,316 [WARN] PackLoader:240 - Cannot read IP mode file for STMicroelectronics.X-CUBE-BLE1.7.1.0
2025-07-10 00:09:31,334 [WARN] PackLoader:240 - Cannot read IP mode file for wolfSSL.I-CUBE-wolfMQTT.1.19.2
2025-07-10 00:09:31,354 [WARN] PackLoader:240 - Cannot read IP mode file for STMicroelectronics.X-CUBE-AI.10.1.0
2025-07-10 00:09:31,390 [WARN] PackLoader:240 - Cannot read IP mode file for STMicroelectronics.X-CUBE-AZRTOS-G0.1.1.0
2025-07-10 00:09:31,414 [WARN] PackLoader:240 - Cannot read IP mode file for STMicroelectronics.X-CUBE-SAFEA1.1.2.2
2025-07-10 00:09:31,441 [WARN] PackLoader:240 - Cannot read IP mode file for STMicroelectronics.X-CUBE-NFC4.3.0.0
2025-07-10 00:09:31,467 [WARN] PackLoader:240 - Cannot read IP mode file for EmbeddedOffice.I-CUBE-FS-RTOS.1.0.1
2025-07-10 00:09:31,486 [WARN] PackLoader:240 - Cannot read IP mode file for STMicroelectronics.X-CUBE-WB05N.2.0.0
2025-07-10 00:09:31,501 [WARN] PackLoader:240 - Cannot read IP mode file for wolfSSL.I-CUBE-wolfTPM.3.8.0
2025-07-10 00:09:31,517 [WARN] PackLoader:240 - Cannot read IP mode file for STMicroelectronics.X-CUBE-TCPP.4.2.0
2025-07-10 00:09:31,535 [WARN] PackLoader:240 - Cannot read IP mode file for RealThread.X-CUBE-RT-Thread_Nano.4.1.1
2025-07-10 00:09:31,551 [WARN] PackLoader:240 - Cannot read IP mode file for STMicroelectronics.FP-ATR-SIGFOX1.3.2.0
2025-07-10 00:09:31,570 [WARN] PackLoader:240 - Cannot read IP mode file for STMicroelectronics.X-CUBE-EEPRMA1.5.1.0
2025-07-10 00:09:31,592 [WARN] PackLoader:240 - Cannot read IP mode file for ITTIA_DB.I-CUBE-ITTIADB.8.9.0
2025-07-10 00:09:31,612 [WARN] PackLoader:240 - Cannot read IP mode file for STMicroelectronics.X-CUBE-ST67W61.1.0.0
2025-07-10 00:09:31,662 [WARN] PackLoader:240 - Cannot read IP mode file for SEGGER.I-CUBE-embOS.1.3.1
2025-07-10 00:09:31,718 [WARN] PackLoader:240 - Cannot read IP mode file for STMicroelectronics.X-CUBE-ALGOBUILD.1.4.0
2025-07-10 00:09:31,807 [WARN] PackLoader:240 - Cannot read IP mode file for STMicroelectronics.X-CUBE-MEMS1.11.3.0
2025-07-10 00:09:32,008 [WARN] PackLoader:240 - Cannot read IP mode file for STMicroelectronics.X-CUBE-PM33A1.1.0.0
2025-07-10 00:09:32,051 [WARN] PackLoader:240 - Cannot read IP mode file for STMicroelectronics.X-CUBE-AZRTOS-F4.1.1.0
2025-07-10 00:09:32,071 [WARN] PackLoader:240 - Cannot read IP mode file for STMicroelectronics.X-CUBE-ISPU.2.1.0
2025-07-10 00:09:32,106 [WARN] PackLoader:240 - Cannot read IP mode file for STMicroelectronics.X-CUBE-AZRTOS-L5.2.0.0
2025-07-10 00:09:32,130 [WARN] PackLoader:240 - Cannot read IP mode file for STMicroelectronics.X-CUBE-NFC6.3.1.0
2025-07-10 00:09:32,152 [WARN] PackLoader:240 - Cannot read IP mode file for STMicroelectronics.X-CUBE-FREERTOS.1.3.1
2025-07-10 00:09:32,172 [WARN] PackLoader:240 - Cannot read IP mode file for STMicroelectronics.FP-SNS-STAIOTCFT.1.0.0
2025-07-10 00:09:32,192 [WARN] PackLoader:240 - Cannot read IP mode file for STMicroelectronics.X-CUBE-DPower.1.3.0
2025-07-10 00:09:32,230 [WARN] ConditionMgr:438 - getConditionDescription Invalid condition id : LAN8742 Phy interface Condition cause : null
2025-07-10 00:09:32,231 [WARN] PackLoader:240 - Cannot read IP mode file for STMicroelectronics.X-CUBE-AZRTOS-L4.2.0.0
2025-07-10 00:09:32,232 [WARN] ConditionMgr:1044 - genDependencies : Invalid condition id : LAN8742 Phy interface Condition cause : null
2025-07-10 00:09:32,232 [WARN] ConditionMgr:1044 - genDependencies : Invalid condition id : LAN8742 Phy interface Condition cause : null
2025-07-10 00:09:32,233 [WARN] ConditionMgr:1044 - genDependencies : Invalid condition id : LAN8742 Phy interface Condition cause : null
2025-07-10 00:09:32,254 [WARN] PackLoader:240 - Cannot read IP mode file for STMicroelectronics.X-CUBE-SFXS2LP1.4.0.0
2025-07-10 00:09:32,286 [WARN] ConditionMgr:438 - getConditionDescription Invalid condition id : UX DEVICE CLASS RTOS Condition cause : null
2025-07-10 00:09:32,286 [WARN] ConditionMgr:438 - getConditionDescription Invalid condition id : UX DEVICE CLASS RTOS Condition cause : null
2025-07-10 00:09:32,288 [WARN] PackLoader:240 - Cannot read IP mode file for STMicroelectronics.X-CUBE-AZRTOS-WB.2.0.0
2025-07-10 00:09:32,289 [WARN] ConditionMgr:1044 - genDependencies : Invalid condition id : UX DEVICE CLASS RTOS Condition cause : null
2025-07-10 00:09:32,289 [WARN] ConditionMgr:1044 - genDependencies : Invalid condition id : UX DEVICE CLASS RTOS Condition cause : null
2025-07-10 00:09:32,289 [WARN] ConditionMgr:1044 - genDependencies : Invalid condition id : UX DEVICE CLASS RTOS Condition cause : null
2025-07-10 00:09:32,290 [WARN] ConditionMgr:1044 - genDependencies : Invalid condition id : UX DEVICE CLASS RTOS Condition cause : null
2025-07-10 00:09:32,290 [WARN] ConditionMgr:1044 - genDependencies : Invalid condition id : UX DEVICE CLASS RTOS Condition cause : null
2025-07-10 00:09:32,311 [WARN] PackLoader:240 - Cannot read IP mode file for STMicroelectronics.X-CUBE-GNSS1.7.0.1
2025-07-10 00:09:32,332 [WARN] PackLoader:240 - Cannot read IP mode file for STMicroelectronics.X-CUBE-TOUCHGFX.4.25.0
2025-07-10 00:09:32,352 [WARN] PackLoader:240 - Cannot read IP mode file for STMicroelectronics.FP-SNS-STBOX1.2.0.0
2025-07-10 00:09:32,379 [WARN] PackLoader:240 - Cannot read IP mode file for STMicroelectronics.X-CUBE-SUBG2.5.0.0
2025-07-10 00:09:32,424 [WARN] PackLoader:240 - Cannot read IP mode file for STMicroelectronics.X-CUBE-AZRTOS-H7RS.1.1.0
2025-07-10 00:09:32,445 [WARN] PackLoader:240 - Cannot read IP mode file for Cesanta.I-CUBE-Mongoose.7.13.0
2025-07-10 00:09:32,476 [WARN] PackLoader:240 - Cannot read IP mode file for STMicroelectronics.X-CUBE-AZRTOS-G4.2.0.0
2025-07-10 00:09:32,495 [WARN] PackLoader:240 - Cannot read IP mode file for wolfSSL.I-CUBE-wolfSSH.1.4.20
2025-07-10 00:09:32,513 [WARN] PackLoader:240 - Cannot read IP mode file for STMicroelectronics.X-CUBE-NFC7.2.0.0
2025-07-10 00:09:32,541 [WARN] PackLoader:240 - Cannot read IP mode file for STMicroelectronics.X-CUBE-IPS.3.1.0
2025-07-10 00:09:32,565 [WARN] PackLoader:240 - Cannot read IP mode file for STMicroelectronics.X-CUBE-ALS.1.0.2
2025-07-10 00:09:32,585 [WARN] PackLoader:240 - Cannot read IP mode file for portGmbH.I-Cube-SoM-uGOAL.1.1.0
2025-07-10 00:09:32,612 [WARN] PackLoader:240 - Cannot read IP mode file for STMicroelectronics.X-CUBE-TOF1.3.4.3
2025-07-10 00:09:32,622 [INFO] ThirdParty:978 - Integrity check success = true
2025-07-10 00:09:32,622 [INFO] IntegrityCheckThread:100 - exiting critical section [integrity check]
2025-07-10 00:09:32,622 [INFO] IntegrityCheckThread:103 - End integrity checks thread
2025-07-10 00:14:01,312 [ERROR] ConfigurationRetriever:142 - IOException on connection: Read timed out
2025-07-10 00:14:04,030 [ERROR] LogOutputStream:75 - [STDERR_REDIRECT] 
2025-07-10 11:39:28,725 [INFO] Activator:176 - 


2025-07-10 11:39:28,729 [INFO] Activator:177 - !SESSION log4j initialized
2025-07-10 11:39:38,178 [INFO] LogOutputStream:77 - [STDOUT_REDIRECT] 
2025-07-10 11:39:39,817 [INFO] ApplicationProperties:184 - Using Application install path: C:\ST\STM32CubeIDE_1.19.0\STM32CubeIDE\plugins\com.st.stm32cube.common.mx_6.15.0.202507011659
2025-07-10 11:39:39,841 [INFO] DbMcusXml:78 - Set database path to: C:\ST\STM32CubeIDE_1.19.0\STM32CubeIDE\plugins\com.st.stm32cube.common.mx_6.15.0.202507011659\\db\/mcu/
2025-07-10 11:39:39,841 [INFO] ApiDb:274 - Set plugin database path to: C:\ST\STM32CubeIDE_1.19.0\STM32CubeIDE\plugins\com.st.stm32cube.common.mx_6.15.0.202507011659\\db\/plugins/boardmanager/
2025-07-10 11:39:39,842 [WARN] ApiDb:259 - Overriding images path with different value:  => C:\ST\STM32CubeIDE_1.19.0\STM32CubeIDE\plugins\com.st.stm32cube.common.mx_6.15.0.202507011659\\db\/plugins/mcufinder/images/
2025-07-10 11:39:39,860 [INFO] ApiDb:250 - Set database path to: C:\Users\Administrator\.stmcufinder\plugins\mcufinder//mcu/
2025-07-10 11:39:39,862 [INFO] DbMcusAds:125 - Set database path to: C:\Users\Administrator\.stmcufinder\plugins\mcufinder//mcu/
2025-07-10 11:39:39,866 [INFO] CrossReferenceDbSqlite:203 - Set database path to: C:\Users\Administrator\.stmcufinder\plugins\mcufinder//mcu/cs/
2025-07-10 11:39:40,036 [INFO] RulesReader:64 - Compatibility file has been processed (317 Rules)
2025-07-10 11:39:40,144 [INFO] DbMcusXml:78 - Set database path to: C:\ST\STM32CubeIDE_1.19.0\STM32CubeIDE\plugins\com.st.stm32cube.common.mx_6.15.0.202507011659\\db\/mcu/
2025-07-10 11:39:40,144 [INFO] ApiDb:274 - Set plugin database path to: C:\ST\STM32CubeIDE_1.19.0\STM32CubeIDE\plugins\com.st.stm32cube.common.mx_6.15.0.202507011659\\db\/plugins/boardmanager/
2025-07-10 11:39:40,145 [INFO] ApiDb:261 - Set plugin images path to: C:\ST\STM32CubeIDE_1.19.0\STM32CubeIDE\plugins\com.st.stm32cube.common.mx_6.15.0.202507011659\\db\/plugins/mcufinder/images/
2025-07-10 11:39:40,145 [WARN] DbFile:41 - Overriding database path with different value: C:\Users\Administrator\.stmcufinder\plugins\mcufinder/ => C:\Users\Administrator\.stmcufinder\plugins\mcufinder
2025-07-10 11:39:40,146 [INFO] ApiDb:250 - Set database path to: C:\Users\Administrator\.stmcufinder\plugins\mcufinder//mcu/
2025-07-10 11:39:40,146 [WARN] DbFile:41 - Overriding database path with different value: C:\Users\Administrator\.stmcufinder\plugins\mcufinder/ => C:\Users\Administrator\.stmcufinder\plugins\mcufinder
2025-07-10 11:39:40,146 [INFO] DbMcusAds:125 - Set database path to: C:\Users\Administrator\.stmcufinder\plugins\mcufinder//mcu/
2025-07-10 11:39:40,146 [WARN] DbFile:41 - Overriding database path with different value: C:\Users\Administrator\.stmcufinder\plugins\mcufinder/ => C:\Users\Administrator\.stmcufinder\plugins\mcufinder
2025-07-10 11:39:40,146 [WARN] DbFile:41 - Overriding database path with different value: C:\Users\Administrator\.stmcufinder\plugins\mcufinder/ => C:\Users\Administrator\.stmcufinder\plugins\mcufinder
2025-07-10 11:39:40,147 [INFO] CrossReferenceDbSqlite:203 - Set database path to: C:\Users\Administrator\.stmcufinder\plugins\mcufinder//mcu/cs/
2025-07-10 11:39:40,245 [INFO] MainPanel:274 - HeapMemory: 268435456
2025-07-10 11:39:40,387 [INFO] DbMcusXml:78 - Set database path to: C:\ST\STM32CubeIDE_1.19.0\STM32CubeIDE\plugins\com.st.stm32cube.common.mx_6.15.0.202507011659\\db\/mcu/
2025-07-10 11:39:40,388 [INFO] ApiDb:274 - Set plugin database path to: C:\ST\STM32CubeIDE_1.19.0\STM32CubeIDE\plugins\com.st.stm32cube.common.mx_6.15.0.202507011659\\db\/plugins/boardmanager/
2025-07-10 11:39:40,388 [INFO] ApiDb:261 - Set plugin images path to: C:\ST\STM32CubeIDE_1.19.0\STM32CubeIDE\plugins\com.st.stm32cube.common.mx_6.15.0.202507011659\\db\/plugins/mcufinder/images/
2025-07-10 11:39:40,388 [WARN] DbFile:41 - Overriding database path with different value: C:\Users\Administrator\.stmcufinder\plugins\mcufinder/ => C:\Users\Administrator\.stmcufinder\plugins\mcufinder
2025-07-10 11:39:40,388 [INFO] ApiDb:250 - Set database path to: C:\Users\Administrator\.stmcufinder\plugins\mcufinder//mcu/
2025-07-10 11:39:40,389 [WARN] DbFile:41 - Overriding database path with different value: C:\Users\Administrator\.stmcufinder\plugins\mcufinder/ => C:\Users\Administrator\.stmcufinder\plugins\mcufinder
2025-07-10 11:39:40,389 [INFO] DbMcusAds:125 - Set database path to: C:\Users\Administrator\.stmcufinder\plugins\mcufinder//mcu/
2025-07-10 11:39:40,389 [WARN] DbFile:41 - Overriding database path with different value: C:\Users\Administrator\.stmcufinder\plugins\mcufinder/ => C:\Users\Administrator\.stmcufinder\plugins\mcufinder
2025-07-10 11:39:40,389 [WARN] DbFile:41 - Overriding database path with different value: C:\Users\Administrator\.stmcufinder\plugins\mcufinder/ => C:\Users\Administrator\.stmcufinder\plugins\mcufinder
2025-07-10 11:39:40,389 [INFO] CrossReferenceDbSqlite:203 - Set database path to: C:\Users\Administrator\.stmcufinder\plugins\mcufinder//mcu/cs/
2025-07-10 11:39:40,414 [INFO] ApplicationProperties:184 - Using Application install path: C:\ST\STM32CubeIDE_1.19.0\STM32CubeIDE\plugins\com.st.stm32cube.common.mx_6.15.0.202507011659
2025-07-10 11:39:40,415 [INFO] PluginManage:196 - Search for loadable plugins [exclusion list=, ]
2025-07-10 11:39:40,418 [INFO] PluginManage:310 - Check plugin analytics
2025-07-10 11:39:40,674 [INFO] AnalyticsPlugin:253 - Accepted Software Licenses: STM32CubeMX.6.15.0
2025-07-10 11:39:40,674 [INFO] AnalyticsPlugin:255 - Accepted CMSIS Pack Licenses: 
2025-07-10 11:39:40,674 [INFO] AnalyticsPlugin:257 - Accepted Firmware Licenses: 
2025-07-10 11:39:40,679 [INFO] PluginManage:359 - Loaded plugin analytics (category:tool,tabindex:-1)
2025-07-10 11:39:40,680 [INFO] PluginManage:310 - Check plugin cadmodel
2025-07-10 11:39:40,710 [INFO] CADModel:105 - Init CAD model plugin
2025-07-10 11:39:40,710 [INFO] PluginManage:359 - Loaded plugin cadmodel (category:power,tabindex:5)
2025-07-10 11:39:40,711 [INFO] PluginManage:310 - Check plugin clock
2025-07-10 11:39:40,742 [INFO] PluginManage:359 - Loaded plugin clock (category:base,tabindex:2)
2025-07-10 11:39:40,742 [INFO] PluginManage:310 - Check plugin ddr
2025-07-10 11:39:40,745 [INFO] PluginManage:359 - Loaded plugin ddr (category:tool,tabindex:6)
2025-07-10 11:39:40,745 [INFO] PluginManage:310 - Check plugin filemanager
2025-07-10 11:39:40,945 [INFO] PluginManage:359 - Loaded plugin filemanager (category:base,tabindex:10)
2025-07-10 11:39:40,946 [INFO] PluginManage:310 - Check plugin ipmanager
2025-07-10 11:39:40,955 [INFO] PluginManage:359 - Loaded plugin ipmanager (category:base,tabindex:5)
2025-07-10 11:39:40,955 [INFO] PluginManage:310 - Check plugin lpbam
2025-07-10 11:39:40,984 [INFO] PluginManage:359 - Loaded plugin lpbam (category:base,tabindex:0)
2025-07-10 11:39:40,984 [INFO] PluginManage:310 - Check plugin memorymap
2025-07-10 11:39:41,020 [INFO] PluginManage:359 - Loaded plugin memorymap (category:base,tabindex:4)
2025-07-10 11:39:41,020 [INFO] PluginManage:310 - Check plugin pinoutandconfiguration
2025-07-10 11:39:41,050 [INFO] PluginManage:359 - Loaded plugin pinoutandconfiguration (category:base,tabindex:1)
2025-07-10 11:39:41,051 [INFO] PluginManage:310 - Check plugin pinoutconfig
2025-07-10 11:39:41,193 [WARN] SupportedApi:132 - Cannot load RTOS API schema: s4s-elt-must-match.1: The content of 'definitions' must match (annotation?, (simpleType | complexType)?, (unique | key | keyref)*)). A problem was found starting at: attribute.
2025-07-10 11:39:41,394 [INFO] PluginManage:359 - Loaded plugin pinoutconfig (category:base,tabindex:0)
2025-07-10 11:39:41,394 [INFO] PluginManage:310 - Check plugin power
2025-07-10 11:39:41,431 [INFO] PluginManage:359 - Loaded plugin power (category:power,tabindex:4)
2025-07-10 11:39:41,431 [INFO] PluginManage:310 - Check plugin projectmanager
2025-07-10 11:39:41,453 [INFO] PluginManage:359 - Loaded plugin projectmanager (category:projectmanager,tabindex:4)
2025-07-10 11:39:41,453 [INFO] PluginManage:310 - Check plugin rif
2025-07-10 11:39:41,484 [INFO] PluginManage:359 - Loaded plugin rif (category:base,tabindex:3)
2025-07-10 11:39:41,484 [INFO] PluginManage:310 - Check plugin thirdparty
2025-07-10 11:39:42,032 [INFO] PluginManage:359 - Loaded plugin thirdparty (category:base,tabindex:-1)
2025-07-10 11:39:42,032 [WARN] IntegrityCheckThread:84 - waiting for thirdparty lock release [integrity check]
2025-07-10 11:39:42,033 [INFO] PluginManage:310 - Check plugin tools
2025-07-10 11:39:42,033 [INFO] IntegrityCheckThread:86 - entering critical section [integrity check]
2025-07-10 11:39:42,033 [INFO] ThirdPartyUpdaterWithRetryManager:70 - Updater plugin not ready yet. [1/15]
2025-07-10 11:39:42,115 [INFO] PluginManage:359 - Loaded plugin tools (category:base,tabindex:7)
2025-07-10 11:39:42,115 [INFO] PluginManage:310 - Check plugin tutovideos
2025-07-10 11:39:42,480 [INFO] PluginManage:359 - Loaded plugin tutovideos (category:base,tabindex:-1)
2025-07-10 11:39:42,481 [INFO] PluginManage:310 - Check plugin updater
2025-07-10 11:39:42,516 [INFO] PluginManage:359 - Loaded plugin updater (category:base,tabindex:12)
2025-07-10 11:39:42,516 [INFO] PluginManage:310 - Check plugin userauth
2025-07-10 11:39:42,522 [INFO] UserAuth:118 - Init User Auth plugin
2025-07-10 11:39:42,523 [INFO] PluginManage:359 - Loaded plugin userauth (category:base,tabindex:14)
2025-07-10 11:39:42,524 [INFO] PluginManage:283 - PluginManage : Loaded plugins [18]
2025-07-10 11:39:42,855 [INFO] PinOutPanel:1589 - setPackage(No Configuration,No Configuration)
2025-07-10 11:39:43,000 [INFO] CADModel:165 - CPN selected for project level
2025-07-10 11:39:43,001 [INFO] CADModel:114 - Register for checkConnection events
2025-07-10 11:39:43,048 [INFO] IPUIPlugin:80 - create IPUIPlugin
2025-07-10 11:39:43,048 [INFO] PluginManager:220 - loadIPPluginJar : add adc
2025-07-10 11:39:43,131 [INFO] IPUIPlugin:80 - create IPUIPlugin
2025-07-10 11:39:43,131 [INFO] PluginManager:220 - loadIPPluginJar : add aes
2025-07-10 11:39:43,225 [INFO] IPUIPlugin:80 - create IPUIPlugin
2025-07-10 11:39:43,225 [INFO] PluginManager:220 - loadIPPluginJar : add can
2025-07-10 11:39:43,279 [INFO] IPUIPlugin:80 - create IPUIPlugin
2025-07-10 11:39:43,279 [INFO] PluginManager:220 - loadIPPluginJar : add comp
2025-07-10 11:39:43,352 [INFO] IPUIPlugin:80 - create IPUIPlugin
2025-07-10 11:39:43,353 [INFO] PluginManager:220 - loadIPPluginJar : add cryp
2025-07-10 11:39:43,377 [INFO] IPUIPlugin:80 - create IPUIPlugin
2025-07-10 11:39:43,377 [INFO] PluginManager:220 - loadIPPluginJar : add ddr_ctrl_phy
2025-07-10 11:39:43,444 [INFO] IPUIPlugin:80 - create IPUIPlugin
2025-07-10 11:39:43,444 [INFO] PluginManager:220 - loadIPPluginJar : add dfsdm
2025-07-10 11:39:43,471 [INFO] IPUIPlugin:80 - create IPUIPlugin
2025-07-10 11:39:43,472 [INFO] PluginManager:220 - loadIPPluginJar : add dma
2025-07-10 11:39:43,562 [INFO] IPUIPlugin:80 - create IPUIPlugin
2025-07-10 11:39:43,563 [INFO] PluginManager:220 - loadIPPluginJar : add dma3
2025-07-10 11:39:43,661 [INFO] IPUIPlugin:80 - create IPUIPlugin
2025-07-10 11:39:43,661 [INFO] PluginManager:220 - loadIPPluginJar : add extmemmanager
2025-07-10 11:39:43,710 [INFO] IPUIPlugin:80 - create IPUIPlugin
2025-07-10 11:39:43,711 [INFO] PluginManager:220 - loadIPPluginJar : add fatfs
2025-07-10 11:39:43,810 [INFO] IPUIPlugin:80 - create IPUIPlugin
2025-07-10 11:39:43,810 [INFO] PluginManager:220 - loadIPPluginJar : add fmc
2025-07-10 11:39:43,840 [INFO] IPUIPlugin:80 - create IPUIPlugin
2025-07-10 11:39:43,840 [INFO] PluginManager:220 - loadIPPluginJar : add freertos
2025-07-10 11:39:43,884 [INFO] IPUIPlugin:80 - create IPUIPlugin
2025-07-10 11:39:43,884 [INFO] PluginManager:220 - loadIPPluginJar : add genericplugin
2025-07-10 11:39:44,103 [INFO] IPUIPlugin:80 - create IPUIPlugin
2025-07-10 11:39:44,104 [INFO] PluginManager:220 - loadIPPluginJar : add gfxmmu
2025-07-10 11:39:44,398 [INFO] IPUIPlugin:80 - create IPUIPlugin
2025-07-10 11:39:44,399 [INFO] PluginManager:220 - loadIPPluginJar : add gic
2025-07-10 11:39:44,429 [INFO] IPUIPlugin:80 - create IPUIPlugin
2025-07-10 11:39:44,429 [INFO] PluginManager:220 - loadIPPluginJar : add gpio
2025-07-10 11:39:44,629 [INFO] IPUIPlugin:80 - create IPUIPlugin
2025-07-10 11:39:44,629 [INFO] PluginManager:220 - loadIPPluginJar : add gtzc
2025-07-10 11:39:44,704 [INFO] IPUIPlugin:80 - create IPUIPlugin
2025-07-10 11:39:44,705 [INFO] PluginManager:220 - loadIPPluginJar : add hash
2025-07-10 11:39:44,824 [INFO] IPUIPlugin:80 - create IPUIPlugin
2025-07-10 11:39:44,824 [INFO] PluginManager:220 - loadIPPluginJar : add i2c
2025-07-10 11:39:44,913 [INFO] IPUIPlugin:80 - create IPUIPlugin
2025-07-10 11:39:44,914 [INFO] PluginManager:220 - loadIPPluginJar : add i2s
2025-07-10 11:39:45,008 [INFO] IPUIPlugin:80 - create IPUIPlugin
2025-07-10 11:39:45,009 [INFO] PluginManager:220 - loadIPPluginJar : add i3c
2025-07-10 11:39:45,036 [INFO] ThirdPartyUpdaterWithRetryManager:70 - Updater plugin not ready yet. [2/15]
2025-07-10 11:39:45,233 [INFO] IPUIPlugin:80 - create IPUIPlugin
2025-07-10 11:39:45,233 [INFO] PluginManager:220 - loadIPPluginJar : add ipddr
2025-07-10 11:39:45,429 [INFO] IPUIPlugin:80 - create IPUIPlugin
2025-07-10 11:39:45,430 [INFO] PluginManager:220 - loadIPPluginJar : add linkedlist
2025-07-10 11:39:45,507 [INFO] IPUIPlugin:80 - create IPUIPlugin
2025-07-10 11:39:45,508 [INFO] PluginManager:220 - loadIPPluginJar : add lorawan
2025-07-10 11:39:45,595 [INFO] IPUIPlugin:80 - create IPUIPlugin
2025-07-10 11:39:45,595 [INFO] PluginManager:220 - loadIPPluginJar : add ltdc
2025-07-10 11:39:45,623 [INFO] IPUIPlugin:80 - create IPUIPlugin
2025-07-10 11:39:45,623 [INFO] PluginManager:220 - loadIPPluginJar : add mdma
2025-07-10 11:39:45,647 [INFO] IPUIPlugin:80 - create IPUIPlugin
2025-07-10 11:39:45,648 [INFO] PluginManager:220 - loadIPPluginJar : add nvic
2025-07-10 11:39:45,737 [INFO] IPUIPlugin:80 - create IPUIPlugin
2025-07-10 11:39:45,737 [INFO] PluginManager:220 - loadIPPluginJar : add opamp
2025-07-10 11:39:45,878 [INFO] IPUIPlugin:80 - create IPUIPlugin
2025-07-10 11:39:45,878 [INFO] PluginManager:220 - loadIPPluginJar : add openamp
2025-07-10 11:39:45,978 [INFO] IPUIPlugin:80 - create IPUIPlugin
2025-07-10 11:39:45,978 [INFO] PluginManager:220 - loadIPPluginJar : add pdm2pcm
2025-07-10 11:39:46,007 [INFO] IPUIPlugin:80 - create IPUIPlugin
2025-07-10 11:39:46,011 [INFO] PluginManager:220 - loadIPPluginJar : add plateformsettings
2025-07-10 11:39:46,064 [INFO] IPUIPlugin:80 - create IPUIPlugin
2025-07-10 11:39:46,064 [INFO] PluginManager:220 - loadIPPluginJar : add quadspi
2025-07-10 11:39:46,124 [INFO] IPUIPlugin:80 - create IPUIPlugin
2025-07-10 11:39:46,125 [INFO] PluginManager:220 - loadIPPluginJar : add radio
2025-07-10 11:39:46,153 [INFO] IPUIPlugin:80 - create IPUIPlugin
2025-07-10 11:39:46,153 [INFO] PluginManager:220 - loadIPPluginJar : add resmgrutility
2025-07-10 11:39:46,258 [INFO] IPUIPlugin:80 - create IPUIPlugin
2025-07-10 11:39:46,258 [INFO] PluginManager:220 - loadIPPluginJar : add sai
2025-07-10 11:39:46,344 [INFO] IPUIPlugin:80 - create IPUIPlugin
2025-07-10 11:39:46,344 [INFO] PluginManager:220 - loadIPPluginJar : add spi
2025-07-10 11:39:46,516 [INFO] IPUIPlugin:80 - create IPUIPlugin
2025-07-10 11:39:46,516 [INFO] PluginManager:220 - loadIPPluginJar : add stm32_wpan
2025-07-10 11:39:46,573 [INFO] IPUIPlugin:80 - create IPUIPlugin
2025-07-10 11:39:46,573 [INFO] PluginManager:220 - loadIPPluginJar : add tim
2025-07-10 11:39:46,719 [INFO] IPUIPlugin:80 - create IPUIPlugin
2025-07-10 11:39:46,719 [INFO] PluginManager:220 - loadIPPluginJar : add touchsensing
2025-07-10 11:39:46,769 [INFO] IPUIPlugin:80 - create IPUIPlugin
2025-07-10 11:39:46,770 [INFO] PluginManager:220 - loadIPPluginJar : add tracer_emb
2025-07-10 11:39:46,821 [INFO] IPUIPlugin:80 - create IPUIPlugin
2025-07-10 11:39:46,821 [INFO] PluginManager:220 - loadIPPluginJar : add ts
2025-07-10 11:39:46,871 [INFO] IPUIPlugin:80 - create IPUIPlugin
2025-07-10 11:39:46,871 [INFO] PluginManager:220 - loadIPPluginJar : add tsc
2025-07-10 11:39:46,918 [INFO] IPUIPlugin:80 - create IPUIPlugin
2025-07-10 11:39:46,918 [INFO] PluginManager:220 - loadIPPluginJar : add ucpd
2025-07-10 11:39:47,011 [INFO] IPUIPlugin:80 - create IPUIPlugin
2025-07-10 11:39:47,011 [INFO] PluginManager:220 - loadIPPluginJar : add usart
2025-07-10 11:39:47,109 [INFO] IPUIPlugin:80 - create IPUIPlugin
2025-07-10 11:39:47,109 [INFO] PluginManager:220 - loadIPPluginJar : add usbx
2025-07-10 11:39:47,271 [FATAL] Updater:351 - Updater called before beeing initialized
2025-07-10 11:39:47,316 [INFO] RulesReader:64 - Compatibility file has been processed (317 Rules)
2025-07-10 11:39:47,339 [INFO] RulesReader:64 - Compatibility file has been processed (317 Rules)
2025-07-10 11:39:47,350 [INFO] CADModel:165 - CPN selected for project level
2025-07-10 11:39:47,351 [INFO] CADModel:114 - Register for checkConnection events
2025-07-10 11:39:47,351 [FATAL] Updater:351 - Updater called before beeing initialized
2025-07-10 11:39:47,351 [ERROR] CADModel:125 - Updater not yet initialized, retry later 
2025-07-10 11:39:47,560 [FATAL] Updater:351 - Updater called before beeing initialized
2025-07-10 11:39:47,563 [INFO] CADModel:165 - CPN selected for project level
2025-07-10 11:39:47,563 [INFO] CADModel:114 - Register for checkConnection events
2025-07-10 11:39:47,563 [FATAL] Updater:351 - Updater called before beeing initialized
2025-07-10 11:39:47,564 [ERROR] CADModel:125 - Updater not yet initialized, retry later 
2025-07-10 11:39:47,568 [FATAL] Updater:351 - Updater called before beeing initialized
2025-07-10 11:39:47,759 [FATAL] Updater:351 - Updater called before beeing initialized
2025-07-10 11:39:47,779 [INFO] DbMcusAds:53 - JSON generation date=Thu Jun 19 15:32:37 ICT 2025 (1750321957418)
2025-07-10 11:39:47,780 [FATAL] Updater:351 - Updater called before beeing initialized
2025-07-10 11:39:47,847 [WARN] DetailPanel:346 - Failed to get advertising image, set to default
2025-07-10 11:39:47,999 [FATAL] Updater:351 - Updater called before beeing initialized
2025-07-10 11:39:48,001 [FATAL] Updater:351 - Updater called before beeing initialized
2025-07-10 11:39:48,001 [FATAL] Updater:351 - Updater called before beeing initialized
2025-07-10 11:39:48,001 [WARN] DetailPanel:346 - Failed to get advertising image, set to default
2025-07-10 11:39:48,003 [FATAL] Updater:351 - Updater called before beeing initialized
2025-07-10 11:39:48,038 [INFO] ThirdPartyUpdaterWithRetryManager:70 - Updater plugin not ready yet. [3/15]
2025-07-10 11:39:48,121 [ERROR] Updater:1198 - MainUpdater not yet initialized. External WinMGr cannot be set.
2025-07-10 11:39:48,141 [INFO] Updater:1134 - Updater Version found : 6.15.0
2025-07-10 11:39:48,168 [INFO] ApplicationProperties:184 - Using Application install path: C:\ST\STM32CubeIDE_1.19.0\STM32CubeIDE\plugins\com.st.stm32cube.common.mx_6.15.0.202507011659
2025-07-10 11:39:48,861 [INFO] MainUpdater:2872 - connection check result : 10
2025-07-10 11:39:48,862 [INFO] MainUpdater:289 - Updater Check For Update Now.
2025-07-10 11:39:48,862 [INFO] MicroXplorer:498 - Change Database Version : DB.6.0.150
2025-07-10 11:39:48,889 [INFO] McuFinderGlobals:63 - Set McuFinder mode to 2 (CubeIDE integrated)
2025-07-10 11:39:48,890 [INFO] UserAuth:171 - activating auth plugin
2025-07-10 11:39:48,894 [INFO] UserAuth:487 - Internet connection configuration mode: 1
2025-07-10 11:39:48,942 [INFO] JxBrowserEngine:152 - Initiate JxBrowser Engine with user profile folder
2025-07-10 11:39:49,159 [INFO] CheckServerUpdateThread:120 - End of CheckServer Thread
2025-07-10 11:39:50,941 [INFO] WebApp:169 - Instantiating new browser for Auth
2025-07-10 11:39:51,460 [WARN] PackLoader:240 - Cannot read IP mode file for STMicroelectronics.FP-SNS-MOTENVWB1.1.4.0
2025-07-10 11:39:51,488 [WARN] PackLoader:240 - Cannot read IP mode file for STMicroelectronics.FP-ATR-ASTRA1.2.0.2
2025-07-10 11:39:51,512 [WARN] PackLoader:240 - Cannot read IP mode file for STMicroelectronics.X-CUBE-SMBUS.2.1.0
2025-07-10 11:39:51,532 [WARN] PackLoader:240 - Cannot read IP mode file for STMicroelectronics.X-CUBE-ST60.1.0.0
2025-07-10 11:39:51,592 [WARN] PackLoader:240 - Cannot read IP mode file for STMicroelectronics.X-CUBE-AZRTOS-F7.1.1.0
2025-07-10 11:39:51,667 [WARN] PackLoader:240 - Cannot read IP mode file for Infineon.AIROC-Wi-Fi-Bluetooth-STM32.1.7.1
2025-07-10 11:39:51,774 [WARN] PackLoader:240 - Cannot read IP mode file for STMicroelectronics.X-CUBE-AZRTOS-H7.3.4.0
2025-07-10 11:39:51,829 [WARN] PackLoader:240 - Cannot read IP mode file for STMicroelectronics.X-CUBE-DISPLAY.3.0.0
2025-07-10 11:39:51,880 [WARN] PackLoader:240 - Cannot read IP mode file for STMicroelectronics.X-CUBE-NFC10.1.0.0
2025-07-10 11:39:51,916 [WARN] PackLoader:240 - Cannot read IP mode file for STMicroelectronics.X-CUBE-BLEMGR.4.0.0
2025-07-10 11:39:51,947 [WARN] PackLoader:240 - Cannot read IP mode file for emotas.I-CUBE-CANOPEN.1.3.0
2025-07-10 11:39:51,969 [WARN] ConditionMgr:438 - getConditionDescription Invalid condition id : Cortex-A Device cause : null
2025-07-10 11:39:51,981 [INFO] WebApp:463 - Apply proxy settings
2025-07-10 11:39:51,982 [INFO] WebApp:548 - Chromium requires no authentication
2025-07-10 11:39:51,996 [INFO] WebApp:491 - Direct internet connection detected
2025-07-10 11:39:52,003 [WARN] ConditionMgr:1044 - genDependencies : Invalid condition id : Cortex-A Device cause : null
2025-07-10 11:39:52,003 [WARN] ConditionMgr:1044 - genDependencies : Invalid condition id : Cortex-A Device cause : null
2025-07-10 11:39:52,003 [WARN] ConditionMgr:1044 - genDependencies : Invalid condition id : Cortex-A Device cause : null
2025-07-10 11:39:52,027 [WARN] PackLoader:240 - Cannot read IP mode file for STMicroelectronics.FP-SNS-SMARTAG2.1.2.0
2025-07-10 11:39:52,030 [INFO] WebApp:900 - Register for checkConnection events
2025-07-10 11:39:52,031 [INFO] WebApp:463 - Apply proxy settings
2025-07-10 11:39:52,031 [INFO] WebApp:548 - Chromium requires no authentication
2025-07-10 11:39:52,032 [INFO] WebApp:491 - Direct internet connection detected
2025-07-10 11:39:52,050 [WARN] PackLoader:240 - Cannot read IP mode file for STMicroelectronics.FP-SNS-FLIGHT1.5.1.0
2025-07-10 11:39:52,081 [INFO] LogOutputStream:77 - [STDOUT_REDIRECT] 1 : Invalid condition id : UX_CORESTACK_Condition cause : null
2025-07-10 11:39:52,082 [INFO] LogOutputStream:77 - [STDOUT_REDIRECT] 1 : Invalid condition id : UX_CORESTACK_Condition cause : null
2025-07-10 11:39:52,085 [INFO] LogOutputStream:77 - [STDOUT_REDIRECT] 1 : Invalid condition id : UX_CORESTACK_Condition cause : null
2025-07-10 11:39:52,087 [INFO] LogOutputStream:77 - [STDOUT_REDIRECT] 1 : Invalid condition id : UX_CORESTACK_Condition cause : null
2025-07-10 11:39:52,089 [INFO] LogOutputStream:77 - [STDOUT_REDIRECT] 1 : Invalid condition id : UX_CORESTACK_Condition cause : null
2025-07-10 11:39:52,092 [WARN] PackLoader:240 - Cannot read IP mode file for STMicroelectronics.X-CUBE-AZRTOS-WL.2.0.0
2025-07-10 11:39:52,114 [WARN] PackLoader:240 - Cannot read IP mode file for STMicroelectronics.FP-SNS-MOTENV1.5.0.0
2025-07-10 11:39:52,141 [WARN] PackLoader:240 - Cannot read IP mode file for WES.I-CUBE-Cesium.1.3.0
2025-07-10 11:39:52,162 [WARN] PackLoader:240 - Cannot read IP mode file for STMicroelectronics.X-CUBE-BLE2.3.3.0
2025-07-10 11:39:52,186 [WARN] PackLoader:240 - Cannot read IP mode file for STMicroelectronics.X-CUBE-NFC9.1.0.0
2025-07-10 11:39:52,215 [WARN] PackLoader:240 - Cannot read IP mode file for wolfSSL.I-CUBE-wolfSSL.5.8.0
2025-07-10 11:39:52,224 [INFO] WebApp:191 - Connection restablished
2025-07-10 11:39:52,241 [WARN] PackLoader:240 - Cannot read IP mode file for STMicroelectronics.X-CUBE-BLE1.7.1.0
2025-07-10 11:39:52,267 [WARN] PackLoader:240 - Cannot read IP mode file for wolfSSL.I-CUBE-wolfMQTT.1.19.2
2025-07-10 11:39:52,299 [WARN] PackLoader:240 - Cannot read IP mode file for STMicroelectronics.X-CUBE-AI.10.1.0
2025-07-10 11:39:52,303 [INFO] WebApp:225 - Starting web application
2025-07-10 11:39:52,303 [INFO] WebApp:593 - Web application path used C:\ST\STM32CubeIDE_1.19.0\STM32CubeIDE\plugins\com.st.stm32cube.common.mx_6.15.0.202507011659\db\plugins\mcufinder\reactClient1\index.html
2025-07-10 11:39:52,350 [WARN] PackLoader:240 - Cannot read IP mode file for STMicroelectronics.X-CUBE-AZRTOS-G0.1.1.0
2025-07-10 11:39:52,390 [WARN] PackLoader:240 - Cannot read IP mode file for STMicroelectronics.X-CUBE-SAFEA1.1.2.2
2025-07-10 11:39:52,418 [WARN] PackLoader:240 - Cannot read IP mode file for STMicroelectronics.X-CUBE-NFC4.3.0.0
2025-07-10 11:39:52,446 [WARN] PackLoader:240 - Cannot read IP mode file for EmbeddedOffice.I-CUBE-FS-RTOS.1.0.1
2025-07-10 11:39:52,468 [WARN] PackLoader:240 - Cannot read IP mode file for STMicroelectronics.X-CUBE-WB05N.2.0.0
2025-07-10 11:39:52,490 [WARN] PackLoader:240 - Cannot read IP mode file for wolfSSL.I-CUBE-wolfTPM.3.8.0
2025-07-10 11:39:52,511 [WARN] PackLoader:240 - Cannot read IP mode file for STMicroelectronics.X-CUBE-TCPP.4.2.0
2025-07-10 11:39:52,534 [WARN] PackLoader:240 - Cannot read IP mode file for RealThread.X-CUBE-RT-Thread_Nano.4.1.1
2025-07-10 11:39:52,563 [WARN] PackLoader:240 - Cannot read IP mode file for STMicroelectronics.FP-ATR-SIGFOX1.3.2.0
2025-07-10 11:39:52,585 [WARN] PackLoader:240 - Cannot read IP mode file for STMicroelectronics.X-CUBE-EEPRMA1.5.1.0
2025-07-10 11:39:52,612 [WARN] PackLoader:240 - Cannot read IP mode file for ITTIA_DB.I-CUBE-ITTIADB.8.9.0
2025-07-10 11:39:52,637 [WARN] PackLoader:240 - Cannot read IP mode file for STMicroelectronics.X-CUBE-ST67W61.1.0.0
2025-07-10 11:39:52,688 [WARN] PackLoader:240 - Cannot read IP mode file for SEGGER.I-CUBE-embOS.1.3.1
2025-07-10 11:39:52,751 [WARN] PackLoader:240 - Cannot read IP mode file for STMicroelectronics.X-CUBE-ALGOBUILD.1.4.0
2025-07-10 11:39:52,878 [WARN] PackLoader:240 - Cannot read IP mode file for STMicroelectronics.X-CUBE-MEMS1.11.3.0
2025-07-10 11:39:53,040 [WARN] PackLoader:240 - Cannot read IP mode file for STMicroelectronics.X-CUBE-PM33A1.1.0.0
2025-07-10 11:39:53,083 [WARN] PackLoader:240 - Cannot read IP mode file for STMicroelectronics.X-CUBE-AZRTOS-F4.1.1.0
2025-07-10 11:39:53,107 [WARN] PackLoader:240 - Cannot read IP mode file for STMicroelectronics.X-CUBE-ISPU.2.1.0
2025-07-10 11:39:53,147 [WARN] PackLoader:240 - Cannot read IP mode file for STMicroelectronics.X-CUBE-AZRTOS-L5.2.0.0
2025-07-10 11:39:53,176 [WARN] PackLoader:240 - Cannot read IP mode file for STMicroelectronics.X-CUBE-NFC6.3.1.0
2025-07-10 11:39:53,202 [WARN] PackLoader:240 - Cannot read IP mode file for STMicroelectronics.X-CUBE-FREERTOS.1.3.1
2025-07-10 11:39:53,228 [WARN] PackLoader:240 - Cannot read IP mode file for STMicroelectronics.FP-SNS-STAIOTCFT.1.0.0
2025-07-10 11:39:53,254 [WARN] PackLoader:240 - Cannot read IP mode file for STMicroelectronics.X-CUBE-DPower.1.3.0
2025-07-10 11:39:53,305 [WARN] ConditionMgr:438 - getConditionDescription Invalid condition id : LAN8742 Phy interface Condition cause : null
2025-07-10 11:39:53,306 [WARN] PackLoader:240 - Cannot read IP mode file for STMicroelectronics.X-CUBE-AZRTOS-L4.2.0.0
2025-07-10 11:39:53,308 [WARN] ConditionMgr:1044 - genDependencies : Invalid condition id : LAN8742 Phy interface Condition cause : null
2025-07-10 11:39:53,308 [WARN] ConditionMgr:1044 - genDependencies : Invalid condition id : LAN8742 Phy interface Condition cause : null
2025-07-10 11:39:53,308 [WARN] ConditionMgr:1044 - genDependencies : Invalid condition id : LAN8742 Phy interface Condition cause : null
2025-07-10 11:39:53,363 [WARN] PackLoader:240 - Cannot read IP mode file for STMicroelectronics.X-CUBE-SFXS2LP1.4.0.0
2025-07-10 11:39:53,399 [WARN] ConditionMgr:438 - getConditionDescription Invalid condition id : UX DEVICE CLASS RTOS Condition cause : null
2025-07-10 11:39:53,399 [WARN] ConditionMgr:438 - getConditionDescription Invalid condition id : UX DEVICE CLASS RTOS Condition cause : null
2025-07-10 11:39:53,401 [WARN] PackLoader:240 - Cannot read IP mode file for STMicroelectronics.X-CUBE-AZRTOS-WB.2.0.0
2025-07-10 11:39:53,402 [WARN] ConditionMgr:1044 - genDependencies : Invalid condition id : UX DEVICE CLASS RTOS Condition cause : null
2025-07-10 11:39:53,402 [WARN] ConditionMgr:1044 - genDependencies : Invalid condition id : UX DEVICE CLASS RTOS Condition cause : null
2025-07-10 11:39:53,402 [WARN] ConditionMgr:1044 - genDependencies : Invalid condition id : UX DEVICE CLASS RTOS Condition cause : null
2025-07-10 11:39:53,403 [WARN] ConditionMgr:1044 - genDependencies : Invalid condition id : UX DEVICE CLASS RTOS Condition cause : null
2025-07-10 11:39:53,403 [WARN] ConditionMgr:1044 - genDependencies : Invalid condition id : UX DEVICE CLASS RTOS Condition cause : null
2025-07-10 11:39:53,426 [WARN] PackLoader:240 - Cannot read IP mode file for STMicroelectronics.X-CUBE-GNSS1.7.0.1
2025-07-10 11:39:53,448 [WARN] PackLoader:240 - Cannot read IP mode file for STMicroelectronics.X-CUBE-TOUCHGFX.4.25.0
2025-07-10 11:39:53,470 [WARN] PackLoader:240 - Cannot read IP mode file for STMicroelectronics.FP-SNS-STBOX1.2.0.0
2025-07-10 11:39:53,501 [WARN] PackLoader:240 - Cannot read IP mode file for STMicroelectronics.X-CUBE-SUBG2.5.0.0
2025-07-10 11:39:53,555 [WARN] PackLoader:240 - Cannot read IP mode file for STMicroelectronics.X-CUBE-AZRTOS-H7RS.1.1.0
2025-07-10 11:39:53,581 [WARN] PackLoader:240 - Cannot read IP mode file for Cesanta.I-CUBE-Mongoose.7.13.0
2025-07-10 11:39:53,614 [WARN] PackLoader:240 - Cannot read IP mode file for STMicroelectronics.X-CUBE-AZRTOS-G4.2.0.0
2025-07-10 11:39:53,635 [WARN] PackLoader:240 - Cannot read IP mode file for wolfSSL.I-CUBE-wolfSSH.1.4.20
2025-07-10 11:39:53,654 [WARN] PackLoader:240 - Cannot read IP mode file for STMicroelectronics.X-CUBE-NFC7.2.0.0
2025-07-10 11:39:53,682 [WARN] PackLoader:240 - Cannot read IP mode file for STMicroelectronics.X-CUBE-IPS.3.1.0
2025-07-10 11:39:53,708 [WARN] PackLoader:240 - Cannot read IP mode file for STMicroelectronics.X-CUBE-ALS.1.0.2
2025-07-10 11:39:53,729 [WARN] PackLoader:240 - Cannot read IP mode file for portGmbH.I-Cube-SoM-uGOAL.1.1.0
2025-07-10 11:39:53,757 [WARN] PackLoader:240 - Cannot read IP mode file for STMicroelectronics.X-CUBE-TOF1.3.4.3
2025-07-10 11:39:53,767 [INFO] ThirdParty:978 - Integrity check success = true
2025-07-10 11:39:53,767 [INFO] IntegrityCheckThread:100 - exiting critical section [integrity check]
2025-07-10 11:39:53,768 [INFO] IntegrityCheckThread:103 - End integrity checks thread
2025-07-10 11:55:55,294 [ERROR] LogOutputStream:75 - [STDERR_REDIRECT] 
2025-07-10 12:01:48,381 [INFO] Activator:176 - 


2025-07-10 12:01:48,383 [INFO] Activator:177 - !SESSION log4j initialized
2025-07-10 12:01:54,979 [INFO] LogOutputStream:77 - [STDOUT_REDIRECT] 
2025-07-10 12:01:55,967 [INFO] ApplicationProperties:184 - Using Application install path: C:\ST\STM32CubeIDE_1.19.0\STM32CubeIDE\plugins\com.st.stm32cube.common.mx_6.15.0.202507011659
2025-07-10 12:01:55,984 [INFO] DbMcusXml:78 - Set database path to: C:\ST\STM32CubeIDE_1.19.0\STM32CubeIDE\plugins\com.st.stm32cube.common.mx_6.15.0.202507011659\\db\/mcu/
2025-07-10 12:01:55,985 [INFO] ApiDb:274 - Set plugin database path to: C:\ST\STM32CubeIDE_1.19.0\STM32CubeIDE\plugins\com.st.stm32cube.common.mx_6.15.0.202507011659\\db\/plugins/boardmanager/
2025-07-10 12:01:55,985 [WARN] ApiDb:259 - Overriding images path with different value:  => C:\ST\STM32CubeIDE_1.19.0\STM32CubeIDE\plugins\com.st.stm32cube.common.mx_6.15.0.202507011659\\db\/plugins/mcufinder/images/
2025-07-10 12:01:55,991 [INFO] ApiDb:250 - Set database path to: C:\Users\Administrator\.stmcufinder\plugins\mcufinder//mcu/
2025-07-10 12:01:55,992 [INFO] DbMcusAds:125 - Set database path to: C:\Users\Administrator\.stmcufinder\plugins\mcufinder//mcu/
2025-07-10 12:01:55,994 [INFO] CrossReferenceDbSqlite:203 - Set database path to: C:\Users\Administrator\.stmcufinder\plugins\mcufinder//mcu/cs/
2025-07-10 12:01:56,139 [INFO] RulesReader:64 - Compatibility file has been processed (317 Rules)
2025-07-10 12:01:56,229 [INFO] DbMcusXml:78 - Set database path to: C:\ST\STM32CubeIDE_1.19.0\STM32CubeIDE\plugins\com.st.stm32cube.common.mx_6.15.0.202507011659\\db\/mcu/
2025-07-10 12:01:56,229 [INFO] ApiDb:274 - Set plugin database path to: C:\ST\STM32CubeIDE_1.19.0\STM32CubeIDE\plugins\com.st.stm32cube.common.mx_6.15.0.202507011659\\db\/plugins/boardmanager/
2025-07-10 12:01:56,229 [INFO] ApiDb:261 - Set plugin images path to: C:\ST\STM32CubeIDE_1.19.0\STM32CubeIDE\plugins\com.st.stm32cube.common.mx_6.15.0.202507011659\\db\/plugins/mcufinder/images/
2025-07-10 12:01:56,230 [WARN] DbFile:41 - Overriding database path with different value: C:\Users\Administrator\.stmcufinder\plugins\mcufinder/ => C:\Users\Administrator\.stmcufinder\plugins\mcufinder
2025-07-10 12:01:56,230 [INFO] ApiDb:250 - Set database path to: C:\Users\Administrator\.stmcufinder\plugins\mcufinder//mcu/
2025-07-10 12:01:56,230 [WARN] DbFile:41 - Overriding database path with different value: C:\Users\Administrator\.stmcufinder\plugins\mcufinder/ => C:\Users\Administrator\.stmcufinder\plugins\mcufinder
2025-07-10 12:01:56,230 [INFO] DbMcusAds:125 - Set database path to: C:\Users\Administrator\.stmcufinder\plugins\mcufinder//mcu/
2025-07-10 12:01:56,230 [WARN] DbFile:41 - Overriding database path with different value: C:\Users\Administrator\.stmcufinder\plugins\mcufinder/ => C:\Users\Administrator\.stmcufinder\plugins\mcufinder
2025-07-10 12:01:56,230 [WARN] DbFile:41 - Overriding database path with different value: C:\Users\Administrator\.stmcufinder\plugins\mcufinder/ => C:\Users\Administrator\.stmcufinder\plugins\mcufinder
2025-07-10 12:01:56,231 [INFO] CrossReferenceDbSqlite:203 - Set database path to: C:\Users\Administrator\.stmcufinder\plugins\mcufinder//mcu/cs/
2025-07-10 12:01:56,324 [INFO] MainPanel:274 - HeapMemory: 268435456
2025-07-10 12:01:56,427 [INFO] DbMcusXml:78 - Set database path to: C:\ST\STM32CubeIDE_1.19.0\STM32CubeIDE\plugins\com.st.stm32cube.common.mx_6.15.0.202507011659\\db\/mcu/
2025-07-10 12:01:56,427 [INFO] ApiDb:274 - Set plugin database path to: C:\ST\STM32CubeIDE_1.19.0\STM32CubeIDE\plugins\com.st.stm32cube.common.mx_6.15.0.202507011659\\db\/plugins/boardmanager/
2025-07-10 12:01:56,428 [INFO] ApiDb:261 - Set plugin images path to: C:\ST\STM32CubeIDE_1.19.0\STM32CubeIDE\plugins\com.st.stm32cube.common.mx_6.15.0.202507011659\\db\/plugins/mcufinder/images/
2025-07-10 12:01:56,428 [WARN] DbFile:41 - Overriding database path with different value: C:\Users\Administrator\.stmcufinder\plugins\mcufinder/ => C:\Users\Administrator\.stmcufinder\plugins\mcufinder
2025-07-10 12:01:56,428 [INFO] ApiDb:250 - Set database path to: C:\Users\Administrator\.stmcufinder\plugins\mcufinder//mcu/
2025-07-10 12:01:56,428 [WARN] DbFile:41 - Overriding database path with different value: C:\Users\Administrator\.stmcufinder\plugins\mcufinder/ => C:\Users\Administrator\.stmcufinder\plugins\mcufinder
2025-07-10 12:01:56,428 [INFO] DbMcusAds:125 - Set database path to: C:\Users\Administrator\.stmcufinder\plugins\mcufinder//mcu/
2025-07-10 12:01:56,429 [WARN] DbFile:41 - Overriding database path with different value: C:\Users\Administrator\.stmcufinder\plugins\mcufinder/ => C:\Users\Administrator\.stmcufinder\plugins\mcufinder
2025-07-10 12:01:56,429 [WARN] DbFile:41 - Overriding database path with different value: C:\Users\Administrator\.stmcufinder\plugins\mcufinder/ => C:\Users\Administrator\.stmcufinder\plugins\mcufinder
2025-07-10 12:01:56,429 [INFO] CrossReferenceDbSqlite:203 - Set database path to: C:\Users\Administrator\.stmcufinder\plugins\mcufinder//mcu/cs/
2025-07-10 12:01:56,450 [INFO] ApplicationProperties:184 - Using Application install path: C:\ST\STM32CubeIDE_1.19.0\STM32CubeIDE\plugins\com.st.stm32cube.common.mx_6.15.0.202507011659
2025-07-10 12:01:56,451 [INFO] PluginManage:196 - Search for loadable plugins [exclusion list=, ]
2025-07-10 12:01:56,452 [INFO] PluginManage:310 - Check plugin analytics
2025-07-10 12:01:56,652 [INFO] AnalyticsPlugin:253 - Accepted Software Licenses: STM32CubeMX.6.15.0
2025-07-10 12:01:56,652 [INFO] AnalyticsPlugin:255 - Accepted CMSIS Pack Licenses: 
2025-07-10 12:01:56,652 [INFO] AnalyticsPlugin:257 - Accepted Firmware Licenses: 
2025-07-10 12:01:56,655 [INFO] PluginManage:359 - Loaded plugin analytics (category:tool,tabindex:-1)
2025-07-10 12:01:56,656 [INFO] PluginManage:310 - Check plugin cadmodel
2025-07-10 12:01:56,660 [INFO] CADModel:105 - Init CAD model plugin
2025-07-10 12:01:56,660 [INFO] PluginManage:359 - Loaded plugin cadmodel (category:power,tabindex:5)
2025-07-10 12:01:56,660 [INFO] PluginManage:310 - Check plugin clock
2025-07-10 12:01:56,669 [INFO] PluginManage:359 - Loaded plugin clock (category:base,tabindex:2)
2025-07-10 12:01:56,670 [INFO] PluginManage:310 - Check plugin ddr
2025-07-10 12:01:56,672 [INFO] PluginManage:359 - Loaded plugin ddr (category:tool,tabindex:6)
2025-07-10 12:01:56,672 [INFO] PluginManage:310 - Check plugin filemanager
2025-07-10 12:01:56,833 [INFO] PluginManage:359 - Loaded plugin filemanager (category:base,tabindex:10)
2025-07-10 12:01:56,833 [INFO] PluginManage:310 - Check plugin ipmanager
2025-07-10 12:01:56,841 [INFO] PluginManage:359 - Loaded plugin ipmanager (category:base,tabindex:5)
2025-07-10 12:01:56,841 [INFO] PluginManage:310 - Check plugin lpbam
2025-07-10 12:01:56,853 [INFO] PluginManage:359 - Loaded plugin lpbam (category:base,tabindex:0)
2025-07-10 12:01:56,853 [INFO] PluginManage:310 - Check plugin memorymap
2025-07-10 12:01:56,866 [INFO] PluginManage:359 - Loaded plugin memorymap (category:base,tabindex:4)
2025-07-10 12:01:56,866 [INFO] PluginManage:310 - Check plugin pinoutandconfiguration
2025-07-10 12:01:56,875 [INFO] PluginManage:359 - Loaded plugin pinoutandconfiguration (category:base,tabindex:1)
2025-07-10 12:01:56,875 [INFO] PluginManage:310 - Check plugin pinoutconfig
2025-07-10 12:01:56,981 [WARN] SupportedApi:132 - Cannot load RTOS API schema: s4s-elt-must-match.1: The content of 'definitions' must match (annotation?, (simpleType | complexType)?, (unique | key | keyref)*)). A problem was found starting at: attribute.
2025-07-10 12:01:57,145 [INFO] PluginManage:359 - Loaded plugin pinoutconfig (category:base,tabindex:0)
2025-07-10 12:01:57,145 [INFO] PluginManage:310 - Check plugin power
2025-07-10 12:01:57,154 [INFO] PluginManage:359 - Loaded plugin power (category:power,tabindex:4)
2025-07-10 12:01:57,154 [INFO] PluginManage:310 - Check plugin projectmanager
2025-07-10 12:01:57,174 [INFO] PluginManage:359 - Loaded plugin projectmanager (category:projectmanager,tabindex:4)
2025-07-10 12:01:57,175 [INFO] PluginManage:310 - Check plugin rif
2025-07-10 12:01:57,184 [INFO] PluginManage:359 - Loaded plugin rif (category:base,tabindex:3)
2025-07-10 12:01:57,184 [INFO] PluginManage:310 - Check plugin thirdparty
2025-07-10 12:01:57,335 [INFO] PluginManage:359 - Loaded plugin thirdparty (category:base,tabindex:-1)
2025-07-10 12:01:57,335 [WARN] IntegrityCheckThread:84 - waiting for thirdparty lock release [integrity check]
2025-07-10 12:01:57,336 [INFO] PluginManage:310 - Check plugin tools
2025-07-10 12:01:57,336 [INFO] IntegrityCheckThread:86 - entering critical section [integrity check]
2025-07-10 12:01:57,336 [INFO] ThirdPartyUpdaterWithRetryManager:70 - Updater plugin not ready yet. [1/15]
2025-07-10 12:01:57,338 [INFO] PluginManage:359 - Loaded plugin tools (category:base,tabindex:7)
2025-07-10 12:01:57,339 [INFO] PluginManage:310 - Check plugin tutovideos
2025-07-10 12:01:57,568 [INFO] PluginManage:359 - Loaded plugin tutovideos (category:base,tabindex:-1)
2025-07-10 12:01:57,568 [INFO] PluginManage:310 - Check plugin updater
2025-07-10 12:01:57,599 [INFO] PluginManage:359 - Loaded plugin updater (category:base,tabindex:12)
2025-07-10 12:01:57,599 [INFO] PluginManage:310 - Check plugin userauth
2025-07-10 12:01:57,602 [INFO] UserAuth:118 - Init User Auth plugin
2025-07-10 12:01:57,603 [INFO] PluginManage:359 - Loaded plugin userauth (category:base,tabindex:14)
2025-07-10 12:01:57,604 [INFO] PluginManage:283 - PluginManage : Loaded plugins [18]
2025-07-10 12:01:57,843 [INFO] PinOutPanel:1589 - setPackage(No Configuration,No Configuration)
2025-07-10 12:01:57,942 [INFO] CADModel:165 - CPN selected for project level
2025-07-10 12:01:57,942 [INFO] CADModel:114 - Register for checkConnection events
2025-07-10 12:01:57,958 [INFO] IPUIPlugin:80 - create IPUIPlugin
2025-07-10 12:01:57,959 [INFO] PluginManager:220 - loadIPPluginJar : add adc
2025-07-10 12:01:57,961 [INFO] IPUIPlugin:80 - create IPUIPlugin
2025-07-10 12:01:57,961 [INFO] PluginManager:220 - loadIPPluginJar : add aes
2025-07-10 12:01:57,964 [INFO] IPUIPlugin:80 - create IPUIPlugin
2025-07-10 12:01:57,964 [INFO] PluginManager:220 - loadIPPluginJar : add can
2025-07-10 12:01:57,966 [INFO] IPUIPlugin:80 - create IPUIPlugin
2025-07-10 12:01:57,966 [INFO] PluginManager:220 - loadIPPluginJar : add comp
2025-07-10 12:01:57,968 [INFO] IPUIPlugin:80 - create IPUIPlugin
2025-07-10 12:01:57,968 [INFO] PluginManager:220 - loadIPPluginJar : add cryp
2025-07-10 12:01:57,971 [INFO] IPUIPlugin:80 - create IPUIPlugin
2025-07-10 12:01:57,971 [INFO] PluginManager:220 - loadIPPluginJar : add ddr_ctrl_phy
2025-07-10 12:01:57,974 [INFO] IPUIPlugin:80 - create IPUIPlugin
2025-07-10 12:01:57,974 [INFO] PluginManager:220 - loadIPPluginJar : add dfsdm
2025-07-10 12:01:57,979 [INFO] IPUIPlugin:80 - create IPUIPlugin
2025-07-10 12:01:57,980 [INFO] PluginManager:220 - loadIPPluginJar : add dma
2025-07-10 12:01:57,982 [INFO] IPUIPlugin:80 - create IPUIPlugin
2025-07-10 12:01:57,982 [INFO] PluginManager:220 - loadIPPluginJar : add dma3
2025-07-10 12:01:57,985 [INFO] IPUIPlugin:80 - create IPUIPlugin
2025-07-10 12:01:57,985 [INFO] PluginManager:220 - loadIPPluginJar : add extmemmanager
2025-07-10 12:01:57,986 [INFO] IPUIPlugin:80 - create IPUIPlugin
2025-07-10 12:01:57,987 [INFO] PluginManager:220 - loadIPPluginJar : add fatfs
2025-07-10 12:01:57,991 [INFO] IPUIPlugin:80 - create IPUIPlugin
2025-07-10 12:01:57,991 [INFO] PluginManager:220 - loadIPPluginJar : add fmc
2025-07-10 12:01:57,996 [INFO] IPUIPlugin:80 - create IPUIPlugin
2025-07-10 12:01:57,996 [INFO] PluginManager:220 - loadIPPluginJar : add freertos
2025-07-10 12:01:57,997 [INFO] IPUIPlugin:80 - create IPUIPlugin
2025-07-10 12:01:57,998 [INFO] PluginManager:220 - loadIPPluginJar : add genericplugin
2025-07-10 12:01:58,000 [INFO] IPUIPlugin:80 - create IPUIPlugin
2025-07-10 12:01:58,000 [INFO] PluginManager:220 - loadIPPluginJar : add gfxmmu
2025-07-10 12:01:58,004 [INFO] IPUIPlugin:80 - create IPUIPlugin
2025-07-10 12:01:58,004 [INFO] PluginManager:220 - loadIPPluginJar : add gic
2025-07-10 12:01:58,008 [INFO] IPUIPlugin:80 - create IPUIPlugin
2025-07-10 12:01:58,008 [INFO] PluginManager:220 - loadIPPluginJar : add gpio
2025-07-10 12:01:58,016 [INFO] IPUIPlugin:80 - create IPUIPlugin
2025-07-10 12:01:58,016 [INFO] PluginManager:220 - loadIPPluginJar : add gtzc
2025-07-10 12:01:58,022 [INFO] IPUIPlugin:80 - create IPUIPlugin
2025-07-10 12:01:58,022 [INFO] PluginManager:220 - loadIPPluginJar : add hash
2025-07-10 12:01:58,028 [INFO] IPUIPlugin:80 - create IPUIPlugin
2025-07-10 12:01:58,028 [INFO] PluginManager:220 - loadIPPluginJar : add i2c
2025-07-10 12:01:58,033 [INFO] IPUIPlugin:80 - create IPUIPlugin
2025-07-10 12:01:58,034 [INFO] PluginManager:220 - loadIPPluginJar : add i2s
2025-07-10 12:01:58,037 [INFO] IPUIPlugin:80 - create IPUIPlugin
2025-07-10 12:01:58,037 [INFO] PluginManager:220 - loadIPPluginJar : add i3c
2025-07-10 12:01:58,040 [INFO] IPUIPlugin:80 - create IPUIPlugin
2025-07-10 12:01:58,040 [INFO] PluginManager:220 - loadIPPluginJar : add ipddr
2025-07-10 12:01:58,047 [INFO] IPUIPlugin:80 - create IPUIPlugin
2025-07-10 12:01:58,047 [INFO] PluginManager:220 - loadIPPluginJar : add linkedlist
2025-07-10 12:01:58,050 [INFO] IPUIPlugin:80 - create IPUIPlugin
2025-07-10 12:01:58,050 [INFO] PluginManager:220 - loadIPPluginJar : add lorawan
2025-07-10 12:01:58,051 [INFO] IPUIPlugin:80 - create IPUIPlugin
2025-07-10 12:01:58,051 [INFO] PluginManager:220 - loadIPPluginJar : add ltdc
2025-07-10 12:01:58,056 [INFO] IPUIPlugin:80 - create IPUIPlugin
2025-07-10 12:01:58,057 [INFO] PluginManager:220 - loadIPPluginJar : add mdma
2025-07-10 12:01:58,060 [INFO] IPUIPlugin:80 - create IPUIPlugin
2025-07-10 12:01:58,060 [INFO] PluginManager:220 - loadIPPluginJar : add nvic
2025-07-10 12:01:58,063 [INFO] IPUIPlugin:80 - create IPUIPlugin
2025-07-10 12:01:58,063 [INFO] PluginManager:220 - loadIPPluginJar : add opamp
2025-07-10 12:01:58,066 [INFO] IPUIPlugin:80 - create IPUIPlugin
2025-07-10 12:01:58,066 [INFO] PluginManager:220 - loadIPPluginJar : add openamp
2025-07-10 12:01:58,069 [INFO] IPUIPlugin:80 - create IPUIPlugin
2025-07-10 12:01:58,069 [INFO] PluginManager:220 - loadIPPluginJar : add pdm2pcm
2025-07-10 12:01:58,075 [INFO] IPUIPlugin:80 - create IPUIPlugin
2025-07-10 12:01:58,078 [INFO] PluginManager:220 - loadIPPluginJar : add plateformsettings
2025-07-10 12:01:58,079 [INFO] IPUIPlugin:80 - create IPUIPlugin
2025-07-10 12:01:58,079 [INFO] PluginManager:220 - loadIPPluginJar : add quadspi
2025-07-10 12:01:58,081 [INFO] IPUIPlugin:80 - create IPUIPlugin
2025-07-10 12:01:58,082 [INFO] PluginManager:220 - loadIPPluginJar : add radio
2025-07-10 12:01:58,085 [INFO] IPUIPlugin:80 - create IPUIPlugin
2025-07-10 12:01:58,085 [INFO] PluginManager:220 - loadIPPluginJar : add resmgrutility
2025-07-10 12:01:58,088 [INFO] IPUIPlugin:80 - create IPUIPlugin
2025-07-10 12:01:58,088 [INFO] PluginManager:220 - loadIPPluginJar : add sai
2025-07-10 12:01:58,090 [INFO] IPUIPlugin:80 - create IPUIPlugin
2025-07-10 12:01:58,090 [INFO] PluginManager:220 - loadIPPluginJar : add spi
2025-07-10 12:01:58,096 [INFO] IPUIPlugin:80 - create IPUIPlugin
2025-07-10 12:01:58,097 [INFO] PluginManager:220 - loadIPPluginJar : add stm32_wpan
2025-07-10 12:01:58,098 [INFO] IPUIPlugin:80 - create IPUIPlugin
2025-07-10 12:01:58,098 [INFO] PluginManager:220 - loadIPPluginJar : add tim
2025-07-10 12:01:58,102 [INFO] IPUIPlugin:80 - create IPUIPlugin
2025-07-10 12:01:58,102 [INFO] PluginManager:220 - loadIPPluginJar : add touchsensing
2025-07-10 12:01:58,104 [INFO] IPUIPlugin:80 - create IPUIPlugin
2025-07-10 12:01:58,104 [INFO] PluginManager:220 - loadIPPluginJar : add tracer_emb
2025-07-10 12:01:58,106 [INFO] IPUIPlugin:80 - create IPUIPlugin
2025-07-10 12:01:58,106 [INFO] PluginManager:220 - loadIPPluginJar : add ts
2025-07-10 12:01:58,108 [INFO] IPUIPlugin:80 - create IPUIPlugin
2025-07-10 12:01:58,108 [INFO] PluginManager:220 - loadIPPluginJar : add tsc
2025-07-10 12:01:58,110 [INFO] IPUIPlugin:80 - create IPUIPlugin
2025-07-10 12:01:58,110 [INFO] PluginManager:220 - loadIPPluginJar : add ucpd
2025-07-10 12:01:58,112 [INFO] IPUIPlugin:80 - create IPUIPlugin
2025-07-10 12:01:58,113 [INFO] PluginManager:220 - loadIPPluginJar : add usart
2025-07-10 12:01:58,115 [INFO] IPUIPlugin:80 - create IPUIPlugin
2025-07-10 12:01:58,116 [INFO] PluginManager:220 - loadIPPluginJar : add usbx
2025-07-10 12:01:58,258 [FATAL] Updater:351 - Updater called before beeing initialized
2025-07-10 12:01:58,329 [INFO] RulesReader:64 - Compatibility file has been processed (317 Rules)
2025-07-10 12:01:58,350 [INFO] RulesReader:64 - Compatibility file has been processed (317 Rules)
2025-07-10 12:01:58,360 [INFO] CADModel:165 - CPN selected for project level
2025-07-10 12:01:58,361 [INFO] CADModel:114 - Register for checkConnection events
2025-07-10 12:01:58,361 [FATAL] Updater:351 - Updater called before beeing initialized
2025-07-10 12:01:58,361 [ERROR] CADModel:125 - Updater not yet initialized, retry later 
2025-07-10 12:01:58,543 [FATAL] Updater:351 - Updater called before beeing initialized
2025-07-10 12:01:58,545 [INFO] CADModel:165 - CPN selected for project level
2025-07-10 12:01:58,545 [INFO] CADModel:114 - Register for checkConnection events
2025-07-10 12:01:58,545 [FATAL] Updater:351 - Updater called before beeing initialized
2025-07-10 12:01:58,545 [ERROR] CADModel:125 - Updater not yet initialized, retry later 
2025-07-10 12:01:58,550 [FATAL] Updater:351 - Updater called before beeing initialized
2025-07-10 12:01:58,696 [FATAL] Updater:351 - Updater called before beeing initialized
2025-07-10 12:01:58,701 [INFO] DbMcusAds:53 - JSON generation date=Thu Jun 19 15:32:37 ICT 2025 (1750321957418)
2025-07-10 12:01:58,701 [FATAL] Updater:351 - Updater called before beeing initialized
2025-07-10 12:01:58,784 [WARN] DetailPanel:346 - Failed to get advertising image, set to default
2025-07-10 12:01:58,961 [FATAL] Updater:351 - Updater called before beeing initialized
2025-07-10 12:01:58,964 [FATAL] Updater:351 - Updater called before beeing initialized
2025-07-10 12:01:58,964 [FATAL] Updater:351 - Updater called before beeing initialized
2025-07-10 12:01:58,964 [WARN] DetailPanel:346 - Failed to get advertising image, set to default
2025-07-10 12:01:58,966 [FATAL] Updater:351 - Updater called before beeing initialized
2025-07-10 12:01:59,040 [ERROR] Updater:1198 - MainUpdater not yet initialized. External WinMGr cannot be set.
2025-07-10 12:01:59,043 [INFO] Updater:1134 - Updater Version found : 6.15.0
2025-07-10 12:01:59,062 [INFO] ApplicationProperties:184 - Using Application install path: C:\ST\STM32CubeIDE_1.19.0\STM32CubeIDE\plugins\com.st.stm32cube.common.mx_6.15.0.202507011659
2025-07-10 12:01:59,553 [INFO] MainUpdater:2872 - connection check result : 10
2025-07-10 12:01:59,555 [INFO] MainUpdater:289 - Updater Check For Update Now.
2025-07-10 12:01:59,555 [INFO] MicroXplorer:498 - Change Database Version : DB.6.0.150
2025-07-10 12:01:59,566 [INFO] McuFinderGlobals:63 - Set McuFinder mode to 2 (CubeIDE integrated)
2025-07-10 12:01:59,566 [INFO] UserAuth:171 - activating auth plugin
2025-07-10 12:01:59,569 [INFO] UserAuth:487 - Internet connection configuration mode: 1
2025-07-10 12:01:59,589 [INFO] JxBrowserEngine:152 - Initiate JxBrowser Engine with user profile folder
2025-07-10 12:01:59,785 [INFO] CheckServerUpdateThread:120 - End of CheckServer Thread
2025-07-10 12:02:00,313 [INFO] WebApp:169 - Instantiating new browser for Auth
2025-07-10 12:02:00,696 [WARN] PackLoader:240 - Cannot read IP mode file for STMicroelectronics.FP-SNS-MOTENVWB1.1.4.0
2025-07-10 12:02:00,707 [WARN] PackLoader:240 - Cannot read IP mode file for STMicroelectronics.FP-ATR-ASTRA1.2.0.2
2025-07-10 12:02:00,716 [WARN] PackLoader:240 - Cannot read IP mode file for STMicroelectronics.X-CUBE-SMBUS.2.1.0
2025-07-10 12:02:00,723 [WARN] PackLoader:240 - Cannot read IP mode file for STMicroelectronics.X-CUBE-ST60.1.0.0
2025-07-10 12:02:00,765 [WARN] PackLoader:240 - Cannot read IP mode file for STMicroelectronics.X-CUBE-AZRTOS-F7.1.1.0
2025-07-10 12:02:00,824 [WARN] PackLoader:240 - Cannot read IP mode file for Infineon.AIROC-Wi-Fi-Bluetooth-STM32.1.7.1
2025-07-10 12:02:00,865 [WARN] PackLoader:240 - Cannot read IP mode file for STMicroelectronics.X-CUBE-AZRTOS-H7.3.4.0
2025-07-10 12:02:00,882 [WARN] PackLoader:240 - Cannot read IP mode file for STMicroelectronics.X-CUBE-DISPLAY.3.0.0
2025-07-10 12:02:00,900 [WARN] PackLoader:240 - Cannot read IP mode file for STMicroelectronics.X-CUBE-NFC10.1.0.0
2025-07-10 12:02:00,916 [WARN] PackLoader:240 - Cannot read IP mode file for STMicroelectronics.X-CUBE-BLEMGR.4.0.0
2025-07-10 12:02:00,927 [WARN] PackLoader:240 - Cannot read IP mode file for emotas.I-CUBE-CANOPEN.1.3.0
2025-07-10 12:02:00,933 [WARN] ConditionMgr:438 - getConditionDescription Invalid condition id : Cortex-A Device cause : null
2025-07-10 12:02:00,966 [WARN] ConditionMgr:1044 - genDependencies : Invalid condition id : Cortex-A Device cause : null
2025-07-10 12:02:00,967 [WARN] ConditionMgr:1044 - genDependencies : Invalid condition id : Cortex-A Device cause : null
2025-07-10 12:02:00,967 [WARN] ConditionMgr:1044 - genDependencies : Invalid condition id : Cortex-A Device cause : null
2025-07-10 12:02:00,976 [WARN] PackLoader:240 - Cannot read IP mode file for STMicroelectronics.FP-SNS-SMARTAG2.1.2.0
2025-07-10 12:02:00,986 [WARN] PackLoader:240 - Cannot read IP mode file for STMicroelectronics.FP-SNS-FLIGHT1.5.1.0
2025-07-10 12:02:01,003 [INFO] LogOutputStream:77 - [STDOUT_REDIRECT] 1 : Invalid condition id : UX_CORESTACK_Condition cause : null
2025-07-10 12:02:01,004 [INFO] LogOutputStream:77 - [STDOUT_REDIRECT] 1 : Invalid condition id : UX_CORESTACK_Condition cause : null
2025-07-10 12:02:01,006 [INFO] LogOutputStream:77 - [STDOUT_REDIRECT] 1 : Invalid condition id : UX_CORESTACK_Condition cause : null
2025-07-10 12:02:01,009 [INFO] LogOutputStream:77 - [STDOUT_REDIRECT] 1 : Invalid condition id : UX_CORESTACK_Condition cause : null
2025-07-10 12:02:01,011 [INFO] LogOutputStream:77 - [STDOUT_REDIRECT] 1 : Invalid condition id : UX_CORESTACK_Condition cause : null
2025-07-10 12:02:01,016 [WARN] PackLoader:240 - Cannot read IP mode file for STMicroelectronics.X-CUBE-AZRTOS-WL.2.0.0
2025-07-10 12:02:01,034 [WARN] PackLoader:240 - Cannot read IP mode file for STMicroelectronics.FP-SNS-MOTENV1.5.0.0
2025-07-10 12:02:01,051 [WARN] PackLoader:240 - Cannot read IP mode file for WES.I-CUBE-Cesium.1.3.0
2025-07-10 12:02:01,058 [WARN] PackLoader:240 - Cannot read IP mode file for STMicroelectronics.X-CUBE-BLE2.3.3.0
2025-07-10 12:02:01,066 [WARN] PackLoader:240 - Cannot read IP mode file for STMicroelectronics.X-CUBE-NFC9.1.0.0
2025-07-10 12:02:01,075 [WARN] PackLoader:240 - Cannot read IP mode file for wolfSSL.I-CUBE-wolfSSL.5.8.0
2025-07-10 12:02:01,082 [WARN] PackLoader:240 - Cannot read IP mode file for STMicroelectronics.X-CUBE-BLE1.7.1.0
2025-07-10 12:02:01,087 [WARN] PackLoader:240 - Cannot read IP mode file for wolfSSL.I-CUBE-wolfMQTT.1.19.2
2025-07-10 12:02:01,092 [WARN] PackLoader:240 - Cannot read IP mode file for STMicroelectronics.X-CUBE-AI.10.1.0
2025-07-10 12:02:01,112 [WARN] PackLoader:240 - Cannot read IP mode file for STMicroelectronics.X-CUBE-AZRTOS-G0.1.1.0
2025-07-10 12:02:01,123 [WARN] PackLoader:240 - Cannot read IP mode file for STMicroelectronics.X-CUBE-SAFEA1.1.2.2
2025-07-10 12:02:01,131 [WARN] PackLoader:240 - Cannot read IP mode file for STMicroelectronics.X-CUBE-NFC4.3.0.0
2025-07-10 12:02:01,145 [WARN] PackLoader:240 - Cannot read IP mode file for EmbeddedOffice.I-CUBE-FS-RTOS.1.0.1
2025-07-10 12:02:01,153 [WARN] PackLoader:240 - Cannot read IP mode file for STMicroelectronics.X-CUBE-WB05N.2.0.0
2025-07-10 12:02:01,159 [WARN] PackLoader:240 - Cannot read IP mode file for wolfSSL.I-CUBE-wolfTPM.3.8.0
2025-07-10 12:02:01,166 [WARN] PackLoader:240 - Cannot read IP mode file for STMicroelectronics.X-CUBE-TCPP.4.2.0
2025-07-10 12:02:01,174 [WARN] PackLoader:240 - Cannot read IP mode file for RealThread.X-CUBE-RT-Thread_Nano.4.1.1
2025-07-10 12:02:01,179 [WARN] PackLoader:240 - Cannot read IP mode file for STMicroelectronics.FP-ATR-SIGFOX1.3.2.0
2025-07-10 12:02:01,182 [INFO] WebApp:463 - Apply proxy settings
2025-07-10 12:02:01,183 [INFO] WebApp:548 - Chromium requires no authentication
2025-07-10 12:02:01,187 [WARN] PackLoader:240 - Cannot read IP mode file for STMicroelectronics.X-CUBE-EEPRMA1.5.1.0
2025-07-10 12:02:01,192 [INFO] WebApp:491 - Direct internet connection detected
2025-07-10 12:02:01,197 [WARN] PackLoader:240 - Cannot read IP mode file for ITTIA_DB.I-CUBE-ITTIADB.8.9.0
2025-07-10 12:02:01,213 [WARN] PackLoader:240 - Cannot read IP mode file for STMicroelectronics.X-CUBE-ST67W61.1.0.0
2025-07-10 12:02:01,231 [INFO] WebApp:900 - Register for checkConnection events
2025-07-10 12:02:01,231 [INFO] WebApp:463 - Apply proxy settings
2025-07-10 12:02:01,231 [INFO] WebApp:548 - Chromium requires no authentication
2025-07-10 12:02:01,232 [INFO] WebApp:491 - Direct internet connection detected
2025-07-10 12:02:01,252 [WARN] PackLoader:240 - Cannot read IP mode file for SEGGER.I-CUBE-embOS.1.3.1
2025-07-10 12:02:01,309 [WARN] PackLoader:240 - Cannot read IP mode file for STMicroelectronics.X-CUBE-ALGOBUILD.1.4.0
2025-07-10 12:02:01,363 [WARN] PackLoader:240 - Cannot read IP mode file for STMicroelectronics.X-CUBE-MEMS1.11.3.0
2025-07-10 12:02:01,428 [INFO] WebApp:191 - Connection restablished
2025-07-10 12:02:01,570 [INFO] WebApp:225 - Starting web application
2025-07-10 12:02:01,570 [INFO] WebApp:593 - Web application path used C:\ST\STM32CubeIDE_1.19.0\STM32CubeIDE\plugins\com.st.stm32cube.common.mx_6.15.0.202507011659\db\plugins\mcufinder\reactClient1\index.html
2025-07-10 12:02:01,593 [WARN] PackLoader:240 - Cannot read IP mode file for STMicroelectronics.X-CUBE-PM33A1.1.0.0
2025-07-10 12:02:01,612 [WARN] PackLoader:240 - Cannot read IP mode file for STMicroelectronics.X-CUBE-AZRTOS-F4.1.1.0
2025-07-10 12:02:01,620 [WARN] PackLoader:240 - Cannot read IP mode file for STMicroelectronics.X-CUBE-ISPU.2.1.0
2025-07-10 12:02:01,639 [WARN] PackLoader:240 - Cannot read IP mode file for STMicroelectronics.X-CUBE-AZRTOS-L5.2.0.0
2025-07-10 12:02:01,653 [WARN] PackLoader:240 - Cannot read IP mode file for STMicroelectronics.X-CUBE-NFC6.3.1.0
2025-07-10 12:02:01,667 [WARN] PackLoader:240 - Cannot read IP mode file for STMicroelectronics.X-CUBE-FREERTOS.1.3.1
2025-07-10 12:02:01,674 [WARN] PackLoader:240 - Cannot read IP mode file for STMicroelectronics.FP-SNS-STAIOTCFT.1.0.0
2025-07-10 12:02:01,684 [WARN] PackLoader:240 - Cannot read IP mode file for STMicroelectronics.X-CUBE-DPower.1.3.0
2025-07-10 12:02:01,709 [WARN] ConditionMgr:438 - getConditionDescription Invalid condition id : LAN8742 Phy interface Condition cause : null
2025-07-10 12:02:01,711 [WARN] PackLoader:240 - Cannot read IP mode file for STMicroelectronics.X-CUBE-AZRTOS-L4.2.0.0
2025-07-10 12:02:01,713 [WARN] ConditionMgr:1044 - genDependencies : Invalid condition id : LAN8742 Phy interface Condition cause : null
2025-07-10 12:02:01,713 [WARN] ConditionMgr:1044 - genDependencies : Invalid condition id : LAN8742 Phy interface Condition cause : null
2025-07-10 12:02:01,714 [WARN] ConditionMgr:1044 - genDependencies : Invalid condition id : LAN8742 Phy interface Condition cause : null
2025-07-10 12:02:01,725 [WARN] PackLoader:240 - Cannot read IP mode file for STMicroelectronics.X-CUBE-SFXS2LP1.4.0.0
2025-07-10 12:02:01,741 [WARN] ConditionMgr:438 - getConditionDescription Invalid condition id : UX DEVICE CLASS RTOS Condition cause : null
2025-07-10 12:02:01,741 [WARN] ConditionMgr:438 - getConditionDescription Invalid condition id : UX DEVICE CLASS RTOS Condition cause : null
2025-07-10 12:02:01,744 [WARN] PackLoader:240 - Cannot read IP mode file for STMicroelectronics.X-CUBE-AZRTOS-WB.2.0.0
2025-07-10 12:02:01,744 [WARN] ConditionMgr:1044 - genDependencies : Invalid condition id : UX DEVICE CLASS RTOS Condition cause : null
2025-07-10 12:02:01,745 [WARN] ConditionMgr:1044 - genDependencies : Invalid condition id : UX DEVICE CLASS RTOS Condition cause : null
2025-07-10 12:02:01,745 [WARN] ConditionMgr:1044 - genDependencies : Invalid condition id : UX DEVICE CLASS RTOS Condition cause : null
2025-07-10 12:02:01,745 [WARN] ConditionMgr:1044 - genDependencies : Invalid condition id : UX DEVICE CLASS RTOS Condition cause : null
2025-07-10 12:02:01,746 [WARN] ConditionMgr:1044 - genDependencies : Invalid condition id : UX DEVICE CLASS RTOS Condition cause : null
2025-07-10 12:02:01,753 [WARN] PackLoader:240 - Cannot read IP mode file for STMicroelectronics.X-CUBE-GNSS1.7.0.1
2025-07-10 12:02:01,759 [WARN] PackLoader:240 - Cannot read IP mode file for STMicroelectronics.X-CUBE-TOUCHGFX.4.25.0
2025-07-10 12:02:01,766 [WARN] PackLoader:240 - Cannot read IP mode file for STMicroelectronics.FP-SNS-STBOX1.2.0.0
2025-07-10 12:02:01,784 [WARN] PackLoader:240 - Cannot read IP mode file for STMicroelectronics.X-CUBE-SUBG2.5.0.0
2025-07-10 12:02:01,811 [WARN] PackLoader:240 - Cannot read IP mode file for STMicroelectronics.X-CUBE-AZRTOS-H7RS.1.1.0
2025-07-10 12:02:01,821 [WARN] PackLoader:240 - Cannot read IP mode file for Cesanta.I-CUBE-Mongoose.7.13.0
2025-07-10 12:02:01,836 [WARN] PackLoader:240 - Cannot read IP mode file for STMicroelectronics.X-CUBE-AZRTOS-G4.2.0.0
2025-07-10 12:02:01,842 [WARN] PackLoader:240 - Cannot read IP mode file for wolfSSL.I-CUBE-wolfSSH.1.4.20
2025-07-10 12:02:01,848 [WARN] PackLoader:240 - Cannot read IP mode file for STMicroelectronics.X-CUBE-NFC7.2.0.0
2025-07-10 12:02:01,863 [WARN] PackLoader:240 - Cannot read IP mode file for STMicroelectronics.X-CUBE-IPS.3.1.0
2025-07-10 12:02:01,878 [WARN] PackLoader:240 - Cannot read IP mode file for STMicroelectronics.X-CUBE-ALS.1.0.2
2025-07-10 12:02:01,884 [WARN] PackLoader:240 - Cannot read IP mode file for portGmbH.I-Cube-SoM-uGOAL.1.1.0
2025-07-10 12:02:01,898 [WARN] PackLoader:240 - Cannot read IP mode file for STMicroelectronics.X-CUBE-TOF1.3.4.3
2025-07-10 12:02:01,914 [INFO] ThirdParty:978 - Integrity check success = true
2025-07-10 12:02:01,914 [INFO] IntegrityCheckThread:100 - exiting critical section [integrity check]
2025-07-10 12:02:01,914 [INFO] IntegrityCheckThread:103 - End integrity checks thread
2025-07-10 16:03:46,987 [INFO] Activator:176 - 


2025-07-10 16:03:46,991 [INFO] Activator:177 - !SESSION log4j initialized
2025-07-10 16:03:56,136 [INFO] LogOutputStream:77 - [STDOUT_REDIRECT] 
2025-07-10 16:03:59,480 [INFO] ApplicationProperties:184 - Using Application install path: C:\ST\STM32CubeIDE_1.19.0\STM32CubeIDE\plugins\com.st.stm32cube.common.mx_6.15.0.202507011659
2025-07-10 16:03:59,508 [INFO] DbMcusXml:78 - Set database path to: C:\ST\STM32CubeIDE_1.19.0\STM32CubeIDE\plugins\com.st.stm32cube.common.mx_6.15.0.202507011659\\db\/mcu/
2025-07-10 16:03:59,508 [INFO] ApiDb:274 - Set plugin database path to: C:\ST\STM32CubeIDE_1.19.0\STM32CubeIDE\plugins\com.st.stm32cube.common.mx_6.15.0.202507011659\\db\/plugins/boardmanager/
2025-07-10 16:03:59,508 [WARN] ApiDb:259 - Overriding images path with different value:  => C:\ST\STM32CubeIDE_1.19.0\STM32CubeIDE\plugins\com.st.stm32cube.common.mx_6.15.0.202507011659\\db\/plugins/mcufinder/images/
2025-07-10 16:03:59,531 [INFO] ApiDb:250 - Set database path to: C:\Users\Administrator\.stmcufinder\plugins\mcufinder//mcu/
2025-07-10 16:03:59,533 [INFO] DbMcusAds:125 - Set database path to: C:\Users\Administrator\.stmcufinder\plugins\mcufinder//mcu/
2025-07-10 16:03:59,536 [INFO] CrossReferenceDbSqlite:203 - Set database path to: C:\Users\Administrator\.stmcufinder\plugins\mcufinder//mcu/cs/
2025-07-10 16:03:59,714 [INFO] RulesReader:64 - Compatibility file has been processed (317 Rules)
2025-07-10 16:03:59,833 [INFO] DbMcusXml:78 - Set database path to: C:\ST\STM32CubeIDE_1.19.0\STM32CubeIDE\plugins\com.st.stm32cube.common.mx_6.15.0.202507011659\\db\/mcu/
2025-07-10 16:03:59,833 [INFO] ApiDb:274 - Set plugin database path to: C:\ST\STM32CubeIDE_1.19.0\STM32CubeIDE\plugins\com.st.stm32cube.common.mx_6.15.0.202507011659\\db\/plugins/boardmanager/
2025-07-10 16:03:59,833 [INFO] ApiDb:261 - Set plugin images path to: C:\ST\STM32CubeIDE_1.19.0\STM32CubeIDE\plugins\com.st.stm32cube.common.mx_6.15.0.202507011659\\db\/plugins/mcufinder/images/
2025-07-10 16:03:59,834 [WARN] DbFile:41 - Overriding database path with different value: C:\Users\Administrator\.stmcufinder\plugins\mcufinder/ => C:\Users\Administrator\.stmcufinder\plugins\mcufinder
2025-07-10 16:03:59,834 [INFO] ApiDb:250 - Set database path to: C:\Users\Administrator\.stmcufinder\plugins\mcufinder//mcu/
2025-07-10 16:03:59,834 [WARN] DbFile:41 - Overriding database path with different value: C:\Users\Administrator\.stmcufinder\plugins\mcufinder/ => C:\Users\Administrator\.stmcufinder\plugins\mcufinder
2025-07-10 16:03:59,834 [INFO] DbMcusAds:125 - Set database path to: C:\Users\Administrator\.stmcufinder\plugins\mcufinder//mcu/
2025-07-10 16:03:59,834 [WARN] DbFile:41 - Overriding database path with different value: C:\Users\Administrator\.stmcufinder\plugins\mcufinder/ => C:\Users\Administrator\.stmcufinder\plugins\mcufinder
2025-07-10 16:03:59,834 [WARN] DbFile:41 - Overriding database path with different value: C:\Users\Administrator\.stmcufinder\plugins\mcufinder/ => C:\Users\Administrator\.stmcufinder\plugins\mcufinder
2025-07-10 16:03:59,835 [INFO] CrossReferenceDbSqlite:203 - Set database path to: C:\Users\Administrator\.stmcufinder\plugins\mcufinder//mcu/cs/
2025-07-10 16:03:59,943 [INFO] MainPanel:274 - HeapMemory: 268435456
2025-07-10 16:04:00,102 [INFO] DbMcusXml:78 - Set database path to: C:\ST\STM32CubeIDE_1.19.0\STM32CubeIDE\plugins\com.st.stm32cube.common.mx_6.15.0.202507011659\\db\/mcu/
2025-07-10 16:04:00,103 [INFO] ApiDb:274 - Set plugin database path to: C:\ST\STM32CubeIDE_1.19.0\STM32CubeIDE\plugins\com.st.stm32cube.common.mx_6.15.0.202507011659\\db\/plugins/boardmanager/
2025-07-10 16:04:00,103 [INFO] ApiDb:261 - Set plugin images path to: C:\ST\STM32CubeIDE_1.19.0\STM32CubeIDE\plugins\com.st.stm32cube.common.mx_6.15.0.202507011659\\db\/plugins/mcufinder/images/
2025-07-10 16:04:00,103 [WARN] DbFile:41 - Overriding database path with different value: C:\Users\Administrator\.stmcufinder\plugins\mcufinder/ => C:\Users\Administrator\.stmcufinder\plugins\mcufinder
2025-07-10 16:04:00,103 [INFO] ApiDb:250 - Set database path to: C:\Users\Administrator\.stmcufinder\plugins\mcufinder//mcu/
2025-07-10 16:04:00,104 [WARN] DbFile:41 - Overriding database path with different value: C:\Users\Administrator\.stmcufinder\plugins\mcufinder/ => C:\Users\Administrator\.stmcufinder\plugins\mcufinder
2025-07-10 16:04:00,104 [INFO] DbMcusAds:125 - Set database path to: C:\Users\Administrator\.stmcufinder\plugins\mcufinder//mcu/
2025-07-10 16:04:00,104 [WARN] DbFile:41 - Overriding database path with different value: C:\Users\Administrator\.stmcufinder\plugins\mcufinder/ => C:\Users\Administrator\.stmcufinder\plugins\mcufinder
2025-07-10 16:04:00,104 [WARN] DbFile:41 - Overriding database path with different value: C:\Users\Administrator\.stmcufinder\plugins\mcufinder/ => C:\Users\Administrator\.stmcufinder\plugins\mcufinder
2025-07-10 16:04:00,104 [INFO] CrossReferenceDbSqlite:203 - Set database path to: C:\Users\Administrator\.stmcufinder\plugins\mcufinder//mcu/cs/
2025-07-10 16:04:00,132 [INFO] ApplicationProperties:184 - Using Application install path: C:\ST\STM32CubeIDE_1.19.0\STM32CubeIDE\plugins\com.st.stm32cube.common.mx_6.15.0.202507011659
2025-07-10 16:04:00,134 [INFO] PluginManage:196 - Search for loadable plugins [exclusion list=, ]
2025-07-10 16:04:00,137 [INFO] PluginManage:310 - Check plugin analytics
2025-07-10 16:04:00,380 [INFO] AnalyticsPlugin:253 - Accepted Software Licenses: STM32CubeMX.6.15.0
2025-07-10 16:04:00,381 [INFO] AnalyticsPlugin:255 - Accepted CMSIS Pack Licenses: 
2025-07-10 16:04:00,381 [INFO] AnalyticsPlugin:257 - Accepted Firmware Licenses: 
2025-07-10 16:04:00,385 [INFO] PluginManage:359 - Loaded plugin analytics (category:tool,tabindex:-1)
2025-07-10 16:04:00,386 [INFO] PluginManage:310 - Check plugin cadmodel
2025-07-10 16:04:00,415 [INFO] CADModel:105 - Init CAD model plugin
2025-07-10 16:04:00,416 [INFO] PluginManage:359 - Loaded plugin cadmodel (category:power,tabindex:5)
2025-07-10 16:04:00,416 [INFO] PluginManage:310 - Check plugin clock
2025-07-10 16:04:00,452 [INFO] PluginManage:359 - Loaded plugin clock (category:base,tabindex:2)
2025-07-10 16:04:00,452 [INFO] PluginManage:310 - Check plugin ddr
2025-07-10 16:04:00,455 [INFO] PluginManage:359 - Loaded plugin ddr (category:tool,tabindex:6)
2025-07-10 16:04:00,455 [INFO] PluginManage:310 - Check plugin filemanager
2025-07-10 16:04:00,676 [INFO] PluginManage:359 - Loaded plugin filemanager (category:base,tabindex:10)
2025-07-10 16:04:00,676 [INFO] PluginManage:310 - Check plugin ipmanager
2025-07-10 16:04:00,686 [INFO] PluginManage:359 - Loaded plugin ipmanager (category:base,tabindex:5)
2025-07-10 16:04:00,686 [INFO] PluginManage:310 - Check plugin lpbam
2025-07-10 16:04:00,725 [INFO] PluginManage:359 - Loaded plugin lpbam (category:base,tabindex:0)
2025-07-10 16:04:00,726 [INFO] PluginManage:310 - Check plugin memorymap
2025-07-10 16:04:00,763 [INFO] PluginManage:359 - Loaded plugin memorymap (category:base,tabindex:4)
2025-07-10 16:04:00,763 [INFO] PluginManage:310 - Check plugin pinoutandconfiguration
2025-07-10 16:04:00,794 [INFO] PluginManage:359 - Loaded plugin pinoutandconfiguration (category:base,tabindex:1)
2025-07-10 16:04:00,794 [INFO] PluginManage:310 - Check plugin pinoutconfig
2025-07-10 16:04:00,953 [WARN] SupportedApi:132 - Cannot load RTOS API schema: s4s-elt-must-match.1: The content of 'definitions' must match (annotation?, (simpleType | complexType)?, (unique | key | keyref)*)). A problem was found starting at: attribute.
2025-07-10 16:04:01,152 [INFO] PluginManage:359 - Loaded plugin pinoutconfig (category:base,tabindex:0)
2025-07-10 16:04:01,152 [INFO] PluginManage:310 - Check plugin power
2025-07-10 16:04:01,184 [INFO] PluginManage:359 - Loaded plugin power (category:power,tabindex:4)
2025-07-10 16:04:01,185 [INFO] PluginManage:310 - Check plugin projectmanager
2025-07-10 16:04:01,208 [INFO] PluginManage:359 - Loaded plugin projectmanager (category:projectmanager,tabindex:4)
2025-07-10 16:04:01,208 [INFO] PluginManage:310 - Check plugin rif
2025-07-10 16:04:01,240 [INFO] PluginManage:359 - Loaded plugin rif (category:base,tabindex:3)
2025-07-10 16:04:01,240 [INFO] PluginManage:310 - Check plugin thirdparty
2025-07-10 16:04:01,709 [INFO] PluginManage:359 - Loaded plugin thirdparty (category:base,tabindex:-1)
2025-07-10 16:04:01,709 [INFO] PluginManage:310 - Check plugin tools
2025-07-10 16:04:01,709 [WARN] IntegrityCheckThread:84 - waiting for thirdparty lock release [integrity check]
2025-07-10 16:04:01,710 [INFO] IntegrityCheckThread:86 - entering critical section [integrity check]
2025-07-10 16:04:01,710 [INFO] ThirdPartyUpdaterWithRetryManager:70 - Updater plugin not ready yet. [1/15]
2025-07-10 16:04:01,778 [INFO] PluginManage:359 - Loaded plugin tools (category:base,tabindex:7)
2025-07-10 16:04:01,778 [INFO] PluginManage:310 - Check plugin tutovideos
2025-07-10 16:04:02,117 [INFO] PluginManage:359 - Loaded plugin tutovideos (category:base,tabindex:-1)
2025-07-10 16:04:02,117 [INFO] PluginManage:310 - Check plugin updater
2025-07-10 16:04:02,160 [INFO] PluginManage:359 - Loaded plugin updater (category:base,tabindex:12)
2025-07-10 16:04:02,160 [INFO] PluginManage:310 - Check plugin userauth
2025-07-10 16:04:02,165 [INFO] UserAuth:118 - Init User Auth plugin
2025-07-10 16:04:02,166 [INFO] PluginManage:359 - Loaded plugin userauth (category:base,tabindex:14)
2025-07-10 16:04:02,167 [INFO] PluginManage:283 - PluginManage : Loaded plugins [18]
2025-07-10 16:04:02,471 [INFO] PinOutPanel:1589 - setPackage(No Configuration,No Configuration)
2025-07-10 16:04:02,606 [INFO] CADModel:165 - CPN selected for project level
2025-07-10 16:04:02,606 [INFO] CADModel:114 - Register for checkConnection events
2025-07-10 16:04:02,648 [INFO] IPUIPlugin:80 - create IPUIPlugin
2025-07-10 16:04:02,648 [INFO] PluginManager:220 - loadIPPluginJar : add adc
2025-07-10 16:04:02,728 [INFO] IPUIPlugin:80 - create IPUIPlugin
2025-07-10 16:04:02,728 [INFO] PluginManager:220 - loadIPPluginJar : add aes
2025-07-10 16:04:02,812 [INFO] IPUIPlugin:80 - create IPUIPlugin
2025-07-10 16:04:02,812 [INFO] PluginManager:220 - loadIPPluginJar : add can
2025-07-10 16:04:02,860 [INFO] IPUIPlugin:80 - create IPUIPlugin
2025-07-10 16:04:02,860 [INFO] PluginManager:220 - loadIPPluginJar : add comp
2025-07-10 16:04:02,922 [INFO] IPUIPlugin:80 - create IPUIPlugin
2025-07-10 16:04:02,922 [INFO] PluginManager:220 - loadIPPluginJar : add cryp
2025-07-10 16:04:02,953 [INFO] IPUIPlugin:80 - create IPUIPlugin
2025-07-10 16:04:02,953 [INFO] PluginManager:220 - loadIPPluginJar : add ddr_ctrl_phy
2025-07-10 16:04:03,011 [INFO] IPUIPlugin:80 - create IPUIPlugin
2025-07-10 16:04:03,011 [INFO] PluginManager:220 - loadIPPluginJar : add dfsdm
2025-07-10 16:04:03,035 [INFO] IPUIPlugin:80 - create IPUIPlugin
2025-07-10 16:04:03,036 [INFO] PluginManager:220 - loadIPPluginJar : add dma
2025-07-10 16:04:03,110 [INFO] IPUIPlugin:80 - create IPUIPlugin
2025-07-10 16:04:03,110 [INFO] PluginManager:220 - loadIPPluginJar : add dma3
2025-07-10 16:04:03,209 [INFO] IPUIPlugin:80 - create IPUIPlugin
2025-07-10 16:04:03,210 [INFO] PluginManager:220 - loadIPPluginJar : add extmemmanager
2025-07-10 16:04:03,255 [INFO] IPUIPlugin:80 - create IPUIPlugin
2025-07-10 16:04:03,255 [INFO] PluginManager:220 - loadIPPluginJar : add fatfs
2025-07-10 16:04:03,347 [INFO] IPUIPlugin:80 - create IPUIPlugin
2025-07-10 16:04:03,347 [INFO] PluginManager:220 - loadIPPluginJar : add fmc
2025-07-10 16:04:03,374 [INFO] IPUIPlugin:80 - create IPUIPlugin
2025-07-10 16:04:03,374 [INFO] PluginManager:220 - loadIPPluginJar : add freertos
2025-07-10 16:04:03,415 [INFO] IPUIPlugin:80 - create IPUIPlugin
2025-07-10 16:04:03,416 [INFO] PluginManager:220 - loadIPPluginJar : add genericplugin
2025-07-10 16:04:03,587 [INFO] IPUIPlugin:80 - create IPUIPlugin
2025-07-10 16:04:03,587 [INFO] PluginManager:220 - loadIPPluginJar : add gfxmmu
2025-07-10 16:04:03,827 [INFO] IPUIPlugin:80 - create IPUIPlugin
2025-07-10 16:04:03,827 [INFO] PluginManager:220 - loadIPPluginJar : add gic
2025-07-10 16:04:03,853 [INFO] IPUIPlugin:80 - create IPUIPlugin
2025-07-10 16:04:03,854 [INFO] PluginManager:220 - loadIPPluginJar : add gpio
2025-07-10 16:04:04,027 [INFO] IPUIPlugin:80 - create IPUIPlugin
2025-07-10 16:04:04,028 [INFO] PluginManager:220 - loadIPPluginJar : add gtzc
2025-07-10 16:04:04,093 [INFO] IPUIPlugin:80 - create IPUIPlugin
2025-07-10 16:04:04,094 [INFO] PluginManager:220 - loadIPPluginJar : add hash
2025-07-10 16:04:04,188 [INFO] IPUIPlugin:80 - create IPUIPlugin
2025-07-10 16:04:04,188 [INFO] PluginManager:220 - loadIPPluginJar : add i2c
2025-07-10 16:04:04,265 [INFO] IPUIPlugin:80 - create IPUIPlugin
2025-07-10 16:04:04,266 [INFO] PluginManager:220 - loadIPPluginJar : add i2s
2025-07-10 16:04:04,351 [INFO] IPUIPlugin:80 - create IPUIPlugin
2025-07-10 16:04:04,351 [INFO] PluginManager:220 - loadIPPluginJar : add i3c
2025-07-10 16:04:04,560 [INFO] IPUIPlugin:80 - create IPUIPlugin
2025-07-10 16:04:04,560 [INFO] PluginManager:220 - loadIPPluginJar : add ipddr
2025-07-10 16:04:04,712 [INFO] ThirdPartyUpdaterWithRetryManager:70 - Updater plugin not ready yet. [2/15]
2025-07-10 16:04:04,732 [INFO] IPUIPlugin:80 - create IPUIPlugin
2025-07-10 16:04:04,733 [INFO] PluginManager:220 - loadIPPluginJar : add linkedlist
2025-07-10 16:04:04,804 [INFO] IPUIPlugin:80 - create IPUIPlugin
2025-07-10 16:04:04,805 [INFO] PluginManager:220 - loadIPPluginJar : add lorawan
2025-07-10 16:04:04,879 [INFO] IPUIPlugin:80 - create IPUIPlugin
2025-07-10 16:04:04,879 [INFO] PluginManager:220 - loadIPPluginJar : add ltdc
2025-07-10 16:04:04,910 [INFO] IPUIPlugin:80 - create IPUIPlugin
2025-07-10 16:04:04,911 [INFO] PluginManager:220 - loadIPPluginJar : add mdma
2025-07-10 16:04:04,942 [INFO] IPUIPlugin:80 - create IPUIPlugin
2025-07-10 16:04:04,942 [INFO] PluginManager:220 - loadIPPluginJar : add nvic
2025-07-10 16:04:05,016 [INFO] IPUIPlugin:80 - create IPUIPlugin
2025-07-10 16:04:05,016 [INFO] PluginManager:220 - loadIPPluginJar : add opamp
2025-07-10 16:04:05,133 [INFO] IPUIPlugin:80 - create IPUIPlugin
2025-07-10 16:04:05,133 [INFO] PluginManager:220 - loadIPPluginJar : add openamp
2025-07-10 16:04:05,216 [INFO] IPUIPlugin:80 - create IPUIPlugin
2025-07-10 16:04:05,216 [INFO] PluginManager:220 - loadIPPluginJar : add pdm2pcm
2025-07-10 16:04:05,241 [INFO] IPUIPlugin:80 - create IPUIPlugin
2025-07-10 16:04:05,245 [INFO] PluginManager:220 - loadIPPluginJar : add plateformsettings
2025-07-10 16:04:05,288 [INFO] IPUIPlugin:80 - create IPUIPlugin
2025-07-10 16:04:05,289 [INFO] PluginManager:220 - loadIPPluginJar : add quadspi
2025-07-10 16:04:05,337 [INFO] IPUIPlugin:80 - create IPUIPlugin
2025-07-10 16:04:05,339 [INFO] PluginManager:220 - loadIPPluginJar : add radio
2025-07-10 16:04:05,362 [INFO] IPUIPlugin:80 - create IPUIPlugin
2025-07-10 16:04:05,362 [INFO] PluginManager:220 - loadIPPluginJar : add resmgrutility
2025-07-10 16:04:05,457 [INFO] IPUIPlugin:80 - create IPUIPlugin
2025-07-10 16:04:05,458 [INFO] PluginManager:220 - loadIPPluginJar : add sai
2025-07-10 16:04:05,526 [INFO] IPUIPlugin:80 - create IPUIPlugin
2025-07-10 16:04:05,526 [INFO] PluginManager:220 - loadIPPluginJar : add spi
2025-07-10 16:04:05,686 [INFO] IPUIPlugin:80 - create IPUIPlugin
2025-07-10 16:04:05,687 [INFO] PluginManager:220 - loadIPPluginJar : add stm32_wpan
2025-07-10 16:04:05,741 [INFO] IPUIPlugin:80 - create IPUIPlugin
2025-07-10 16:04:05,741 [INFO] PluginManager:220 - loadIPPluginJar : add tim
2025-07-10 16:04:05,855 [INFO] IPUIPlugin:80 - create IPUIPlugin
2025-07-10 16:04:05,856 [INFO] PluginManager:220 - loadIPPluginJar : add touchsensing
2025-07-10 16:04:05,898 [INFO] IPUIPlugin:80 - create IPUIPlugin
2025-07-10 16:04:05,898 [INFO] PluginManager:220 - loadIPPluginJar : add tracer_emb
2025-07-10 16:04:05,943 [INFO] IPUIPlugin:80 - create IPUIPlugin
2025-07-10 16:04:05,943 [INFO] PluginManager:220 - loadIPPluginJar : add ts
2025-07-10 16:04:05,988 [INFO] IPUIPlugin:80 - create IPUIPlugin
2025-07-10 16:04:05,988 [INFO] PluginManager:220 - loadIPPluginJar : add tsc
2025-07-10 16:04:06,031 [INFO] IPUIPlugin:80 - create IPUIPlugin
2025-07-10 16:04:06,031 [INFO] PluginManager:220 - loadIPPluginJar : add ucpd
2025-07-10 16:04:06,122 [INFO] IPUIPlugin:80 - create IPUIPlugin
2025-07-10 16:04:06,122 [INFO] PluginManager:220 - loadIPPluginJar : add usart
2025-07-10 16:04:06,208 [INFO] IPUIPlugin:80 - create IPUIPlugin
2025-07-10 16:04:06,209 [INFO] PluginManager:220 - loadIPPluginJar : add usbx
2025-07-10 16:04:06,381 [FATAL] Updater:351 - Updater called before beeing initialized
2025-07-10 16:04:06,423 [INFO] RulesReader:64 - Compatibility file has been processed (317 Rules)
2025-07-10 16:04:06,446 [INFO] RulesReader:64 - Compatibility file has been processed (317 Rules)
2025-07-10 16:04:06,457 [INFO] CADModel:165 - CPN selected for project level
2025-07-10 16:04:06,457 [INFO] CADModel:114 - Register for checkConnection events
2025-07-10 16:04:06,458 [FATAL] Updater:351 - Updater called before beeing initialized
2025-07-10 16:04:06,458 [ERROR] CADModel:125 - Updater not yet initialized, retry later 
2025-07-10 16:04:06,655 [FATAL] Updater:351 - Updater called before beeing initialized
2025-07-10 16:04:06,657 [INFO] CADModel:165 - CPN selected for project level
2025-07-10 16:04:06,658 [INFO] CADModel:114 - Register for checkConnection events
2025-07-10 16:04:06,658 [FATAL] Updater:351 - Updater called before beeing initialized
2025-07-10 16:04:06,658 [ERROR] CADModel:125 - Updater not yet initialized, retry later 
2025-07-10 16:04:06,662 [FATAL] Updater:351 - Updater called before beeing initialized
2025-07-10 16:04:06,838 [FATAL] Updater:351 - Updater called before beeing initialized
2025-07-10 16:04:06,861 [INFO] DbMcusAds:53 - JSON generation date=Thu Jun 19 15:32:37 ICT 2025 (1750321957418)
2025-07-10 16:04:06,861 [FATAL] Updater:351 - Updater called before beeing initialized
2025-07-10 16:04:06,927 [WARN] DetailPanel:346 - Failed to get advertising image, set to default
2025-07-10 16:04:07,073 [FATAL] Updater:351 - Updater called before beeing initialized
2025-07-10 16:04:07,076 [FATAL] Updater:351 - Updater called before beeing initialized
2025-07-10 16:04:07,076 [FATAL] Updater:351 - Updater called before beeing initialized
2025-07-10 16:04:07,076 [WARN] DetailPanel:346 - Failed to get advertising image, set to default
2025-07-10 16:04:07,078 [FATAL] Updater:351 - Updater called before beeing initialized
2025-07-10 16:04:07,171 [ERROR] Updater:1198 - MainUpdater not yet initialized. External WinMGr cannot be set.
2025-07-10 16:04:07,188 [INFO] Updater:1134 - Updater Version found : 6.15.0
2025-07-10 16:04:07,216 [INFO] ApplicationProperties:184 - Using Application install path: C:\ST\STM32CubeIDE_1.19.0\STM32CubeIDE\plugins\com.st.stm32cube.common.mx_6.15.0.202507011659
2025-07-10 16:04:07,712 [INFO] ThirdPartyUpdaterWithRetryManager:70 - Updater plugin not ready yet. [3/15]
2025-07-10 16:04:07,731 [INFO] MainUpdater:2872 - connection check result : 10
2025-07-10 16:04:07,732 [INFO] MainUpdater:289 - Updater Check For Update Now.
2025-07-10 16:04:07,733 [INFO] MicroXplorer:498 - Change Database Version : DB.6.0.150
2025-07-10 16:04:07,767 [INFO] McuFinderGlobals:63 - Set McuFinder mode to 2 (CubeIDE integrated)
2025-07-10 16:04:07,767 [INFO] UserAuth:171 - activating auth plugin
2025-07-10 16:04:07,772 [INFO] UserAuth:487 - Internet connection configuration mode: 1
2025-07-10 16:04:07,820 [INFO] JxBrowserEngine:152 - Initiate JxBrowser Engine with user profile folder
2025-07-10 16:04:08,069 [INFO] CheckServerUpdateThread:120 - End of CheckServer Thread
2025-07-10 16:04:09,777 [INFO] WebApp:169 - Instantiating new browser for Auth
2025-07-10 16:04:10,632 [INFO] WebApp:463 - Apply proxy settings
2025-07-10 16:04:10,633 [INFO] WebApp:548 - Chromium requires no authentication
2025-07-10 16:04:10,644 [INFO] WebApp:491 - Direct internet connection detected
2025-07-10 16:04:10,672 [INFO] WebApp:900 - Register for checkConnection events
2025-07-10 16:04:10,672 [INFO] WebApp:463 - Apply proxy settings
2025-07-10 16:04:10,672 [INFO] WebApp:548 - Chromium requires no authentication
2025-07-10 16:04:10,673 [INFO] WebApp:491 - Direct internet connection detected
2025-07-10 16:04:10,875 [INFO] WebApp:191 - Connection restablished
2025-07-10 16:04:10,907 [INFO] WebApp:225 - Starting web application
2025-07-10 16:04:10,907 [INFO] WebApp:593 - Web application path used C:\ST\STM32CubeIDE_1.19.0\STM32CubeIDE\plugins\com.st.stm32cube.common.mx_6.15.0.202507011659\db\plugins\mcufinder\reactClient1\index.html
2025-07-10 16:04:11,075 [WARN] PackLoader:240 - Cannot read IP mode file for STMicroelectronics.FP-SNS-MOTENVWB1.1.4.0
2025-07-10 16:04:11,104 [WARN] PackLoader:240 - Cannot read IP mode file for STMicroelectronics.FP-ATR-ASTRA1.2.0.2
2025-07-10 16:04:11,132 [WARN] PackLoader:240 - Cannot read IP mode file for STMicroelectronics.X-CUBE-SMBUS.2.1.0
2025-07-10 16:04:11,153 [WARN] PackLoader:240 - Cannot read IP mode file for STMicroelectronics.X-CUBE-ST60.1.0.0
2025-07-10 16:04:11,216 [WARN] PackLoader:240 - Cannot read IP mode file for STMicroelectronics.X-CUBE-AZRTOS-F7.1.1.0
2025-07-10 16:04:11,508 [WARN] PackLoader:240 - Cannot read IP mode file for Infineon.AIROC-Wi-Fi-Bluetooth-STM32.1.7.1
2025-07-10 16:04:11,587 [WARN] PackLoader:240 - Cannot read IP mode file for STMicroelectronics.X-CUBE-AZRTOS-H7.3.4.0
2025-07-10 16:04:11,607 [WARN] PackLoader:240 - Cannot read IP mode file for STMicroelectronics.X-CUBE-DISPLAY.3.0.0
2025-07-10 16:04:11,628 [WARN] PackLoader:240 - Cannot read IP mode file for STMicroelectronics.X-CUBE-NFC10.1.0.0
2025-07-10 16:04:11,650 [WARN] PackLoader:240 - Cannot read IP mode file for STMicroelectronics.X-CUBE-BLEMGR.4.0.0
2025-07-10 16:04:11,662 [WARN] PackLoader:240 - Cannot read IP mode file for emotas.I-CUBE-CANOPEN.1.3.0
2025-07-10 16:04:11,668 [WARN] ConditionMgr:438 - getConditionDescription Invalid condition id : Cortex-A Device cause : null
2025-07-10 16:04:11,686 [WARN] ConditionMgr:1044 - genDependencies : Invalid condition id : Cortex-A Device cause : null
2025-07-10 16:04:11,687 [WARN] ConditionMgr:1044 - genDependencies : Invalid condition id : Cortex-A Device cause : null
2025-07-10 16:04:11,687 [WARN] ConditionMgr:1044 - genDependencies : Invalid condition id : Cortex-A Device cause : null
2025-07-10 16:04:11,692 [WARN] PackLoader:240 - Cannot read IP mode file for STMicroelectronics.FP-SNS-SMARTAG2.1.2.0
2025-07-10 16:04:11,698 [WARN] PackLoader:240 - Cannot read IP mode file for STMicroelectronics.FP-SNS-FLIGHT1.5.1.0
2025-07-10 16:04:11,708 [INFO] LogOutputStream:77 - [STDOUT_REDIRECT] 1 : Invalid condition id : UX_CORESTACK_Condition cause : null
2025-07-10 16:04:11,709 [INFO] LogOutputStream:77 - [STDOUT_REDIRECT] 1 : Invalid condition id : UX_CORESTACK_Condition cause : null
2025-07-10 16:04:11,711 [INFO] LogOutputStream:77 - [STDOUT_REDIRECT] 1 : Invalid condition id : UX_CORESTACK_Condition cause : null
2025-07-10 16:04:11,714 [INFO] LogOutputStream:77 - [STDOUT_REDIRECT] 1 : Invalid condition id : UX_CORESTACK_Condition cause : null
2025-07-10 16:04:11,715 [INFO] LogOutputStream:77 - [STDOUT_REDIRECT] 1 : Invalid condition id : UX_CORESTACK_Condition cause : null
2025-07-10 16:04:11,719 [WARN] PackLoader:240 - Cannot read IP mode file for STMicroelectronics.X-CUBE-AZRTOS-WL.2.0.0
2025-07-10 16:04:11,726 [WARN] PackLoader:240 - Cannot read IP mode file for STMicroelectronics.FP-SNS-MOTENV1.5.0.0
2025-07-10 16:04:11,737 [WARN] PackLoader:240 - Cannot read IP mode file for WES.I-CUBE-Cesium.1.3.0
2025-07-10 16:04:11,743 [WARN] PackLoader:240 - Cannot read IP mode file for STMicroelectronics.X-CUBE-BLE2.3.3.0
2025-07-10 16:04:11,752 [WARN] PackLoader:240 - Cannot read IP mode file for STMicroelectronics.X-CUBE-NFC9.1.0.0
2025-07-10 16:04:11,760 [WARN] PackLoader:240 - Cannot read IP mode file for wolfSSL.I-CUBE-wolfSSL.5.8.0
2025-07-10 16:04:11,767 [WARN] PackLoader:240 - Cannot read IP mode file for STMicroelectronics.X-CUBE-BLE1.7.1.0
2025-07-10 16:04:11,772 [WARN] PackLoader:240 - Cannot read IP mode file for wolfSSL.I-CUBE-wolfMQTT.1.19.2
2025-07-10 16:04:11,779 [WARN] PackLoader:240 - Cannot read IP mode file for STMicroelectronics.X-CUBE-AI.10.1.0
2025-07-10 16:04:11,795 [WARN] PackLoader:240 - Cannot read IP mode file for STMicroelectronics.X-CUBE-AZRTOS-G0.1.1.0
2025-07-10 16:04:11,806 [WARN] PackLoader:240 - Cannot read IP mode file for STMicroelectronics.X-CUBE-SAFEA1.1.2.2
2025-07-10 16:04:11,815 [WARN] PackLoader:240 - Cannot read IP mode file for STMicroelectronics.X-CUBE-NFC4.3.0.0
2025-07-10 16:04:11,832 [WARN] PackLoader:240 - Cannot read IP mode file for EmbeddedOffice.I-CUBE-FS-RTOS.1.0.1
2025-07-10 16:04:11,839 [WARN] PackLoader:240 - Cannot read IP mode file for STMicroelectronics.X-CUBE-WB05N.2.0.0
2025-07-10 16:04:11,845 [WARN] PackLoader:240 - Cannot read IP mode file for wolfSSL.I-CUBE-wolfTPM.3.8.0
2025-07-10 16:04:11,852 [WARN] PackLoader:240 - Cannot read IP mode file for STMicroelectronics.X-CUBE-TCPP.4.2.0
2025-07-10 16:04:11,859 [WARN] PackLoader:240 - Cannot read IP mode file for RealThread.X-CUBE-RT-Thread_Nano.4.1.1
2025-07-10 16:04:11,864 [WARN] PackLoader:240 - Cannot read IP mode file for STMicroelectronics.FP-ATR-SIGFOX1.3.2.0
2025-07-10 16:04:11,873 [WARN] PackLoader:240 - Cannot read IP mode file for STMicroelectronics.X-CUBE-EEPRMA1.5.1.0
2025-07-10 16:04:11,882 [WARN] PackLoader:240 - Cannot read IP mode file for ITTIA_DB.I-CUBE-ITTIADB.8.9.0
2025-07-10 16:04:11,897 [WARN] PackLoader:240 - Cannot read IP mode file for STMicroelectronics.X-CUBE-ST67W61.1.0.0
2025-07-10 16:04:11,938 [WARN] PackLoader:240 - Cannot read IP mode file for SEGGER.I-CUBE-embOS.1.3.1
2025-07-10 16:04:11,987 [WARN] PackLoader:240 - Cannot read IP mode file for STMicroelectronics.X-CUBE-ALGOBUILD.1.4.0
2025-07-10 16:04:12,054 [WARN] PackLoader:240 - Cannot read IP mode file for STMicroelectronics.X-CUBE-MEMS1.11.3.0
2025-07-10 16:04:12,212 [WARN] PackLoader:240 - Cannot read IP mode file for STMicroelectronics.X-CUBE-PM33A1.1.0.0
2025-07-10 16:04:12,231 [WARN] PackLoader:240 - Cannot read IP mode file for STMicroelectronics.X-CUBE-AZRTOS-F4.1.1.0
2025-07-10 16:04:12,238 [WARN] PackLoader:240 - Cannot read IP mode file for STMicroelectronics.X-CUBE-ISPU.2.1.0
2025-07-10 16:04:12,256 [WARN] PackLoader:240 - Cannot read IP mode file for STMicroelectronics.X-CUBE-AZRTOS-L5.2.0.0
2025-07-10 16:04:12,267 [WARN] PackLoader:240 - Cannot read IP mode file for STMicroelectronics.X-CUBE-NFC6.3.1.0
2025-07-10 16:04:12,277 [WARN] PackLoader:240 - Cannot read IP mode file for STMicroelectronics.X-CUBE-FREERTOS.1.3.1
2025-07-10 16:04:12,286 [WARN] PackLoader:240 - Cannot read IP mode file for STMicroelectronics.FP-SNS-STAIOTCFT.1.0.0
2025-07-10 16:04:12,293 [WARN] PackLoader:240 - Cannot read IP mode file for STMicroelectronics.X-CUBE-DPower.1.3.0
2025-07-10 16:04:12,331 [WARN] ConditionMgr:438 - getConditionDescription Invalid condition id : LAN8742 Phy interface Condition cause : null
2025-07-10 16:04:12,333 [WARN] PackLoader:240 - Cannot read IP mode file for STMicroelectronics.X-CUBE-AZRTOS-L4.2.0.0
2025-07-10 16:04:12,336 [WARN] ConditionMgr:1044 - genDependencies : Invalid condition id : LAN8742 Phy interface Condition cause : null
2025-07-10 16:04:12,337 [WARN] ConditionMgr:1044 - genDependencies : Invalid condition id : LAN8742 Phy interface Condition cause : null
2025-07-10 16:04:12,338 [WARN] ConditionMgr:1044 - genDependencies : Invalid condition id : LAN8742 Phy interface Condition cause : null
2025-07-10 16:04:12,354 [WARN] PackLoader:240 - Cannot read IP mode file for STMicroelectronics.X-CUBE-SFXS2LP1.4.0.0
2025-07-10 16:04:12,372 [WARN] ConditionMgr:438 - getConditionDescription Invalid condition id : UX DEVICE CLASS RTOS Condition cause : null
2025-07-10 16:04:12,372 [WARN] ConditionMgr:438 - getConditionDescription Invalid condition id : UX DEVICE CLASS RTOS Condition cause : null
2025-07-10 16:04:12,375 [WARN] PackLoader:240 - Cannot read IP mode file for STMicroelectronics.X-CUBE-AZRTOS-WB.2.0.0
2025-07-10 16:04:12,376 [WARN] ConditionMgr:1044 - genDependencies : Invalid condition id : UX DEVICE CLASS RTOS Condition cause : null
2025-07-10 16:04:12,376 [WARN] ConditionMgr:1044 - genDependencies : Invalid condition id : UX DEVICE CLASS RTOS Condition cause : null
2025-07-10 16:04:12,376 [WARN] ConditionMgr:1044 - genDependencies : Invalid condition id : UX DEVICE CLASS RTOS Condition cause : null
2025-07-10 16:04:12,377 [WARN] ConditionMgr:1044 - genDependencies : Invalid condition id : UX DEVICE CLASS RTOS Condition cause : null
2025-07-10 16:04:12,377 [WARN] ConditionMgr:1044 - genDependencies : Invalid condition id : UX DEVICE CLASS RTOS Condition cause : null
2025-07-10 16:04:12,384 [WARN] PackLoader:240 - Cannot read IP mode file for STMicroelectronics.X-CUBE-GNSS1.7.0.1
2025-07-10 16:04:12,392 [WARN] PackLoader:240 - Cannot read IP mode file for STMicroelectronics.X-CUBE-TOUCHGFX.4.25.0
2025-07-10 16:04:12,399 [WARN] PackLoader:240 - Cannot read IP mode file for STMicroelectronics.FP-SNS-STBOX1.2.0.0
2025-07-10 16:04:12,441 [WARN] PackLoader:240 - Cannot read IP mode file for STMicroelectronics.X-CUBE-SUBG2.5.0.0
2025-07-10 16:04:12,469 [WARN] PackLoader:240 - Cannot read IP mode file for STMicroelectronics.X-CUBE-AZRTOS-H7RS.1.1.0
2025-07-10 16:04:12,476 [WARN] PackLoader:240 - Cannot read IP mode file for Cesanta.I-CUBE-Mongoose.7.13.0
2025-07-10 16:04:12,490 [WARN] PackLoader:240 - Cannot read IP mode file for STMicroelectronics.X-CUBE-AZRTOS-G4.2.0.0
2025-07-10 16:04:12,496 [WARN] PackLoader:240 - Cannot read IP mode file for wolfSSL.I-CUBE-wolfSSH.1.4.20
2025-07-10 16:04:12,501 [WARN] PackLoader:240 - Cannot read IP mode file for STMicroelectronics.X-CUBE-NFC7.2.0.0
2025-07-10 16:04:12,514 [WARN] PackLoader:240 - Cannot read IP mode file for STMicroelectronics.X-CUBE-IPS.3.1.0
2025-07-10 16:04:12,525 [WARN] PackLoader:240 - Cannot read IP mode file for STMicroelectronics.X-CUBE-ALS.1.0.2
2025-07-10 16:04:12,531 [WARN] PackLoader:240 - Cannot read IP mode file for portGmbH.I-Cube-SoM-uGOAL.1.1.0
2025-07-10 16:04:12,543 [WARN] PackLoader:240 - Cannot read IP mode file for STMicroelectronics.X-CUBE-TOF1.3.4.3
2025-07-10 16:04:12,554 [INFO] ThirdParty:978 - Integrity check success = true
2025-07-10 16:04:12,554 [INFO] IntegrityCheckThread:100 - exiting critical section [integrity check]
2025-07-10 16:04:12,554 [INFO] IntegrityCheckThread:103 - End integrity checks thread
2025-07-10 22:12:58,928 [INFO] WebApp:194 - Connection lost
2025-07-10 22:12:59,029 [INFO] WebApp:191 - Connection restablished
2025-07-10 22:13:01,307 [INFO] WebApp:194 - Connection lost
2025-07-10 22:13:01,416 [INFO] WebApp:191 - Connection restablished
2025-07-10 22:14:40,904 [INFO] WebApp:194 - Connection lost
2025-07-10 22:14:41,016 [INFO] WebApp:191 - Connection restablished
2025-07-10 22:14:48,586 [INFO] WebApp:194 - Connection lost
2025-07-10 22:14:48,704 [INFO] WebApp:191 - Connection restablished
2025-07-10 23:29:23,833 [INFO] WebApp:403 - JxBrowser engine has been closed 
